{
    "train_accuracy": 0.9144494474007367,
    "train_accuracy_per_label": {
        ".": 0.9556818181818182,
        "ADJ": 0.8005952380952381,
        "ADP": 0.906764168190128,
        "ADV": 0.8730964467005076,
        "CONJ": 0.9316770186335404,
        "DET": 0.9694117647058823,
        "NOUN": 0.8833333333333333,
        "NUM": 0.8865248226950354,
        "PRON": 0.9745508982035929,
        "PRT": 0.8689320388349514,
        "VERB": 0.9389438943894389,
        "X": 0.9027982326951399,
        "<pad>": 0
    },
    "train_loss": 228.77008056640625,
    "validation_accuracy": 0.7973295183595612,
    "validation_accuracy_per_label": {
        ".": 0.9518072289156626,
        "ADJ": 0.5555555555555556,
        "ADP": 0.9205298013245033,
        "ADV": 0.689922480620155,
        "CONJ": 0.9285714285714286,
        "DET": 0.9538461538461539,
        "NOUN": 0.6092436974789915,
        "NUM": 0.7941176470588235,
        "PRON": 0.9479166666666666,
        "PRT": 0.8771929824561403,
        "VERB": 0.8022284122562674,
        "X": 0.8491620111731844,
        "<pad>": 0
    },
    "validation_loss": 394.8484802246094,
    "epoch_num": 39,
    "run_time": "0:02:43.506376"
}