{
    "train_accuracy": 0.908036567062355,
    "train_accuracy_per_label": {
        ".": 0.9556818181818182,
        "ADJ": 0.7708333333333334,
        "ADP": 0.906764168190128,
        "ADV": 0.8730964467005076,
        "CONJ": 0.9316770186335404,
        "DET": 0.9670588235294117,
        "NOUN": 0.868452380952381,
        "NUM": 0.8723404255319149,
        "PRON": 0.9745508982035929,
        "PRT": 0.8640776699029126,
        "VERB": 0.933993399339934,
        "X": 0.8998527245949927,
        "<pad>": 0
    },
    "train_loss": 252.90652465820312,
    "validation_accuracy": 0.7935145445875059,
    "validation_accuracy_per_label": {
        ".": 0.9518072289156626,
        "ADJ": 0.5555555555555556,
        "ADP": 0.9205298013245033,
        "ADV": 0.6744186046511628,
        "CONJ": 0.9285714285714286,
        "DET": 0.9538461538461539,
        "NOUN": 0.5987394957983193,
        "NUM": 0.7941176470588235,
        "PRON": 0.9479166666666666,
        "PRT": 0.8771929824561403,
        "VERB": 0.8022284122562674,
        "X": 0.8435754189944135,
        "<pad>": 0
    },
    "validation_loss": 406.03289794921875,
    "epoch_num": 36
}