{
    "train_accuracy": 0.3312866693955519,
    "train_accuracy_per_label": {
        ".": 0.5102272727272728,
        "ADJ": 0.13095238095238096,
        "ADP": 0.5283363802559415,
        "ADV": 0.10406091370558376,
        "CONJ": 0.055900621118012424,
        "DET": 0.3764705882352941,
        "NOUN": 0.04880952380952381,
        "NUM": 0.04964539007092199,
        "PRON": 0.6976047904191617,
        "PRT": 0.009708737864077669,
        "VERB": 0.5412541254125413,
        "X": 0.3284241531664212,
        "<pad>": 0
    },
    "train_loss": 1388.42529296875,
    "validation_accuracy": 0.3366714353838817,
    "validation_accuracy_per_label": {
        ".": 0.5983935742971888,
        "ADJ": 0.06060606060606061,
        "ADP": 0.5562913907284768,
        "ADV": 0.07751937984496124,
        "CONJ": 0.0,
        "DET": 0.3384615384615385,
        "NOUN": 0.05042016806722689,
        "NUM": 0.058823529411764705,
        "PRON": 0.703125,
        "PRT": 0.0,
        "VERB": 0.5403899721448467,
        "X": 0.3240223463687151,
        "<pad>": 0
    },
    "validation_loss": 1241.499267578125,
    "epoch_num": 3
}