{
    "train_accuracy": 0.08991676899986356,
    "train_accuracy_per_label": {
        ".": 0.04318181818181818,
        "ADJ": 0.38095238095238093,
        "ADP": 0.36745886654478976,
        "ADV": 0.04314720812182741,
        "CONJ": 0.024844720496894408,
        "DET": 0.03058823529411765,
        "NOUN": 0.0035714285714285713,
        "NUM": 0.1347517730496454,
        "PRON": 0.005988023952095809,
        "PRT": 0.024271844660194174,
        "VERB": 0.0165016501650165,
        "X": 0.3004418262150221,
        "<pad>": 0
    },
    "train_loss": 1659.071044921875,
    "validation_accuracy": 0.11969480209823558,
    "validation_accuracy_per_label": {
        ".": 0.12449799196787148,
        "ADJ": 0.3939393939393939,
        "ADP": 0.47019867549668876,
        "ADV": 0.03875968992248062,
        "CONJ": 0.0,
        "DET": 0.06923076923076923,
        "NOUN": 0.023109243697478993,
        "NUM": 0.20588235294117646,
        "PRON": 0.026041666666666668,
        "PRT": 0.0,
        "VERB": 0.04735376044568245,
        "X": 0.3128491620111732,
        "<pad>": 0
    },
    "validation_loss": 1458.8419189453125,
    "epoch_num": 0
}