{
    "train_accuracy": 0.8905717014599536,
    "train_accuracy_per_label": {
        ".": 0.9545454545454546,
        "ADJ": 0.7291666666666666,
        "ADP": 0.8957952468007313,
        "ADV": 0.8527918781725888,
        "CONJ": 0.9192546583850931,
        "DET": 0.9670588235294117,
        "NOUN": 0.8327380952380953,
        "NUM": 0.8439716312056738,
        "PRON": 0.9700598802395209,
        "PRT": 0.8592233009708737,
        "VERB": 0.9158415841584159,
        "X": 0.8895434462444771,
        "<pad>": 0
    },
    "train_loss": 307.02850341796875,
    "validation_accuracy": 0.7844539818788746,
    "validation_accuracy_per_label": {
        ".": 0.9518072289156626,
        "ADJ": 0.48484848484848486,
        "ADP": 0.9205298013245033,
        "ADV": 0.6511627906976745,
        "CONJ": 0.9047619047619048,
        "DET": 0.9461538461538461,
        "NOUN": 0.5882352941176471,
        "NUM": 0.7647058823529411,
        "PRON": 0.9479166666666666,
        "PRT": 0.8771929824561403,
        "VERB": 0.7994428969359332,
        "X": 0.8435754189944135,
        "<pad>": 0
    },
    "validation_loss": 433.7696838378906,
    "epoch_num": 31
}