{
    "train_accuracy": 0.826988675126211,
    "train_accuracy_per_label": {
        ".": 0.9534090909090909,
        "ADJ": 0.5238095238095238,
        "ADP": 0.8391224862888482,
        "ADV": 0.7309644670050761,
        "CONJ": 0.8136645962732919,
        "DET": 0.9482352941176471,
        "NOUN": 0.7291666666666666,
        "NUM": 0.7730496453900709,
        "PRON": 0.9520958083832335,
        "PRT": 0.8203883495145631,
        "VERB": 0.8556105610561056,
        "X": 0.8674521354933726,
        "<pad>": 0
    },
    "train_loss": 477.8903503417969,
    "validation_accuracy": 0.7520267048164044,
    "validation_accuracy_per_label": {
        ".": 0.9477911646586346,
        "ADJ": 0.41414141414141414,
        "ADP": 0.8211920529801324,
        "ADV": 0.5968992248062015,
        "CONJ": 0.8571428571428571,
        "DET": 0.9153846153846154,
        "NOUN": 0.5546218487394958,
        "NUM": 0.6764705882352942,
        "PRON": 0.9479166666666666,
        "PRT": 0.8421052631578947,
        "VERB": 0.7771587743732591,
        "X": 0.8268156424581006,
        "<pad>": 0
    },
    "validation_loss": 537.3157958984375,
    "epoch_num": 22
}