{
    "train_accuracy": 0.18392686587528995,
    "train_accuracy_per_label": {
        ".": 0.225,
        "ADJ": 0.3541666666666667,
        "ADP": 0.4844606946983547,
        "ADV": 0.09644670050761421,
        "CONJ": 0.049689440993788817,
        "DET": 0.1223529411764706,
        "NOUN": 0.017261904761904763,
        "NUM": 0.0851063829787234,
        "PRON": 0.23502994011976047,
        "PRT": 0.024271844660194174,
        "VERB": 0.19884488448844884,
        "X": 0.32989690721649484,
        "<pad>": 0
    },
    "train_loss": 1554.8675537109375,
    "validation_accuracy": 0.23605150214592274,
    "validation_accuracy_per_label": {
        ".": 0.3895582329317269,
        "ADJ": 0.18181818181818182,
        "ADP": 0.4304635761589404,
        "ADV": 0.10077519379844961,
        "CONJ": 0.023809523809523808,
        "DET": 0.16153846153846155,
        "NOUN": 0.03571428571428571,
        "NUM": 0.20588235294117646,
        "PRON": 0.4739583333333333,
        "PRT": 0.017543859649122806,
        "VERB": 0.3398328690807799,
        "X": 0.2346368715083799,
        "<pad>": 0
    },
    "validation_loss": 1374.8658447265625,
    "epoch_num": 1
}