{
    "train_accuracy": 0.5984445354072861,
    "train_accuracy_per_label": {
        ".": 0.928409090909091,
        "ADJ": 0.13690476190476192,
        "ADP": 0.7404021937842779,
        "ADV": 0.20050761421319796,
        "CONJ": 0.5217391304347826,
        "DET": 0.8235294117647058,
        "NOUN": 0.42023809523809524,
        "NUM": 0.24113475177304963,
        "PRON": 0.8847305389221557,
        "PRT": 0.06796116504854369,
        "VERB": 0.731023102310231,
        "X": 0.5508100147275405,
        "<pad>": 0
    },
    "train_loss": 919.5923461914062,
    "validation_accuracy": 0.5655698617072008,
    "validation_accuracy_per_label": {
        ".": 0.9317269076305221,
        "ADJ": 0.1111111111111111,
        "ADP": 0.7615894039735099,
        "ADV": 0.17829457364341086,
        "CONJ": 0.35714285714285715,
        "DET": 0.7846153846153846,
        "NOUN": 0.3739495798319328,
        "NUM": 0.17647058823529413,
        "PRON": 0.828125,
        "PRT": 0.12280701754385964,
        "VERB": 0.6908077994428969,
        "X": 0.5027932960893855,
        "<pad>": 0
    },
    "validation_loss": 860.6173706054688,
    "epoch_num": 11
}