{
    "train_accuracy": 0.6524764633647155,
    "train_accuracy_per_label": {
        ".": 0.9420454545454545,
        "ADJ": 0.19345238095238096,
        "ADP": 0.7568555758683729,
        "ADV": 0.27918781725888325,
        "CONJ": 0.6211180124223602,
        "DET": 0.8588235294117647,
        "NOUN": 0.5053571428571428,
        "NUM": 0.3404255319148936,
        "PRON": 0.8937125748502994,
        "PRT": 0.3058252427184466,
        "VERB": 0.7574257425742574,
        "X": 0.6244477172312224,
        "<pad>": 0
    },
    "train_loss": 818.063720703125,
    "validation_accuracy": 0.6185026227944683,
    "validation_accuracy_per_label": {
        ".": 0.9437751004016064,
        "ADJ": 0.12121212121212122,
        "ADP": 0.7615894039735099,
        "ADV": 0.2713178294573643,
        "CONJ": 0.5,
        "DET": 0.7923076923076923,
        "NOUN": 0.4432773109243697,
        "NUM": 0.29411764705882354,
        "PRON": 0.859375,
        "PRT": 0.38596491228070173,
        "VERB": 0.7158774373259053,
        "X": 0.6201117318435754,
        "<pad>": 0
    },
    "validation_loss": 781.7074584960938,
    "epoch_num": 13
}