{
    "train_accuracy": 0.8950743621230727,
    "train_accuracy_per_label": {
        ".": 0.9556818181818182,
        "ADJ": 0.7380952380952381,
        "ADP": 0.9012797074954296,
        "ADV": 0.8654822335025381,
        "CONJ": 0.9192546583850931,
        "DET": 0.9670588235294117,
        "NOUN": 0.8392857142857143,
        "NUM": 0.8439716312056738,
        "PRON": 0.9715568862275449,
        "PRT": 0.8592233009708737,
        "VERB": 0.9207920792079208,
        "X": 0.8939617083946981,
        "<pad>": 0
    },
    "train_loss": 294.5115966796875,
    "validation_accuracy": 0.7858845970433953,
    "validation_accuracy_per_label": {
        ".": 0.9518072289156626,
        "ADJ": 0.494949494949495,
        "ADP": 0.9205298013245033,
        "ADV": 0.6511627906976745,
        "CONJ": 0.9285714285714286,
        "DET": 0.9461538461538461,
        "NOUN": 0.5882352941176471,
        "NUM": 0.7647058823529411,
        "PRON": 0.9479166666666666,
        "PRT": 0.8771929824561403,
        "VERB": 0.7994428969359332,
        "X": 0.8491620111731844,
        "<pad>": 0
    },
    "validation_loss": 427.0710754394531,
    "epoch_num": 32
}