{
    "train_accuracy": 0.886887706371947,
    "train_accuracy_per_label": {
        ".": 0.9545454545454546,
        "ADJ": 0.7172619047619048,
        "ADP": 0.8903107861060329,
        "ADV": 0.8451776649746193,
        "CONJ": 0.9130434782608695,
        "DET": 0.9647058823529412,
        "NOUN": 0.8273809523809523,
        "NUM": 0.8439716312056738,
        "PRON": 0.9700598802395209,
        "PRT": 0.8592233009708737,
        "VERB": 0.9125412541254125,
        "X": 0.8865979381443299,
        "<pad>": 0
    },
    "train_loss": 320.5497131347656,
    "validation_accuracy": 0.7825464949928469,
    "validation_accuracy_per_label": {
        ".": 0.9518072289156626,
        "ADJ": 0.47474747474747475,
        "ADP": 0.9205298013245033,
        "ADV": 0.6434108527131783,
        "CONJ": 0.9047619047619048,
        "DET": 0.9538461538461539,
        "NOUN": 0.5861344537815126,
        "NUM": 0.7647058823529411,
        "PRON": 0.9479166666666666,
        "PRT": 0.8771929824561403,
        "VERB": 0.7938718662952646,
        "X": 0.8435754189944135,
        "<pad>": 0
    },
    "validation_loss": 441.17388916015625,
    "epoch_num": 30
}