{
    "train_accuracy": 0.47769136307818255,
    "train_accuracy_per_label": {
        ".": 0.803409090909091,
        "ADJ": 0.09523809523809523,
        "ADP": 0.6782449725776966,
        "ADV": 0.08375634517766498,
        "CONJ": 0.12422360248447205,
        "DET": 0.7294117647058823,
        "NOUN": 0.18273809523809523,
        "NUM": 0.0851063829787234,
        "PRON": 0.8293413173652695,
        "PRT": 0.009708737864077669,
        "VERB": 0.6765676567656765,
        "X": 0.49042709867452133,
        "<pad>": 0
    },
    "train_loss": 1138.985595703125,
    "validation_accuracy": 0.4682880305197902,
    "validation_accuracy_per_label": {
        ".": 0.8232931726907631,
        "ADJ": 0.09090909090909091,
        "ADP": 0.7417218543046358,
        "ADV": 0.06976744186046512,
        "CONJ": 0.11904761904761904,
        "DET": 0.7230769230769231,
        "NOUN": 0.1722689075630252,
        "NUM": 0.14705882352941177,
        "PRON": 0.8072916666666666,
        "PRT": 0.0,
        "VERB": 0.6239554317548747,
        "X": 0.4581005586592179,
        "<pad>": 0
    },
    "validation_loss": 1037.2509765625,
    "epoch_num": 7
}