{
    "train_accuracy": 0.5431846090871879,
    "train_accuracy_per_label": {
        ".": 0.8738636363636364,
        "ADJ": 0.11607142857142858,
        "ADP": 0.7221206581352834,
        "ADV": 0.12690355329949238,
        "CONJ": 0.30434782608695654,
        "DET": 0.7976470588235294,
        "NOUN": 0.3196428571428571,
        "NUM": 0.14893617021276595,
        "PRON": 0.8592814371257484,
        "PRT": 0.019417475728155338,
        "VERB": 0.6996699669966997,
        "X": 0.524300441826215,
        "<pad>": 0
    },
    "train_loss": 1026.99658203125,
    "validation_accuracy": 0.5207439198855508,
    "validation_accuracy_per_label": {
        ".": 0.8835341365461847,
        "ADJ": 0.1111111111111111,
        "ADP": 0.7549668874172185,
        "ADV": 0.10077519379844961,
        "CONJ": 0.21428571428571427,
        "DET": 0.7769230769230769,
        "NOUN": 0.29411764705882354,
        "NUM": 0.14705882352941177,
        "PRON": 0.828125,
        "PRT": 0.05263157894736842,
        "VERB": 0.649025069637883,
        "X": 0.4692737430167598,
        "<pad>": 0
    },
    "validation_loss": 946.2388916015625,
    "epoch_num": 9
}