{
    "train_accuracy": 0.7347523536635284,
    "train_accuracy_per_label": {
        ".": 0.946590909090909,
        "ADJ": 0.3125,
        "ADP": 0.7989031078610603,
        "ADV": 0.48223350253807107,
        "CONJ": 0.6894409937888198,
        "DET": 0.908235294117647,
        "NOUN": 0.6083333333333333,
        "NUM": 0.5531914893617021,
        "PRON": 0.9101796407185628,
        "PRT": 0.6067961165048543,
        "VERB": 0.7945544554455446,
        "X": 0.7761413843888071,
        "<pad>": 0
    },
    "train_loss": 681.6420288085938,
    "validation_accuracy": 0.675727229375298,
    "validation_accuracy_per_label": {
        ".": 0.9437751004016064,
        "ADJ": 0.16161616161616163,
        "ADP": 0.7880794701986755,
        "ADV": 0.4108527131782946,
        "CONJ": 0.5952380952380952,
        "DET": 0.8076923076923077,
        "NOUN": 0.49369747899159666,
        "NUM": 0.4411764705882353,
        "PRON": 0.9114583333333334,
        "PRT": 0.6491228070175439,
        "VERB": 0.7465181058495822,
        "X": 0.7486033519553073,
        "<pad>": 0
    },
    "validation_loss": 679.4840698242188,
    "epoch_num": 16
}