{
    "train_accuracy": 0.7699549733933688,
    "train_accuracy_per_label": {
        ".": 0.95,
        "ADJ": 0.3898809523809524,
        "ADP": 0.8171846435100548,
        "ADV": 0.5634517766497462,
        "CONJ": 0.7204968944099379,
        "DET": 0.9270588235294117,
        "NOUN": 0.6571428571428571,
        "NUM": 0.6099290780141844,
        "PRON": 0.9251497005988024,
        "PRT": 0.6990291262135923,
        "VERB": 0.8242574257425742,
        "X": 0.8041237113402062,
        "<pad>": 0
    },
    "train_loss": 603.4841918945312,
    "validation_accuracy": 0.703862660944206,
    "validation_accuracy_per_label": {
        ".": 0.9437751004016064,
        "ADJ": 0.2727272727272727,
        "ADP": 0.8079470198675497,
        "ADV": 0.4883720930232558,
        "CONJ": 0.6666666666666666,
        "DET": 0.8538461538461538,
        "NOUN": 0.5147058823529411,
        "NUM": 0.5,
        "PRON": 0.9166666666666666,
        "PRT": 0.7192982456140351,
        "VERB": 0.754874651810585,
        "X": 0.7821229050279329,
        "<pad>": 0
    },
    "validation_loss": 623.2291870117188,
    "epoch_num": 18
}