{
    "train_accuracy": 0.8696957292945832,
    "train_accuracy_per_label": {
        ".": 0.9545454545454546,
        "ADJ": 0.6607142857142857,
        "ADP": 0.8829981718464351,
        "ADV": 0.8147208121827412,
        "CONJ": 0.9006211180124224,
        "DET": 0.96,
        "NOUN": 0.794047619047619,
        "NUM": 0.8368794326241135,
        "PRON": 0.9640718562874252,
        "PRT": 0.8543689320388349,
        "VERB": 0.8976897689768977,
        "X": 0.8762886597938144,
        "<pad>": 0
    },
    "train_loss": 368.10888671875,
    "validation_accuracy": 0.7739628040057225,
    "validation_accuracy_per_label": {
        ".": 0.9518072289156626,
        "ADJ": 0.45454545454545453,
        "ADP": 0.9139072847682119,
        "ADV": 0.6201550387596899,
        "CONJ": 0.9047619047619048,
        "DET": 0.9384615384615385,
        "NOUN": 0.5777310924369747,
        "NUM": 0.7352941176470589,
        "PRON": 0.9479166666666666,
        "PRT": 0.8771929824561403,
        "VERB": 0.7855153203342619,
        "X": 0.8324022346368715,
        "<pad>": 0
    },
    "validation_loss": 468.46649169921875,
    "epoch_num": 27
}