{
    "train_accuracy": 0.9121298949379179,
    "train_accuracy_per_label": {
        ".": 0.9556818181818182,
        "ADJ": 0.7916666666666666,
        "ADP": 0.906764168190128,
        "ADV": 0.8730964467005076,
        "CONJ": 0.9316770186335404,
        "DET": 0.9694117647058823,
        "NOUN": 0.8767857142857143,
        "NUM": 0.8794326241134752,
        "PRON": 0.9745508982035929,
        "PRT": 0.8689320388349514,
        "VERB": 0.9381188118811881,
        "X": 0.9013254786450663,
        "<pad>": 0
    },
    "train_loss": 236.25198364257812,
    "validation_accuracy": 0.7963757749165474,
    "validation_accuracy_per_label": {
        ".": 0.9518072289156626,
        "ADJ": 0.5555555555555556,
        "ADP": 0.9205298013245033,
        "ADV": 0.6821705426356589,
        "CONJ": 0.9285714285714286,
        "DET": 0.9538461538461539,
        "NOUN": 0.6071428571428571,
        "NUM": 0.7941176470588235,
        "PRON": 0.9479166666666666,
        "PRT": 0.8771929824561403,
        "VERB": 0.8022284122562674,
        "X": 0.8491620111731844,
        "<pad>": 0
    },
    "validation_loss": 398.2243347167969,
    "epoch_num": 38
}