{
    "train_accuracy": 0.9032610178741984,
    "train_accuracy_per_label": {
        ".": 0.9556818181818182,
        "ADJ": 0.7708333333333334,
        "ADP": 0.903107861060329,
        "ADV": 0.8730964467005076,
        "CONJ": 0.9192546583850931,
        "DET": 0.9670588235294117,
        "NOUN": 0.8559523809523809,
        "NUM": 0.8723404255319149,
        "PRON": 0.9715568862275449,
        "PRT": 0.8592233009708737,
        "VERB": 0.929042904290429,
        "X": 0.898379970544919,
        "<pad>": 0
    },
    "train_loss": 272.1626892089844,
    "validation_accuracy": 0.7901764425369575,
    "validation_accuracy_per_label": {
        ".": 0.9518072289156626,
        "ADJ": 0.5353535353535354,
        "ADP": 0.9205298013245033,
        "ADV": 0.6744186046511628,
        "CONJ": 0.9285714285714286,
        "DET": 0.9538461538461539,
        "NOUN": 0.5903361344537815,
        "NUM": 0.7647058823529411,
        "PRON": 0.9479166666666666,
        "PRT": 0.8771929824561403,
        "VERB": 0.8022284122562674,
        "X": 0.8435754189944135,
        "<pad>": 0
    },
    "validation_loss": 415.5188293457031,
    "epoch_num": 34
}