{
    "train_accuracy": 0.7528994405785236,
    "train_accuracy_per_label": {
        ".": 0.946590909090909,
        "ADJ": 0.35119047619047616,
        "ADP": 0.8117001828153565,
        "ADV": 0.5279187817258884,
        "CONJ": 0.6956521739130435,
        "DET": 0.9152941176470588,
        "NOUN": 0.6392857142857142,
        "NUM": 0.5886524822695035,
        "PRON": 0.9161676646706587,
        "PRT": 0.6504854368932039,
        "VERB": 0.806930693069307,
        "X": 0.7849779086892489,
        "<pad>": 0
    },
    "train_loss": 641.2330322265625,
    "validation_accuracy": 0.6909871244635193,
    "validation_accuracy_per_label": {
        ".": 0.9437751004016064,
        "ADJ": 0.24242424242424243,
        "ADP": 0.8079470198675497,
        "ADV": 0.4418604651162791,
        "CONJ": 0.6190476190476191,
        "DET": 0.8307692307692308,
        "NOUN": 0.5,
        "NUM": 0.5,
        "PRON": 0.9114583333333334,
        "PRT": 0.6842105263157895,
        "VERB": 0.754874651810585,
        "X": 0.7653631284916201,
        "<pad>": 0
    },
    "validation_loss": 650.1654663085938,
    "epoch_num": 17
}