{
    "train_accuracy": 0.881839268658753,
    "train_accuracy_per_label": {
        ".": 0.9545454545454546,
        "ADJ": 0.7023809523809523,
        "ADP": 0.8848263254113345,
        "ADV": 0.8299492385786802,
        "CONJ": 0.9130434782608695,
        "DET": 0.9623529411764706,
        "NOUN": 0.8172619047619047,
        "NUM": 0.8368794326241135,
        "PRON": 0.968562874251497,
        "PRT": 0.8592233009708737,
        "VERB": 0.9117161716171617,
        "X": 0.8836524300441826,
        "<pad>": 0
    },
    "train_loss": 335.1678161621094,
    "validation_accuracy": 0.7792083929422985,
    "validation_accuracy_per_label": {
        ".": 0.9518072289156626,
        "ADJ": 0.46464646464646464,
        "ADP": 0.9205298013245033,
        "ADV": 0.6356589147286822,
        "CONJ": 0.9047619047619048,
        "DET": 0.9384615384615385,
        "NOUN": 0.5861344537815126,
        "NUM": 0.7647058823529411,
        "PRON": 0.9479166666666666,
        "PRT": 0.8771929824561403,
        "VERB": 0.7883008356545961,
        "X": 0.8379888268156425,
        "<pad>": 0
    },
    "validation_loss": 449.36602783203125,
    "epoch_num": 29
}