{
    "train_accuracy": 0.5719743484786465,
    "train_accuracy_per_label": {
        ".": 0.9056818181818181,
        "ADJ": 0.125,
        "ADP": 0.7330895795246801,
        "ADV": 0.14720812182741116,
        "CONJ": 0.422360248447205,
        "DET": 0.8070588235294117,
        "NOUN": 0.3738095238095238,
        "NUM": 0.18439716312056736,
        "PRON": 0.8802395209580839,
        "PRT": 0.038834951456310676,
        "VERB": 0.7161716171617162,
        "X": 0.5375552282768777,
        "<pad>": 0
    },
    "train_loss": 972.6795043945312,
    "validation_accuracy": 0.5431568907963757,
    "validation_accuracy_per_label": {
        ".": 0.9116465863453815,
        "ADJ": 0.1111111111111111,
        "ADP": 0.7549668874172185,
        "ADV": 0.13178294573643412,
        "CONJ": 0.30952380952380953,
        "DET": 0.7846153846153846,
        "NOUN": 0.33613445378151263,
        "NUM": 0.17647058823529413,
        "PRON": 0.8229166666666666,
        "PRT": 0.07017543859649122,
        "VERB": 0.6713091922005571,
        "X": 0.48044692737430167,
        "<pad>": 0
    },
    "validation_loss": 902.6972045898438,
    "epoch_num": 10
}