{
    "train_accuracy": 0.2776640742256788,
    "train_accuracy_per_label": {
        ".": 0.41704545454545455,
        "ADJ": 0.21726190476190477,
        "ADP": 0.4954296160877514,
        "ADV": 0.12690355329949238,
        "CONJ": 0.062111801242236024,
        "DET": 0.25176470588235295,
        "NOUN": 0.03273809523809524,
        "NUM": 0.07801418439716312,
        "PRON": 0.5553892215568862,
        "PRT": 0.009708737864077669,
        "VERB": 0.4405940594059406,
        "X": 0.2709867452135493,
        "<pad>": 0
    },
    "train_loss": 1465.489501953125,
    "validation_accuracy": 0.29756795422031473,
    "validation_accuracy_per_label": {
        ".": 0.5020080321285141,
        "ADJ": 0.08080808080808081,
        "ADP": 0.5364238410596026,
        "ADV": 0.07751937984496124,
        "CONJ": 0.0,
        "DET": 0.2692307692307692,
        "NOUN": 0.04201680672268908,
        "NUM": 0.08823529411764706,
        "PRON": 0.6302083333333334,
        "PRT": 0.0,
        "VERB": 0.46518105849582175,
        "X": 0.3016759776536313,
        "<pad>": 0
    },
    "validation_loss": 1303.384033203125,
    "epoch_num": 2
}