{
    "train_accuracy": 0.5124846500204666,
    "train_accuracy_per_label": {
        ".": 0.8420454545454545,
        "ADJ": 0.10416666666666667,
        "ADP": 0.7056672760511883,
        "ADV": 0.10406091370558376,
        "CONJ": 0.21739130434782608,
        "DET": 0.7741176470588236,
        "NOUN": 0.2505952380952381,
        "NUM": 0.1276595744680851,
        "PRON": 0.8398203592814372,
        "PRT": 0.009708737864077669,
        "VERB": 0.693069306930693,
        "X": 0.5110456553755522,
        "<pad>": 0
    },
    "train_loss": 1082.4185791015625,
    "validation_accuracy": 0.49976156413924655,
    "validation_accuracy_per_label": {
        ".": 0.8795180722891566,
        "ADJ": 0.09090909090909091,
        "ADP": 0.7549668874172185,
        "ADV": 0.09302325581395349,
        "CONJ": 0.16666666666666666,
        "DET": 0.7538461538461538,
        "NOUN": 0.23109243697478993,
        "NUM": 0.17647058823529413,
        "PRON": 0.8177083333333334,
        "PRT": 0.0,
        "VERB": 0.6462395543175488,
        "X": 0.4692737430167598,
        "<pad>": 0
    },
    "validation_loss": 991.1025390625,
    "epoch_num": 8
}