{
    "train_accuracy": 0.8163460226497475,
    "train_accuracy_per_label": {
        ".": 0.9534090909090909,
        "ADJ": 0.48214285714285715,
        "ADP": 0.8318098720292505,
        "ADV": 0.7030456852791879,
        "CONJ": 0.7701863354037267,
        "DET": 0.9411764705882353,
        "NOUN": 0.7148809523809524,
        "NUM": 0.7375886524822695,
        "PRON": 0.9476047904191617,
        "PRT": 0.8106796116504854,
        "VERB": 0.8531353135313532,
        "X": 0.8645066273932254,
        "<pad>": 0
    },
    "train_loss": 505.70062255859375,
    "validation_accuracy": 0.7420123986647592,
    "validation_accuracy_per_label": {
        ".": 0.9477911646586346,
        "ADJ": 0.3939393939393939,
        "ADP": 0.8211920529801324,
        "ADV": 0.5813953488372093,
        "CONJ": 0.7857142857142857,
        "DET": 0.9076923076923077,
        "NOUN": 0.542016806722689,
        "NUM": 0.6176470588235294,
        "PRON": 0.9479166666666666,
        "PRT": 0.8070175438596491,
        "VERB": 0.7715877437325905,
        "X": 0.8212290502793296,
        "<pad>": 0
    },
    "validation_loss": 555.7791748046875,
    "epoch_num": 21
}