{
    "train_accuracy": 0.44071496793559833,
    "train_accuracy_per_label": {
        ".": 0.7647727272727273,
        "ADJ": 0.09226190476190477,
        "ADP": 0.6508226691042047,
        "ADV": 0.08375634517766498,
        "CONJ": 0.11180124223602485,
        "DET": 0.6517647058823529,
        "NOUN": 0.12857142857142856,
        "NUM": 0.06382978723404255,
        "PRON": 0.812874251497006,
        "PRT": 0.009708737864077669,
        "VERB": 0.6567656765676567,
        "X": 0.406480117820324,
        "<pad>": 0
    },
    "train_loss": 1196.94482421875,
    "validation_accuracy": 0.4368144969003338,
    "validation_accuracy_per_label": {
        ".": 0.7710843373493976,
        "ADJ": 0.08080808080808081,
        "ADP": 0.7152317880794702,
        "ADV": 0.08527131782945736,
        "CONJ": 0.047619047619047616,
        "DET": 0.6230769230769231,
        "NOUN": 0.12184873949579832,
        "NUM": 0.08823529411764706,
        "PRON": 0.8020833333333334,
        "PRT": 0.0,
        "VERB": 0.6155988857938719,
        "X": 0.43575418994413406,
        "<pad>": 0
    },
    "validation_loss": 1084.81005859375,
    "epoch_num": 6
}