{
    "train_accuracy": 0.6837221994815118,
    "train_accuracy_per_label": {
        ".": 0.9431818181818182,
        "ADJ": 0.23511904761904762,
        "ADP": 0.7714808043875686,
        "ADV": 0.39086294416243655,
        "CONJ": 0.639751552795031,
        "DET": 0.8823529411764706,
        "NOUN": 0.55,
        "NUM": 0.425531914893617,
        "PRON": 0.8967065868263473,
        "PRT": 0.39805825242718446,
        "VERB": 0.768976897689769,
        "X": 0.6642120765832106,
        "<pad>": 0
    },
    "train_loss": 770.2150268554688,
    "validation_accuracy": 0.6356700047687173,
    "validation_accuracy_per_label": {
        ".": 0.9437751004016064,
        "ADJ": 0.12121212121212122,
        "ADP": 0.7748344370860927,
        "ADV": 0.31007751937984496,
        "CONJ": 0.5238095238095238,
        "DET": 0.8,
        "NOUN": 0.46638655462184875,
        "NUM": 0.35294117647058826,
        "PRON": 0.8697916666666666,
        "PRT": 0.5263157894736842,
        "VERB": 0.7186629526462396,
        "X": 0.6368715083798883,
        "<pad>": 0
    },
    "validation_loss": 745.3192138671875,
    "epoch_num": 14
}