{
    "train_accuracy": 0.6260062764360759,
    "train_accuracy_per_label": {
        ".": 0.9295454545454546,
        "ADJ": 0.15773809523809523,
        "ADP": 0.7458866544789763,
        "ADV": 0.2563451776649746,
        "CONJ": 0.6024844720496895,
        "DET": 0.8352941176470589,
        "NOUN": 0.46904761904761905,
        "NUM": 0.2765957446808511,
        "PRON": 0.8907185628742516,
        "PRT": 0.17475728155339806,
        "VERB": 0.7466996699669967,
        "X": 0.5787923416789397,
        "<pad>": 0
    },
    "train_loss": 867.9572143554688,
    "validation_accuracy": 0.5917978063900811,
    "validation_accuracy_per_label": {
        ".": 0.9397590361445783,
        "ADJ": 0.12121212121212122,
        "ADP": 0.7682119205298014,
        "ADV": 0.2248062015503876,
        "CONJ": 0.47619047619047616,
        "DET": 0.7846153846153846,
        "NOUN": 0.39915966386554624,
        "NUM": 0.2647058823529412,
        "PRON": 0.8333333333333334,
        "PRT": 0.2807017543859649,
        "VERB": 0.6991643454038997,
        "X": 0.5698324022346368,
        "<pad>": 0
    },
    "validation_loss": 820.2114868164062,
    "epoch_num": 12
}