{
    "train_accuracy": 0.789875835721108,
    "train_accuracy_per_label": {
        ".": 0.9522727272727273,
        "ADJ": 0.44047619047619047,
        "ADP": 0.8244972577696527,
        "ADV": 0.6294416243654822,
        "CONJ": 0.7267080745341615,
        "DET": 0.9270588235294117,
        "NOUN": 0.6726190476190477,
        "NUM": 0.6808510638297872,
        "PRON": 0.9311377245508982,
        "PRT": 0.7621359223300971,
        "VERB": 0.8374587458745875,
        "X": 0.8438880706921944,
        "<pad>": 0
    },
    "train_loss": 568.3701782226562,
    "validation_accuracy": 0.721030042918455,
    "validation_accuracy_per_label": {
        ".": 0.9477911646586346,
        "ADJ": 0.32323232323232326,
        "ADP": 0.8145695364238411,
        "ADV": 0.5348837209302325,
        "CONJ": 0.7619047619047619,
        "DET": 0.8692307692307693,
        "NOUN": 0.523109243697479,
        "NUM": 0.5588235294117647,
        "PRON": 0.921875,
        "PRT": 0.7543859649122807,
        "VERB": 0.7604456824512534,
        "X": 0.8156424581005587,
        "<pad>": 0
    },
    "validation_loss": 598.5956420898438,
    "epoch_num": 19
}