{
    "train_accuracy": 0.7119661618228953,
    "train_accuracy_per_label": {
        ".": 0.9443181818181818,
        "ADJ": 0.26785714285714285,
        "ADP": 0.7806215722120659,
        "ADV": 0.4467005076142132,
        "CONJ": 0.6770186335403726,
        "DET": 0.9011764705882352,
        "NOUN": 0.5761904761904761,
        "NUM": 0.49645390070921985,
        "PRON": 0.9026946107784432,
        "PRT": 0.529126213592233,
        "VERB": 0.7871287128712872,
        "X": 0.7334315169366715,
        "<pad>": 0
    },
    "train_loss": 724.6774291992188,
    "validation_accuracy": 0.6595135908440629,
    "validation_accuracy_per_label": {
        ".": 0.9437751004016064,
        "ADJ": 0.1414141414141414,
        "ADP": 0.7748344370860927,
        "ADV": 0.3643410852713178,
        "CONJ": 0.5476190476190477,
        "DET": 0.8,
        "NOUN": 0.4789915966386555,
        "NUM": 0.38235294117647056,
        "PRON": 0.90625,
        "PRT": 0.6140350877192983,
        "VERB": 0.7353760445682451,
        "X": 0.7206703910614525,
        "<pad>": 0
    },
    "validation_loss": 711.2124633789062,
    "epoch_num": 15
}