{
    "train_accuracy": 0.8387228817028244,
    "train_accuracy_per_label": {
        ".": 0.9534090909090909,
        "ADJ": 0.5416666666666666,
        "ADP": 0.8482632541133455,
        "ADV": 0.7588832487309645,
        "CONJ": 0.8757763975155279,
        "DET": 0.9505882352941176,
        "NOUN": 0.7476190476190476,
        "NUM": 0.7872340425531915,
        "PRON": 0.9520958083832335,
        "PRT": 0.8252427184466019,
        "VERB": 0.8712871287128713,
        "X": 0.8674521354933726,
        "<pad>": 0
    },
    "train_loss": 452.2362976074219,
    "validation_accuracy": 0.7591797806390082,
    "validation_accuracy_per_label": {
        ".": 0.9477911646586346,
        "ADJ": 0.4444444444444444,
        "ADP": 0.8675496688741722,
        "ADV": 0.6046511627906976,
        "CONJ": 0.8571428571428571,
        "DET": 0.9153846153846154,
        "NOUN": 0.5588235294117647,
        "NUM": 0.6764705882352942,
        "PRON": 0.9479166666666666,
        "PRT": 0.8596491228070176,
        "VERB": 0.7799442896935933,
        "X": 0.8268156424581006,
        "<pad>": 0
    },
    "validation_loss": 520.61328125,
    "epoch_num": 23
}