{
    "train_accuracy": 0.8621912948560513,
    "train_accuracy_per_label": {
        ".": 0.9545454545454546,
        "ADJ": 0.6339285714285714,
        "ADP": 0.8738574040219378,
        "ADV": 0.8020304568527918,
        "CONJ": 0.9006211180124224,
        "DET": 0.9576470588235294,
        "NOUN": 0.7803571428571429,
        "NUM": 0.8297872340425532,
        "PRON": 0.9610778443113772,
        "PRT": 0.8543689320388349,
        "VERB": 0.8927392739273927,
        "X": 0.8718703976435935,
        "<pad>": 0
    },
    "train_loss": 386.662109375,
    "validation_accuracy": 0.7725321888412017,
    "validation_accuracy_per_label": {
        ".": 0.9518072289156626,
        "ADJ": 0.45454545454545453,
        "ADP": 0.9139072847682119,
        "ADV": 0.6201550387596899,
        "CONJ": 0.9047619047619048,
        "DET": 0.9384615384615385,
        "NOUN": 0.5714285714285714,
        "NUM": 0.7352941176470589,
        "PRON": 0.9479166666666666,
        "PRT": 0.8771929824561403,
        "VERB": 0.7855153203342619,
        "X": 0.8324022346368715,
        "<pad>": 0
    },
    "validation_loss": 479.5789489746094,
    "epoch_num": 26
}