{
    "train_accuracy": 0.8754263883203711,
    "train_accuracy_per_label": {
        ".": 0.9545454545454546,
        "ADJ": 0.6726190476190477,
        "ADP": 0.8848263254113345,
        "ADV": 0.8248730964467005,
        "CONJ": 0.9006211180124224,
        "DET": 0.9623529411764706,
        "NOUN": 0.8041666666666667,
        "NUM": 0.8297872340425532,
        "PRON": 0.9655688622754491,
        "PRT": 0.8592233009708737,
        "VERB": 0.9067656765676567,
        "X": 0.8807069219440353,
        "<pad>": 0
    },
    "train_loss": 350.9840393066406,
    "validation_accuracy": 0.7777777777777778,
    "validation_accuracy_per_label": {
        ".": 0.9518072289156626,
        "ADJ": 0.46464646464646464,
        "ADP": 0.9205298013245033,
        "ADV": 0.6356589147286822,
        "CONJ": 0.9047619047619048,
        "DET": 0.9384615384615385,
        "NOUN": 0.5798319327731093,
        "NUM": 0.7647058823529411,
        "PRON": 0.9479166666666666,
        "PRT": 0.8771929824561403,
        "VERB": 0.7883008356545961,
        "X": 0.8379888268156425,
        "<pad>": 0
    },
    "validation_loss": 458.43048095703125,
    "epoch_num": 28
}