{
    "train_accuracy": 0.9055805703370173,
    "train_accuracy_per_label": {
        ".": 0.9556818181818182,
        "ADJ": 0.7678571428571429,
        "ADP": 0.9049360146252285,
        "ADV": 0.8730964467005076,
        "CONJ": 0.9254658385093167,
        "DET": 0.9670588235294117,
        "NOUN": 0.861904761904762,
        "NUM": 0.8723404255319149,
        "PRON": 0.9715568862275449,
        "PRT": 0.8640776699029126,
        "VERB": 0.9331683168316832,
        "X": 0.898379970544919,
        "<pad>": 0
    },
    "train_loss": 262.181396484375,
    "validation_accuracy": 0.7920839294229852,
    "validation_accuracy_per_label": {
        ".": 0.9518072289156626,
        "ADJ": 0.5454545454545454,
        "ADP": 0.9205298013245033,
        "ADV": 0.6744186046511628,
        "CONJ": 0.9285714285714286,
        "DET": 0.9538461538461539,
        "NOUN": 0.5945378151260504,
        "NUM": 0.7647058823529411,
        "PRON": 0.9479166666666666,
        "PRT": 0.8771929824561403,
        "VERB": 0.8050139275766016,
        "X": 0.8435754189944135,
        "<pad>": 0
    },
    "validation_loss": 410.5441589355469,
    "epoch_num": 35
}