{
    "train_accuracy": 0.4078319006685769,
    "train_accuracy_per_label": {
        ".": 0.6988636363636364,
        "ADJ": 0.09523809523809523,
        "ADP": 0.5959780621572212,
        "ADV": 0.08629441624365482,
        "CONJ": 0.10559006211180125,
        "DET": 0.5764705882352941,
        "NOUN": 0.09345238095238095,
        "NUM": 0.0425531914893617,
        "PRON": 0.7889221556886228,
        "PRT": 0.009708737864077669,
        "VERB": 0.6320132013201321,
        "X": 0.3858615611192931,
        "<pad>": 0
    },
    "train_loss": 1256.892822265625,
    "validation_accuracy": 0.39628040057224606,
    "validation_accuracy_per_label": {
        ".": 0.7389558232931727,
        "ADJ": 0.050505050505050504,
        "ADP": 0.6754966887417219,
        "ADV": 0.07751937984496124,
        "CONJ": 0.023809523809523808,
        "DET": 0.5,
        "NOUN": 0.08403361344537816,
        "NUM": 0.08823529411764706,
        "PRON": 0.7604166666666666,
        "PRT": 0.0,
        "VERB": 0.5988857938718662,
        "X": 0.33519553072625696,
        "<pad>": 0
    },
    "validation_loss": 1134.1156005859375,
    "epoch_num": 5
}