{
    "train_accuracy": 0.8065220357483968,
    "train_accuracy_per_label": {
        ".": 0.9534090909090909,
        "ADJ": 0.4583333333333333,
        "ADP": 0.829981718464351,
        "ADV": 0.6878172588832487,
        "CONJ": 0.7577639751552795,
        "DET": 0.9364705882352942,
        "NOUN": 0.6952380952380952,
        "NUM": 0.7163120567375887,
        "PRON": 0.9431137724550899,
        "PRT": 0.7864077669902912,
        "VERB": 0.8465346534653465,
        "X": 0.8630338733431517,
        "<pad>": 0
    },
    "train_loss": 535.81298828125,
    "validation_accuracy": 0.7310443490701002,
    "validation_accuracy_per_label": {
        ".": 0.9477911646586346,
        "ADJ": 0.35353535353535354,
        "ADP": 0.8145695364238411,
        "ADV": 0.5581395348837209,
        "CONJ": 0.7857142857142857,
        "DET": 0.8923076923076924,
        "NOUN": 0.5294117647058824,
        "NUM": 0.5588235294117647,
        "PRON": 0.9375,
        "PRT": 0.7894736842105263,
        "VERB": 0.7688022284122563,
        "X": 0.8156424581005587,
        "<pad>": 0
    },
    "validation_loss": 576.1566162109375,
    "epoch_num": 20
}