{
    "train_accuracy": 0.8482739800791377,
    "train_accuracy_per_label": {
        ".": 0.9534090909090909,
        "ADJ": 0.5803571428571429,
        "ADP": 0.8628884826325411,
        "ADV": 0.7868020304568528,
        "CONJ": 0.8881987577639752,
        "DET": 0.9529411764705882,
        "NOUN": 0.7571428571428571,
        "NUM": 0.8156028368794326,
        "PRON": 0.9565868263473054,
        "PRT": 0.8398058252427184,
        "VERB": 0.8778877887788779,
        "X": 0.8689248895434463,
        "<pad>": 0
    },
    "train_loss": 428.58154296875,
    "validation_accuracy": 0.7677634716261326,
    "validation_accuracy_per_label": {
        ".": 0.9477911646586346,
        "ADJ": 0.45454545454545453,
        "ADP": 0.8940397350993378,
        "ADV": 0.6124031007751938,
        "CONJ": 0.9047619047619048,
        "DET": 0.9230769230769231,
        "NOUN": 0.5651260504201681,
        "NUM": 0.7352941176470589,
        "PRON": 0.953125,
        "PRT": 0.8771929824561403,
        "VERB": 0.7827298050139275,
        "X": 0.8324022346368715,
        "<pad>": 0
    },
    "validation_loss": 505.51873779296875,
    "epoch_num": 24
}