{
    "train_accuracy": 0.36799017601309864,
    "train_accuracy_per_label": {
        ".": 0.6056818181818182,
        "ADJ": 0.09821428571428571,
        "ADP": 0.5539305301645339,
        "ADV": 0.09137055837563451,
        "CONJ": 0.055900621118012424,
        "DET": 0.47058823529411764,
        "NOUN": 0.06607142857142857,
        "NUM": 0.014184397163120567,
        "PRON": 0.7425149700598802,
        "PRT": 0.009708737864077669,
        "VERB": 0.5973597359735974,
        "X": 0.36524300441826213,
        "<pad>": 0
    },
    "train_loss": 1320.0008544921875,
    "validation_accuracy": 0.36671435383881734,
    "validation_accuracy_per_label": {
        ".": 0.6666666666666666,
        "ADJ": 0.06060606060606061,
        "ADP": 0.609271523178808,
        "ADV": 0.06201550387596899,
        "CONJ": 0.023809523809523808,
        "DET": 0.4307692307692308,
        "NOUN": 0.058823529411764705,
        "NUM": 0.058823529411764705,
        "PRON": 0.7447916666666666,
        "PRT": 0.0,
        "VERB": 0.5793871866295265,
        "X": 0.329608938547486,
        "<pad>": 0
    },
    "validation_loss": 1185.884521484375,
    "epoch_num": 4
}