{
    "train_accuracy": 0.9001227998362669,
    "train_accuracy_per_label": {
        ".": 0.9556818181818182,
        "ADJ": 0.7529761904761905,
        "ADP": 0.9012797074954296,
        "ADV": 0.8730964467005076,
        "CONJ": 0.9192546583850931,
        "DET": 0.9670588235294117,
        "NOUN": 0.8494047619047619,
        "NUM": 0.8652482269503546,
        "PRON": 0.9715568862275449,
        "PRT": 0.8592233009708737,
        "VERB": 0.9265676567656765,
        "X": 0.8969072164948454,
        "<pad>": 0
    },
    "train_loss": 282.91595458984375,
    "validation_accuracy": 0.7882689556509299,
    "validation_accuracy_per_label": {
        ".": 0.9518072289156626,
        "ADJ": 0.5050505050505051,
        "ADP": 0.9205298013245033,
        "ADV": 0.6666666666666666,
        "CONJ": 0.9285714285714286,
        "DET": 0.9538461538461539,
        "NOUN": 0.5882352941176471,
        "NUM": 0.7647058823529411,
        "PRON": 0.9479166666666666,
        "PRT": 0.8771929824561403,
        "VERB": 0.8022284122562674,
        "X": 0.8491620111731844,
        "<pad>": 0
    },
    "validation_loss": 421.0089416503906,
    "epoch_num": 33
}