{
    "train_accuracy": 0.909810342475099,
    "train_accuracy_per_label": {
        ".": 0.9556818181818182,
        "ADJ": 0.7767857142857143,
        "ADP": 0.906764168190128,
        "ADV": 0.8730964467005076,
        "CONJ": 0.9316770186335404,
        "DET": 0.9694117647058823,
        "NOUN": 0.8732142857142857,
        "NUM": 0.8723404255319149,
        "PRON": 0.9745508982035929,
        "PRT": 0.8689320388349514,
        "VERB": 0.933993399339934,
        "X": 0.9013254786450663,
        "<pad>": 0
    },
    "train_loss": 244.2825469970703,
    "validation_accuracy": 0.7954220314735336,
    "validation_accuracy_per_label": {
        ".": 0.9518072289156626,
        "ADJ": 0.5555555555555556,
        "ADP": 0.9205298013245033,
        "ADV": 0.6744186046511628,
        "CONJ": 0.9285714285714286,
        "DET": 0.9538461538461539,
        "NOUN": 0.6029411764705882,
        "NUM": 0.7941176470588235,
        "PRON": 0.9479166666666666,
        "PRT": 0.8771929824561403,
        "VERB": 0.8050139275766016,
        "X": 0.8491620111731844,
        "<pad>": 0
    },
    "validation_loss": 401.9407653808594,
    "epoch_num": 37
}