{
    "train_accuracy": 0.855505525992632,
    "train_accuracy_per_label": {
        ".": 0.9534090909090909,
        "ADJ": 0.5982142857142857,
        "ADP": 0.8665447897623401,
        "ADV": 0.7944162436548223,
        "CONJ": 0.9006211180124224,
        "DET": 0.9552941176470588,
        "NOUN": 0.7720238095238096,
        "NUM": 0.8226950354609929,
        "PRON": 0.9595808383233533,
        "PRT": 0.8446601941747572,
        "VERB": 0.8853135313531353,
        "X": 0.8703976435935199,
        "<pad>": 0
    },
    "train_loss": 406.7734680175781,
    "validation_accuracy": 0.7696709585121603,
    "validation_accuracy_per_label": {
        ".": 0.9477911646586346,
        "ADJ": 0.46464646464646464,
        "ADP": 0.9006622516556292,
        "ADV": 0.6201550387596899,
        "CONJ": 0.9047619047619048,
        "DET": 0.9307692307692308,
        "NOUN": 0.5651260504201681,
        "NUM": 0.7352941176470589,
        "PRON": 0.9479166666666666,
        "PRT": 0.8771929824561403,
        "VERB": 0.7855153203342619,
        "X": 0.8324022346368715,
        "<pad>": 0
    },
    "validation_loss": 491.88775634765625,
    "epoch_num": 25
}