{
    "train_accuracy": 0.46418338108882523,
    "train_accuracy_per_label": {
        ".": 0.7102272727272727,
        "ADJ": 0.002976190476190476,
        "ADP": 0.08409506398537477,
        "ADV": 0.09137055837563451,
        "CONJ": 0.12422360248447205,
        "DET": 0.6376470588235295,
        "NOUN": 0.8964285714285715,
        "NUM": 0.0,
        "PRON": 0.38023952095808383,
        "PRT": 0.4368932038834951,
        "VERB": 0.3655115511551155,
        "X": 0.16200294550810015,
        "<pad>": 0
    },
    "train_loss": 1028.1287841796875,
    "validation_accuracy": 0.46542680019074867,
    "validation_accuracy_per_label": {
        ".": 0.7108433734939759,
        "ADJ": 0.0,
        "ADP": 0.09271523178807947,
        "ADV": 0.06201550387596899,
        "CONJ": 0.23809523809523808,
        "DET": 0.6307692307692307,
        "NOUN": 0.9495798319327731,
        "NUM": 0.0,
        "PRON": 0.3802083333333333,
        "PRT": 0.40350877192982454,
        "VERB": 0.3203342618384401,
        "X": 0.12290502793296089,
        "<pad>": 0
    },
    "validation_loss": 927.0706176757812,
    "epoch_num": 8
}