{
    "train_accuracy": 0.9231818802019375,
    "train_accuracy_per_label": {
        ".": 0.9738636363636364,
        "ADJ": 0.7053571428571429,
        "ADP": 0.926873857404022,
        "ADV": 0.8324873096446701,
        "CONJ": 0.9316770186335404,
        "DET": 0.9623529411764706,
        "NOUN": 0.9648809523809524,
        "NUM": 0.41134751773049644,
        "PRON": 0.9745508982035929,
        "PRT": 0.9368932038834952,
        "VERB": 0.9397689768976898,
        "X": 0.9072164948453608,
        "<pad>": 0
    },
    "train_loss": 196.97555541992188,
    "validation_accuracy": 0.7773009060562709,
    "validation_accuracy_per_label": {
        ".": 0.9598393574297188,
        "ADJ": 0.30303030303030304,
        "ADP": 0.8807947019867549,
        "ADV": 0.49612403100775193,
        "CONJ": 0.9285714285714286,
        "DET": 0.9230769230769231,
        "NOUN": 0.9411764705882353,
        "NUM": 0.20588235294117646,
        "PRON": 0.9322916666666666,
        "PRT": 0.8421052631578947,
        "VERB": 0.6768802228412256,
        "X": 0.44692737430167595,
        "<pad>": 0
    },
    "validation_loss": 495.51177978515625,
    "epoch_num": 39
}