{
    "train_accuracy": 0.7969709373720835,
    "train_accuracy_per_label": {
        ".": 0.9329545454545455,
        "ADJ": 0.13690476190476192,
        "ADP": 0.8391224862888482,
        "ADV": 0.5812182741116751,
        "CONJ": 0.7701863354037267,
        "DET": 0.8776470588235294,
        "NOUN": 0.8946428571428572,
        "NUM": 0.0,
        "PRON": 0.9236526946107785,
        "PRT": 0.7475728155339806,
        "VERB": 0.8325082508250825,
        "X": 0.7452135493372607,
        "<pad>": 0
    },
    "train_loss": 462.8134460449219,
    "validation_accuracy": 0.7253218884120172,
    "validation_accuracy_per_label": {
        ".": 0.9317269076305221,
        "ADJ": 0.1111111111111111,
        "ADP": 0.7748344370860927,
        "ADV": 0.3875968992248062,
        "CONJ": 0.8095238095238095,
        "DET": 0.9076923076923077,
        "NOUN": 0.930672268907563,
        "NUM": 0.0,
        "PRON": 0.8645833333333334,
        "PRT": 0.7719298245614035,
        "VERB": 0.6545961002785515,
        "X": 0.39664804469273746,
        "<pad>": 0
    },
    "validation_loss": 557.5562744140625,
    "epoch_num": 21
}