{
    "train_accuracy": 0.8942556965479601,
    "train_accuracy_per_label": {
        ".": 0.9681818181818181,
        "ADJ": 0.5773809523809523,
        "ADP": 0.8976234003656307,
        "ADV": 0.7944162436548223,
        "CONJ": 0.8633540372670807,
        "DET": 0.9411764705882353,
        "NOUN": 0.9529761904761904,
        "NUM": 0.2127659574468085,
        "PRON": 0.9655688622754491,
        "PRT": 0.9223300970873787,
        "VERB": 0.9141914191419142,
        "X": 0.8703976435935199,
        "<pad>": 0
    },
    "train_loss": 260.1444396972656,
    "validation_accuracy": 0.7706247019551741,
    "validation_accuracy_per_label": {
        ".": 0.963855421686747,
        "ADJ": 0.25252525252525254,
        "ADP": 0.8609271523178808,
        "ADV": 0.4728682170542636,
        "CONJ": 0.9285714285714286,
        "DET": 0.9230769230769231,
        "NOUN": 0.9474789915966386,
        "NUM": 0.11764705882352941,
        "PRON": 0.921875,
        "PRT": 0.8421052631578947,
        "VERB": 0.6768802228412256,
        "X": 0.43575418994413406,
        "<pad>": 0
    },
    "validation_loss": 496.7086486816406,
    "epoch_num": 33
}