{
    "train_accuracy": 0.04925637876927275,
    "train_accuracy_per_label": {
        ".": 0.053409090909090906,
        "ADJ": 0.3005952380952381,
        "ADP": 0.0,
        "ADV": 0.0,
        "CONJ": 0.012422360248447204,
        "DET": 0.0,
        "NOUN": 0.0011904761904761906,
        "NUM": 0.02127659574468085,
        "PRON": 0.004491017964071856,
        "PRT": 0.4223300970873786,
        "VERB": 0.09570957095709572,
        "X": 0.0,
        "<pad>": 0
    },
    "train_loss": 1600.0548095703125,
    "validation_accuracy": 0.07773009060562709,
    "validation_accuracy_per_label": {
        ".": 0.08835341365461848,
        "ADJ": 0.3838383838383838,
        "ADP": 0.006622516556291391,
        "ADV": 0.007751937984496124,
        "CONJ": 0.0,
        "DET": 0.015384615384615385,
        "NOUN": 0.023109243697478993,
        "NUM": 0.029411764705882353,
        "PRON": 0.005208333333333333,
        "PRT": 0.631578947368421,
        "VERB": 0.1392757660167131,
        "X": 0.0,
        "<pad>": 0
    },
    "validation_loss": 1418.0552978515625,
    "epoch_num": 0
}