{
    "train_accuracy": 0.7860553963705826,
    "train_accuracy_per_label": {
        ".": 0.9306818181818182,
        "ADJ": 0.10416666666666667,
        "ADP": 0.8226691042047533,
        "ADV": 0.565989847715736,
        "CONJ": 0.7577639751552795,
        "DET": 0.8729411764705882,
        "NOUN": 0.888095238095238,
        "NUM": 0.0,
        "PRON": 0.9146706586826348,
        "PRT": 0.7378640776699029,
        "VERB": 0.8234323432343235,
        "X": 0.7187039764359352,
        "<pad>": 0
    },
    "train_loss": 487.5534362792969,
    "validation_accuracy": 0.7167381974248928,
    "validation_accuracy_per_label": {
        ".": 0.927710843373494,
        "ADJ": 0.10101010101010101,
        "ADP": 0.7615894039735099,
        "ADV": 0.35658914728682173,
        "CONJ": 0.8095238095238095,
        "DET": 0.9,
        "NOUN": 0.9285714285714286,
        "NUM": 0.0,
        "PRON": 0.859375,
        "PRT": 0.7543859649122807,
        "VERB": 0.6434540389972145,
        "X": 0.3854748603351955,
        "<pad>": 0
    },
    "validation_loss": 569.1611328125,
    "epoch_num": 20
}