{
    "train_accuracy": 0.8668303997816892,
    "train_accuracy_per_label": {
        ".": 0.9568181818181818,
        "ADJ": 0.4494047619047619,
        "ADP": 0.886654478976234,
        "ADV": 0.7233502538071066,
        "CONJ": 0.8198757763975155,
        "DET": 0.9270588235294117,
        "NOUN": 0.9351190476190476,
        "NUM": 0.11347517730496454,
        "PRON": 0.9535928143712575,
        "PRT": 0.8932038834951457,
        "VERB": 0.8960396039603961,
        "X": 0.8394698085419735,
        "<pad>": 0
    },
    "train_loss": 313.300537109375,
    "validation_accuracy": 0.7620410109680495,
    "validation_accuracy_per_label": {
        ".": 0.9558232931726908,
        "ADJ": 0.18181818181818182,
        "ADP": 0.8543046357615894,
        "ADV": 0.46511627906976744,
        "CONJ": 0.8809523809523809,
        "DET": 0.9230769230769231,
        "NOUN": 0.9432773109243697,
        "NUM": 0.08823529411764706,
        "PRON": 0.90625,
        "PRT": 0.8245614035087719,
        "VERB": 0.6768802228412256,
        "X": 0.44692737430167595,
        "<pad>": 0
    },
    "validation_loss": 505.4035339355469,
    "epoch_num": 29
}