{
    "train_accuracy": 0.4007367990176013,
    "train_accuracy_per_label": {
        ".": 0.6488636363636363,
        "ADJ": 0.002976190476190476,
        "ADP": 0.04204753199268738,
        "ADV": 0.03807106598984772,
        "CONJ": 0.031055900621118012,
        "DET": 0.40941176470588236,
        "NOUN": 0.9178571428571428,
        "NUM": 0.0,
        "PRON": 0.281437125748503,
        "PRT": 0.28640776699029125,
        "VERB": 0.26732673267326734,
        "X": 0.05154639175257732,
        "<pad>": 0
    },
    "train_loss": 1097.6793212890625,
    "validation_accuracy": 0.3972341440152599,
    "validation_accuracy_per_label": {
        ".": 0.6626506024096386,
        "ADJ": 0.0,
        "ADP": 0.013245033112582781,
        "ADV": 0.031007751937984496,
        "CONJ": 0.023809523809523808,
        "DET": 0.5538461538461539,
        "NOUN": 0.9474789915966386,
        "NUM": 0.0,
        "PRON": 0.2604166666666667,
        "PRT": 0.2631578947368421,
        "VERB": 0.20055710306406685,
        "X": 0.00558659217877095,
        "<pad>": 0
    },
    "validation_loss": 983.56982421875,
    "epoch_num": 7
}