{
    "train_accuracy": 0.5300859598853869,
    "train_accuracy_per_label": {
        ".": 0.7488636363636364,
        "ADJ": 0.002976190476190476,
        "ADP": 0.18647166361974407,
        "ADV": 0.14720812182741116,
        "CONJ": 0.36645962732919257,
        "DET": 0.6635294117647059,
        "NOUN": 0.8827380952380952,
        "NUM": 0.0,
        "PRON": 0.5389221556886228,
        "PRT": 0.5436893203883495,
        "VERB": 0.485973597359736,
        "X": 0.2650957290132548,
        "<pad>": 0
    },
    "train_loss": 960.5908813476562,
    "validation_accuracy": 0.5240820219360992,
    "validation_accuracy_per_label": {
        ".": 0.7389558232931727,
        "ADJ": 0.0,
        "ADP": 0.2781456953642384,
        "ADV": 0.07751937984496124,
        "CONJ": 0.5,
        "DET": 0.6384615384615384,
        "NOUN": 0.9495798319327731,
        "NUM": 0.0,
        "PRON": 0.546875,
        "PRT": 0.5614035087719298,
        "VERB": 0.3955431754874652,
        "X": 0.1564245810055866,
        "<pad>": 0
    },
    "validation_loss": 873.5059814453125,
    "epoch_num": 9
}