{
    "train_accuracy": 0.6142720698594624,
    "train_accuracy_per_label": {
        ".": 0.8125,
        "ADJ": 0.002976190476190476,
        "ADP": 0.45886654478976235,
        "ADV": 0.27411167512690354,
        "CONJ": 0.6086956521739131,
        "DET": 0.6752941176470588,
        "NOUN": 0.8547619047619047,
        "NUM": 0.0,
        "PRON": 0.687125748502994,
        "PRT": 0.6019417475728155,
        "VERB": 0.6262376237623762,
        "X": 0.38880706921944036,
        "<pad>": 0
    },
    "train_loss": 836.40771484375,
    "validation_accuracy": 0.587029089175012,
    "validation_accuracy_per_label": {
        ".": 0.8032128514056225,
        "ADJ": 0.0,
        "ADP": 0.5099337748344371,
        "ADV": 0.17829457364341086,
        "CONJ": 0.5714285714285714,
        "DET": 0.6538461538461539,
        "NOUN": 0.9348739495798319,
        "NUM": 0.0,
        "PRON": 0.6614583333333334,
        "PRT": 0.7192982456140351,
        "VERB": 0.479108635097493,
        "X": 0.20670391061452514,
        "<pad>": 0
    },
    "validation_loss": 781.9791870117188,
    "epoch_num": 11
}