{
    "train_accuracy": 0.8797926047209715,
    "train_accuracy_per_label": {
        ".": 0.9602272727272727,
        "ADJ": 0.5119047619047619,
        "ADP": 0.8884826325411335,
        "ADV": 0.7690355329949239,
        "CONJ": 0.8385093167701864,
        "DET": 0.9317647058823529,
        "NOUN": 0.9434523809523809,
        "NUM": 0.15602836879432624,
        "PRON": 0.9625748502994012,
        "PRT": 0.9077669902912622,
        "VERB": 0.9051155115511551,
        "X": 0.8497790868924889,
        "<pad>": 0
    },
    "train_loss": 285.4201354980469,
    "validation_accuracy": 0.7672865999046257,
    "validation_accuracy_per_label": {
        ".": 0.9558232931726908,
        "ADJ": 0.23232323232323232,
        "ADP": 0.8543046357615894,
        "ADV": 0.4728682170542636,
        "CONJ": 0.9047619047619048,
        "DET": 0.9230769230769231,
        "NOUN": 0.9453781512605042,
        "NUM": 0.11764705882352941,
        "PRON": 0.921875,
        "PRT": 0.8245614035087719,
        "VERB": 0.6740947075208914,
        "X": 0.44692737430167595,
        "<pad>": 0
    },
    "validation_loss": 500.054931640625,
    "epoch_num": 31
}