{
    "train_accuracy": 0.6841315322690681,
    "train_accuracy_per_label": {
        ".": 0.8625,
        "ADJ": 0.020833333333333332,
        "ADP": 0.643510054844607,
        "ADV": 0.3756345177664975,
        "CONJ": 0.6459627329192547,
        "DET": 0.7505882352941177,
        "NOUN": 0.8464285714285714,
        "NUM": 0.0,
        "PRON": 0.8038922155688623,
        "PRT": 0.6262135922330098,
        "VERB": 0.7153465346534653,
        "X": 0.5449189985272459,
        "<pad>": 0
    },
    "train_loss": 685.99462890625,
    "validation_accuracy": 0.6466380543633763,
    "validation_accuracy_per_label": {
        ".": 0.8594377510040161,
        "ADJ": 0.010101010101010102,
        "ADP": 0.6622516556291391,
        "ADV": 0.24806201550387597,
        "CONJ": 0.5952380952380952,
        "DET": 0.7538461538461538,
        "NOUN": 0.9222689075630253,
        "NUM": 0.0,
        "PRON": 0.7760416666666666,
        "PRT": 0.7368421052631579,
        "VERB": 0.5766016713091922,
        "X": 0.2737430167597765,
        "<pad>": 0
    },
    "validation_loss": 681.1459350585938,
    "epoch_num": 14
}