{
    "train_accuracy": 0.8264428980761359,
    "train_accuracy_per_label": {
        ".": 0.9454545454545454,
        "ADJ": 0.25892857142857145,
        "ADP": 0.8574040219378428,
        "ADV": 0.6573604060913706,
        "CONJ": 0.7763975155279503,
        "DET": 0.9035294117647059,
        "NOUN": 0.9077380952380952,
        "NUM": 0.014184397163120567,
        "PRON": 0.9356287425149701,
        "PRT": 0.8058252427184466,
        "VERB": 0.8556105610561056,
        "X": 0.8041237113402062,
        "<pad>": 0
    },
    "train_loss": 397.9585266113281,
    "validation_accuracy": 0.7424892703862661,
    "validation_accuracy_per_label": {
        ".": 0.9437751004016064,
        "ADJ": 0.1414141414141414,
        "ADP": 0.8145695364238411,
        "ADV": 0.4108527131782946,
        "CONJ": 0.8571428571428571,
        "DET": 0.9230769230769231,
        "NOUN": 0.9348739495798319,
        "NUM": 0.029411764705882353,
        "PRON": 0.9010416666666666,
        "PRT": 0.8070175438596491,
        "VERB": 0.6545961002785515,
        "X": 0.4245810055865922,
        "<pad>": 0
    },
    "validation_loss": 530.6992797851562,
    "epoch_num": 24
}