{
    "train_accuracy": 0.7232910356119525,
    "train_accuracy_per_label": {
        ".": 0.8920454545454546,
        "ADJ": 0.03571428571428571,
        "ADP": 0.7184643510054844,
        "ADV": 0.42385786802030456,
        "CONJ": 0.6894409937888198,
        "DET": 0.8164705882352942,
        "NOUN": 0.856547619047619,
        "NUM": 0.0,
        "PRON": 0.8502994011976048,
        "PRT": 0.6504854368932039,
        "VERB": 0.7574257425742574,
        "X": 0.6288659793814433,
        "<pad>": 0
    },
    "train_loss": 607.8694458007812,
    "validation_accuracy": 0.6747734859322843,
    "validation_accuracy_per_label": {
        ".": 0.8835341365461847,
        "ADJ": 0.030303030303030304,
        "ADP": 0.7152317880794702,
        "ADV": 0.3023255813953488,
        "CONJ": 0.6904761904761905,
        "DET": 0.8153846153846154,
        "NOUN": 0.9222689075630253,
        "NUM": 0.0,
        "PRON": 0.8072916666666666,
        "PRT": 0.7368421052631579,
        "VERB": 0.6100278551532033,
        "X": 0.30726256983240224,
        "<pad>": 0
    },
    "validation_loss": 633.7325439453125,
    "epoch_num": 16
}