{
    "train_accuracy": 0.888661481784691,
    "train_accuracy_per_label": {
        ".": 0.9647727272727272,
        "ADJ": 0.5565476190476191,
        "ADP": 0.8939670932358318,
        "ADV": 0.7817258883248731,
        "CONJ": 0.8571428571428571,
        "DET": 0.9411764705882353,
        "NOUN": 0.9476190476190476,
        "NUM": 0.19148936170212766,
        "PRON": 0.9655688622754491,
        "PRT": 0.9223300970873787,
        "VERB": 0.9108910891089109,
        "X": 0.8600883652430045,
        "<pad>": 0
    },
    "train_loss": 272.4812927246094,
    "validation_accuracy": 0.7677634716261326,
    "validation_accuracy_per_label": {
        ".": 0.963855421686747,
        "ADJ": 0.24242424242424243,
        "ADP": 0.8543046357615894,
        "ADV": 0.4728682170542636,
        "CONJ": 0.9047619047619048,
        "DET": 0.9230769230769231,
        "NOUN": 0.9453781512605042,
        "NUM": 0.11764705882352941,
        "PRON": 0.921875,
        "PRT": 0.8421052631578947,
        "VERB": 0.6713091922005571,
        "X": 0.43575418994413406,
        "<pad>": 0
    },
    "validation_loss": 498.15570068359375,
    "epoch_num": 32
}