{
    "train_accuracy": 0.9156774457634056,
    "train_accuracy_per_label": {
        ".": 0.9727272727272728,
        "ADJ": 0.6636904761904762,
        "ADP": 0.9213893967093236,
        "ADV": 0.8274111675126904,
        "CONJ": 0.9192546583850931,
        "DET": 0.9576470588235294,
        "NOUN": 0.9636904761904762,
        "NUM": 0.3475177304964539,
        "PRON": 0.9715568862275449,
        "PRT": 0.9368932038834952,
        "VERB": 0.9306930693069307,
        "X": 0.8969072164948454,
        "<pad>": 0
    },
    "train_loss": 216.14315795898438,
    "validation_accuracy": 0.7758702908917501,
    "validation_accuracy_per_label": {
        ".": 0.963855421686747,
        "ADJ": 0.29292929292929293,
        "ADP": 0.8807947019867549,
        "ADV": 0.49612403100775193,
        "CONJ": 0.9285714285714286,
        "DET": 0.9230769230769231,
        "NOUN": 0.9474789915966386,
        "NUM": 0.14705882352941177,
        "PRON": 0.921875,
        "PRT": 0.8421052631578947,
        "VERB": 0.6768802228412256,
        "X": 0.43575418994413406,
        "<pad>": 0
    },
    "validation_loss": 494.6846618652344,
    "epoch_num": 37
}