{
    "train_accuracy": 0.9095374539500614,
    "train_accuracy_per_label": {
        ".": 0.9693181818181819,
        "ADJ": 0.6458333333333334,
        "ADP": 0.9159049360146252,
        "ADV": 0.8121827411167513,
        "CONJ": 0.9006211180124224,
        "DET": 0.9552941176470588,
        "NOUN": 0.9601190476190476,
        "NUM": 0.2978723404255319,
        "PRON": 0.9700598802395209,
        "PRT": 0.9320388349514563,
        "VERB": 0.9265676567656765,
        "X": 0.8924889543446245,
        "<pad>": 0
    },
    "train_loss": 226.3965606689453,
    "validation_accuracy": 0.7758702908917501,
    "validation_accuracy_per_label": {
        ".": 0.963855421686747,
        "ADJ": 0.29292929292929293,
        "ADP": 0.8741721854304636,
        "ADV": 0.49612403100775193,
        "CONJ": 0.9285714285714286,
        "DET": 0.9230769230769231,
        "NOUN": 0.9474789915966386,
        "NUM": 0.14705882352941177,
        "PRON": 0.921875,
        "PRT": 0.8421052631578947,
        "VERB": 0.6796657381615598,
        "X": 0.43575418994413406,
        "<pad>": 0
    },
    "validation_loss": 494.6943664550781,
    "epoch_num": 36
}