{
    "train_accuracy": 0.873789057170146,
    "train_accuracy_per_label": {
        ".": 0.9590909090909091,
        "ADJ": 0.47619047619047616,
        "ADP": 0.886654478976234,
        "ADV": 0.7436548223350253,
        "CONJ": 0.8260869565217391,
        "DET": 0.9317647058823529,
        "NOUN": 0.9398809523809524,
        "NUM": 0.12056737588652482,
        "PRON": 0.9595808383233533,
        "PRT": 0.9077669902912622,
        "VERB": 0.9034653465346535,
        "X": 0.845360824742268,
        "<pad>": 0
    },
    "train_loss": 299.00830078125,
    "validation_accuracy": 0.765379113018598,
    "validation_accuracy_per_label": {
        ".": 0.9558232931726908,
        "ADJ": 0.2222222222222222,
        "ADP": 0.8543046357615894,
        "ADV": 0.4728682170542636,
        "CONJ": 0.8809523809523809,
        "DET": 0.9230769230769231,
        "NOUN": 0.9432773109243697,
        "NUM": 0.11764705882352941,
        "PRON": 0.9114583333333334,
        "PRT": 0.8245614035087719,
        "VERB": 0.6768802228412256,
        "X": 0.44692737430167595,
        "<pad>": 0
    },
    "validation_loss": 502.4548034667969,
    "epoch_num": 30
}