{
    "train_accuracy": 0.86123618501842,
    "train_accuracy_per_label": {
        ".": 0.9545454545454546,
        "ADJ": 0.40476190476190477,
        "ADP": 0.8811700182815356,
        "ADV": 0.7131979695431472,
        "CONJ": 0.8198757763975155,
        "DET": 0.9270588235294117,
        "NOUN": 0.9339285714285714,
        "NUM": 0.07801418439716312,
        "PRON": 0.9535928143712575,
        "PRT": 0.8932038834951457,
        "VERB": 0.8894389438943895,
        "X": 0.8365243004418262,
        "<pad>": 0
    },
    "train_loss": 328.36383056640625,
    "validation_accuracy": 0.7591797806390082,
    "validation_accuracy_per_label": {
        ".": 0.9558232931726908,
        "ADJ": 0.18181818181818182,
        "ADP": 0.8543046357615894,
        "ADV": 0.46511627906976744,
        "CONJ": 0.8571428571428571,
        "DET": 0.9230769230769231,
        "NOUN": 0.9390756302521008,
        "NUM": 0.058823529411764705,
        "PRON": 0.90625,
        "PRT": 0.8245614035087719,
        "VERB": 0.6713091922005571,
        "X": 0.44692737430167595,
        "<pad>": 0
    },
    "validation_loss": 508.9574279785156,
    "epoch_num": 28
}