{
    "train_accuracy": 0.818392686587529,
    "train_accuracy_per_label": {
        ".": 0.9431818181818182,
        "ADJ": 0.20833333333333334,
        "ADP": 0.8537477148080439,
        "ADV": 0.6446700507614214,
        "CONJ": 0.7763975155279503,
        "DET": 0.8964705882352941,
        "NOUN": 0.9041666666666667,
        "NUM": 0.0,
        "PRON": 0.9326347305389222,
        "PRT": 0.7961165048543689,
        "VERB": 0.8473597359735974,
        "X": 0.792341678939617,
        "<pad>": 0
    },
    "train_loss": 418.1729736328125,
    "validation_accuracy": 0.7381974248927039,
    "validation_accuracy_per_label": {
        ".": 0.9437751004016064,
        "ADJ": 0.1414141414141414,
        "ADP": 0.8079470198675497,
        "ADV": 0.4108527131782946,
        "CONJ": 0.8571428571428571,
        "DET": 0.9230769230769231,
        "NOUN": 0.9327731092436975,
        "NUM": 0.0,
        "PRON": 0.8854166666666666,
        "PRT": 0.7719298245614035,
        "VERB": 0.6545961002785515,
        "X": 0.41899441340782123,
        "<pad>": 0
    },
    "validation_loss": 538.4652099609375,
    "epoch_num": 23
}