{
    "train_accuracy": 0.9190885523263747,
    "train_accuracy_per_label": {
        ".": 0.9738636363636364,
        "ADJ": 0.6845238095238095,
        "ADP": 0.9213893967093236,
        "ADV": 0.8274111675126904,
        "CONJ": 0.9192546583850931,
        "DET": 0.96,
        "NOUN": 0.9642857142857143,
        "NUM": 0.36879432624113473,
        "PRON": 0.9745508982035929,
        "PRT": 0.9368932038834952,
        "VERB": 0.9348184818481848,
        "X": 0.9042709867452136,
        "<pad>": 0
    },
    "train_loss": 206.3441619873047,
    "validation_accuracy": 0.7753934191702432,
    "validation_accuracy_per_label": {
        ".": 0.963855421686747,
        "ADJ": 0.30303030303030304,
        "ADP": 0.8807947019867549,
        "ADV": 0.49612403100775193,
        "CONJ": 0.9285714285714286,
        "DET": 0.9230769230769231,
        "NOUN": 0.9432773109243697,
        "NUM": 0.14705882352941177,
        "PRON": 0.921875,
        "PRT": 0.8421052631578947,
        "VERB": 0.6768802228412256,
        "X": 0.43575418994413406,
        "<pad>": 0
    },
    "validation_loss": 494.9624938964844,
    "epoch_num": 38
}