{
    "train_accuracy": 0.25747032337290215,
    "train_accuracy_per_label": {
        ".": 0.2534090909090909,
        "ADJ": 0.0,
        "ADP": 0.0018281535648994515,
        "ADV": 0.0,
        "CONJ": 0.0,
        "DET": 0.0,
        "NOUN": 0.9601190476190476,
        "NUM": 0.0,
        "PRON": 0.0014970059880239522,
        "PRT": 0.0,
        "VERB": 0.039603960396039604,
        "X": 0.0014727540500736377,
        "<pad>": 0
    },
    "train_loss": 1309.1739501953125,
    "validation_accuracy": 0.25608011444921314,
    "validation_accuracy_per_label": {
        ".": 0.26506024096385544,
        "ADJ": 0.0,
        "ADP": 0.0,
        "ADV": 0.0,
        "CONJ": 0.0,
        "DET": 0.0,
        "NOUN": 0.957983193277311,
        "NUM": 0.0,
        "PRON": 0.0,
        "PRT": 0.017543859649122806,
        "VERB": 0.03899721448467967,
        "X": 0.0,
        "<pad>": 0
    },
    "validation_loss": 1162.16650390625,
    "epoch_num": 4
}