{
    "train_accuracy": 0.7572656569791241,
    "train_accuracy_per_label": {
        ".": 0.9090909090909091,
        "ADJ": 0.05654761904761905,
        "ADP": 0.793418647166362,
        "ADV": 0.48984771573604063,
        "CONJ": 0.7329192546583851,
        "DET": 0.8376470588235294,
        "NOUN": 0.8726190476190476,
        "NUM": 0.0,
        "PRON": 0.8817365269461078,
        "PRT": 0.6990291262135923,
        "VERB": 0.7970297029702971,
        "X": 0.6848306332842415,
        "<pad>": 0
    },
    "train_loss": 542.8652954101562,
    "validation_accuracy": 0.7005245588936576,
    "validation_accuracy_per_label": {
        ".": 0.9156626506024096,
        "ADJ": 0.06060606060606061,
        "ADP": 0.7417218543046358,
        "ADV": 0.34108527131782945,
        "CONJ": 0.7619047619047619,
        "DET": 0.8769230769230769,
        "NOUN": 0.9243697478991597,
        "NUM": 0.0,
        "PRON": 0.8229166666666666,
        "PRT": 0.7368421052631579,
        "VERB": 0.6295264623955432,
        "X": 0.3743016759776536,
        "<pad>": 0
    },
    "validation_loss": 597.3496704101562,
    "epoch_num": 18
}