{
    "train_accuracy": 0.26415609223632147,
    "train_accuracy_per_label": {
        ".": 0.27386363636363636,
        "ADJ": 0.002976190476190476,
        "ADP": 0.009140767824497258,
        "ADV": 0.007614213197969543,
        "CONJ": 0.0,
        "DET": 0.009411764705882352,
        "NOUN": 0.9184523809523809,
        "NUM": 0.0,
        "PRON": 0.03293413173652695,
        "PRT": 0.10194174757281553,
        "VERB": 0.07590759075907591,
        "X": 0.005891016200294551,
        "<pad>": 0
    },
    "train_loss": 1394.873046875,
    "validation_accuracy": 0.2575107296137339,
    "validation_accuracy_per_label": {
        ".": 0.25301204819277107,
        "ADJ": 0.0,
        "ADP": 0.006622516556291391,
        "ADV": 0.007751937984496124,
        "CONJ": 0.0,
        "DET": 0.0,
        "NOUN": 0.957983193277311,
        "NUM": 0.0,
        "PRON": 0.0,
        "PRT": 0.03508771929824561,
        "VERB": 0.04735376044568245,
        "X": 0.0,
        "<pad>": 0
    },
    "validation_loss": 1223.4981689453125,
    "epoch_num": 3
}