{
    "train_accuracy": 0.898894801473598,
    "train_accuracy_per_label": {
        ".": 0.9681818181818181,
        "ADJ": 0.5982142857142857,
        "ADP": 0.8994515539305301,
        "ADV": 0.7969543147208121,
        "CONJ": 0.8695652173913043,
        "DET": 0.9458823529411765,
        "NOUN": 0.9565476190476191,
        "NUM": 0.24113475177304963,
        "PRON": 0.9670658682634731,
        "PRT": 0.9271844660194175,
        "VERB": 0.9183168316831684,
        "X": 0.8777614138438881,
        "<pad>": 0
    },
    "train_loss": 248.37088012695312,
    "validation_accuracy": 0.7739628040057225,
    "validation_accuracy_per_label": {
        ".": 0.963855421686747,
        "ADJ": 0.2828282828282828,
        "ADP": 0.8609271523178808,
        "ADV": 0.4883720930232558,
        "CONJ": 0.9285714285714286,
        "DET": 0.9230769230769231,
        "NOUN": 0.9495798319327731,
        "NUM": 0.11764705882352941,
        "PRON": 0.921875,
        "PRT": 0.8421052631578947,
        "VERB": 0.6796657381615598,
        "X": 0.43575418994413406,
        "<pad>": 0
    },
    "validation_loss": 495.6740417480469,
    "epoch_num": 34
}