{
    "train_accuracy": 0.6437440305635148,
    "train_accuracy_per_label": {
        ".": 0.8261363636363637,
        "ADJ": 0.011904761904761904,
        "ADP": 0.5429616087751371,
        "ADV": 0.32741116751269034,
        "CONJ": 0.6149068322981367,
        "DET": 0.6964705882352941,
        "NOUN": 0.8523809523809524,
        "NUM": 0.0,
        "PRON": 0.7440119760479041,
        "PRT": 0.616504854368932,
        "VERB": 0.6683168316831684,
        "X": 0.4418262150220913,
        "<pad>": 0
    },
    "train_loss": 781.3639526367188,
    "validation_accuracy": 0.60896518836433,
    "validation_accuracy_per_label": {
        ".": 0.8393574297188755,
        "ADJ": 0.0,
        "ADP": 0.5827814569536424,
        "ADV": 0.20930232558139536,
        "CONJ": 0.5714285714285714,
        "DET": 0.676923076923077,
        "NOUN": 0.9327731092436975,
        "NUM": 0.0,
        "PRON": 0.7083333333333334,
        "PRT": 0.7192982456140351,
        "VERB": 0.5069637883008357,
        "X": 0.2122905027932961,
        "<pad>": 0
    },
    "validation_loss": 743.6328125,
    "epoch_num": 12
}