{
    "train_accuracy": 0.6631191158411789,
    "train_accuracy_per_label": {
        ".": 0.8454545454545455,
        "ADJ": 0.017857142857142856,
        "ADP": 0.583180987202925,
        "ADV": 0.34517766497461927,
        "CONJ": 0.6335403726708074,
        "DET": 0.7129411764705882,
        "NOUN": 0.8535714285714285,
        "NUM": 0.0,
        "PRON": 0.7709580838323353,
        "PRT": 0.6262135922330098,
        "VERB": 0.6897689768976898,
        "X": 0.4948453608247423,
        "<pad>": 0
    },
    "train_loss": 731.2886962890625,
    "validation_accuracy": 0.630901287553648,
    "validation_accuracy_per_label": {
        ".": 0.8554216867469879,
        "ADJ": 0.0,
        "ADP": 0.6291390728476821,
        "ADV": 0.2248062015503876,
        "CONJ": 0.5714285714285714,
        "DET": 0.7153846153846154,
        "NOUN": 0.9285714285714286,
        "NUM": 0.0,
        "PRON": 0.7552083333333334,
        "PRT": 0.7192982456140351,
        "VERB": 0.5376044568245125,
        "X": 0.2681564245810056,
        "<pad>": 0
    },
    "validation_loss": 710.1927490234375,
    "epoch_num": 13
}