{
    "train_accuracy": 0.10656296902715241,
    "train_accuracy_per_label": {
        ".": 0.17613636363636365,
        "ADJ": 0.20833333333333334,
        "ADP": 0.009140767824497258,
        "ADV": 0.0,
        "CONJ": 0.006211180124223602,
        "DET": 0.02588235294117647,
        "NOUN": 0.10297619047619047,
        "NUM": 0.0070921985815602835,
        "PRON": 0.020958083832335328,
        "PRT": 0.5728155339805825,
        "VERB": 0.19224422442244224,
        "X": 0.0,
        "<pad>": 0
    },
    "train_loss": 1542.240478515625,
    "validation_accuracy": 0.21697663328564615,
    "validation_accuracy_per_label": {
        ".": 0.19678714859437751,
        "ADJ": 0.13131313131313133,
        "ADP": 0.006622516556291391,
        "ADV": 0.023255813953488372,
        "CONJ": 0.0,
        "DET": 0.07692307692307693,
        "NOUN": 0.6092436974789915,
        "NUM": 0.029411764705882353,
        "PRON": 0.036458333333333336,
        "PRT": 0.38596491228070173,
        "VERB": 0.16434540389972144,
        "X": 0.0,
        "<pad>": 0
    },
    "validation_loss": 1364.7613525390625,
    "epoch_num": 1
}