{
    "train_accuracy": 0.3393368808841588,
    "train_accuracy_per_label": {
        ".": 0.5943181818181819,
        "ADJ": 0.002976190476190476,
        "ADP": 0.010968921389396709,
        "ADV": 0.017766497461928935,
        "CONJ": 0.0,
        "DET": 0.10352941176470588,
        "NOUN": 0.9279761904761905,
        "NUM": 0.0,
        "PRON": 0.16167664670658682,
        "PRT": 0.1407766990291262,
        "VERB": 0.16666666666666666,
        "X": 0.011782032400589101,
        "<pad>": 0
    },
    "train_loss": 1167.7939453125,
    "validation_accuracy": 0.3457319980925131,
    "validation_accuracy_per_label": {
        ".": 0.5983935742971888,
        "ADJ": 0.0,
        "ADP": 0.006622516556291391,
        "ADV": 0.023255813953488372,
        "CONJ": 0.023809523809523808,
        "DET": 0.23076923076923078,
        "NOUN": 0.9537815126050421,
        "NUM": 0.0,
        "PRON": 0.140625,
        "PRT": 0.12280701754385964,
        "VERB": 0.14763231197771587,
        "X": 0.0,
        "<pad>": 0
    },
    "validation_loss": 1040.732177734375,
    "epoch_num": 6
}