{
    "train_accuracy": 0.22390503479328694,
    "train_accuracy_per_label": {
        ".": 0.28295454545454546,
        "ADJ": 0.0744047619047619,
        "ADP": 0.012797074954296161,
        "ADV": 0.005076142131979695,
        "CONJ": 0.006211180124223602,
        "DET": 0.04470588235294118,
        "NOUN": 0.5946428571428571,
        "NUM": 0.0,
        "PRON": 0.06437125748502993,
        "PRT": 0.3446601941747573,
        "VERB": 0.1848184818481848,
        "X": 0.0014727540500736377,
        "<pad>": 0
    },
    "train_loss": 1476.614501953125,
    "validation_accuracy": 0.25846447305674775,
    "validation_accuracy_per_label": {
        ".": 0.26104417670682734,
        "ADJ": 0.0,
        "ADP": 0.006622516556291391,
        "ADV": 0.015503875968992248,
        "CONJ": 0.023809523809523808,
        "DET": 0.038461538461538464,
        "NOUN": 0.9096638655462185,
        "NUM": 0.0,
        "PRON": 0.026041666666666668,
        "PRT": 0.05263157894736842,
        "VERB": 0.07520891364902507,
        "X": 0.0,
        "<pad>": 0
    },
    "validation_loss": 1299.6187744140625,
    "epoch_num": 2
}