{
    "train_accuracy": 0.8062491472233593,
    "train_accuracy_per_label": {
        ".": 0.9363636363636364,
        "ADJ": 0.16666666666666666,
        "ADP": 0.8464351005484461,
        "ADV": 0.6065989847715736,
        "CONJ": 0.7763975155279503,
        "DET": 0.8870588235294118,
        "NOUN": 0.9011904761904762,
        "NUM": 0.0,
        "PRON": 0.9266467065868264,
        "PRT": 0.7718446601941747,
        "VERB": 0.8366336633663366,
        "X": 0.7643593519882179,
        "<pad>": 0
    },
    "train_loss": 439.7429504394531,
    "validation_accuracy": 0.731998092513114,
    "validation_accuracy_per_label": {
        ".": 0.9397590361445783,
        "ADJ": 0.12121212121212122,
        "ADP": 0.8013245033112583,
        "ADV": 0.3953488372093023,
        "CONJ": 0.8333333333333334,
        "DET": 0.9153846153846154,
        "NOUN": 0.9285714285714286,
        "NUM": 0.0,
        "PRON": 0.8802083333333334,
        "PRT": 0.7719298245614035,
        "VERB": 0.6518105849582173,
        "X": 0.4134078212290503,
        "<pad>": 0
    },
    "validation_loss": 547.3760375976562,
    "epoch_num": 22
}