{
    "train_accuracy": 0.8514121981170691,
    "train_accuracy_per_label": {
        ".": 0.95,
        "ADJ": 0.36904761904761907,
        "ADP": 0.8756855575868373,
        "ADV": 0.7030456852791879,
        "CONJ": 0.8074534161490683,
        "DET": 0.9129411764705883,
        "NOUN": 0.9279761904761905,
        "NUM": 0.05673758865248227,
        "PRON": 0.9461077844311377,
        "PRT": 0.8592233009708737,
        "VERB": 0.8803630363036303,
        "X": 0.8291605301914581,
        "<pad>": 0
    },
    "train_loss": 344.27288818359375,
    "validation_accuracy": 0.7553648068669528,
    "validation_accuracy_per_label": {
        ".": 0.9558232931726908,
        "ADJ": 0.16161616161616163,
        "ADP": 0.8410596026490066,
        "ADV": 0.4418604651162791,
        "CONJ": 0.8571428571428571,
        "DET": 0.9307692307692308,
        "NOUN": 0.9390756302521008,
        "NUM": 0.058823529411764705,
        "PRON": 0.90625,
        "PRT": 0.8245614035087719,
        "VERB": 0.6685236768802229,
        "X": 0.441340782122905,
        "<pad>": 0
    },
    "validation_loss": 513.1834106445312,
    "epoch_num": 27
}