{
    "train_accuracy": 0.28107518078864785,
    "train_accuracy_per_label": {
        ".": 0.4034090909090909,
        "ADJ": 0.002976190476190476,
        "ADP": 0.005484460694698354,
        "ADV": 0.0025380710659898475,
        "CONJ": 0.0,
        "DET": 0.0,
        "NOUN": 0.9535714285714286,
        "NUM": 0.0,
        "PRON": 0.023952095808383235,
        "PRT": 0.019417475728155338,
        "VERB": 0.06353135313531354,
        "X": 0.0014727540500736377,
        "<pad>": 0
    },
    "train_loss": 1238.1192626953125,
    "validation_accuracy": 0.3023366714353839,
    "validation_accuracy_per_label": {
        ".": 0.5542168674698795,
        "ADJ": 0.0,
        "ADP": 0.0,
        "ADV": 0.0,
        "CONJ": 0.023809523809523808,
        "DET": 0.015384615384615385,
        "NOUN": 0.9516806722689075,
        "NUM": 0.0,
        "PRON": 0.052083333333333336,
        "PRT": 0.07017543859649122,
        "VERB": 0.07242339832869081,
        "X": 0.0,
        "<pad>": 0
    },
    "validation_loss": 1099.761962890625,
    "epoch_num": 5
}