{
    "train_accuracy": 0.834902442352299,
    "train_accuracy_per_label": {
        ".": 0.946590909090909,
        "ADJ": 0.30654761904761907,
        "ADP": 0.8665447897623401,
        "ADV": 0.6725888324873096,
        "CONJ": 0.7888198757763976,
        "DET": 0.9105882352941177,
        "NOUN": 0.9119047619047619,
        "NUM": 0.02127659574468085,
        "PRON": 0.938622754491018,
        "PRT": 0.8300970873786407,
        "VERB": 0.8605610561056105,
        "X": 0.8159057437407953,
        "<pad>": 0
    },
    "train_loss": 378.97686767578125,
    "validation_accuracy": 0.7448736289938007,
    "validation_accuracy_per_label": {
        ".": 0.9477911646586346,
        "ADJ": 0.15151515151515152,
        "ADP": 0.8344370860927153,
        "ADV": 0.4108527131782946,
        "CONJ": 0.8571428571428571,
        "DET": 0.9230769230769231,
        "NOUN": 0.9327731092436975,
        "NUM": 0.029411764705882353,
        "PRON": 0.9010416666666666,
        "PRT": 0.8070175438596491,
        "VERB": 0.6545961002785515,
        "X": 0.4301675977653631,
        "<pad>": 0
    },
    "validation_loss": 523.9647827148438,
    "epoch_num": 25
}