{
    "train_accuracy": 0.8432255423659435,
    "train_accuracy_per_label": {
        ".": 0.95,
        "ADJ": 0.34226190476190477,
        "ADP": 0.8683729433272395,
        "ADV": 0.6903553299492385,
        "CONJ": 0.7950310559006211,
        "DET": 0.9105882352941177,
        "NOUN": 0.9208333333333333,
        "NUM": 0.03546099290780142,
        "PRON": 0.9431137724550899,
        "PRT": 0.8446601941747572,
        "VERB": 0.8704620462046204,
        "X": 0.8188512518409425,
        "<pad>": 0
    },
    "train_loss": 361.11474609375,
    "validation_accuracy": 0.748688602765856,
    "validation_accuracy_per_label": {
        ".": 0.9477911646586346,
        "ADJ": 0.15151515151515152,
        "ADP": 0.8344370860927153,
        "ADV": 0.4263565891472868,
        "CONJ": 0.8571428571428571,
        "DET": 0.9230769230769231,
        "NOUN": 0.9327731092436975,
        "NUM": 0.058823529411764705,
        "PRON": 0.9010416666666666,
        "PRT": 0.8245614035087719,
        "VERB": 0.6629526462395543,
        "X": 0.43575418994413406,
        "<pad>": 0
    },
    "validation_loss": 518.157958984375,
    "epoch_num": 26
}