{
    "train_accuracy": 0.5770227861918407,
    "train_accuracy_per_label": {
        ".": 0.7795454545454545,
        "ADJ": 0.002976190476190476,
        "ADP": 0.3436928702010969,
        "ADV": 0.2131979695431472,
        "CONJ": 0.5590062111801242,
        "DET": 0.6729411764705883,
        "NOUN": 0.8642857142857143,
        "NUM": 0.0,
        "PRON": 0.6317365269461078,
        "PRT": 0.5825242718446602,
        "VERB": 0.5643564356435643,
        "X": 0.3181148748159057,
        "<pad>": 0
    },
    "train_loss": 896.3173828125,
    "validation_accuracy": 0.5627086313781593,
    "validation_accuracy_per_label": {
        ".": 0.7791164658634538,
        "ADJ": 0.0,
        "ADP": 0.40397350993377484,
        "ADV": 0.13178294573643412,
        "CONJ": 0.5476190476190477,
        "DET": 0.6538461538461539,
        "NOUN": 0.9390756302521008,
        "NUM": 0.0,
        "PRON": 0.625,
        "PRT": 0.6666666666666666,
        "VERB": 0.4456824512534819,
        "X": 0.19553072625698323,
        "<pad>": 0
    },
    "validation_loss": 825.0493774414062,
    "epoch_num": 10
}