{
    "train_accuracy": 0.7066448355846636,
    "train_accuracy_per_label": {
        ".": 0.8829545454545454,
        "ADJ": 0.02976190476190476,
        "ADP": 0.6910420475319927,
        "ADV": 0.4010152284263959,
        "CONJ": 0.6708074534161491,
        "DET": 0.7764705882352941,
        "NOUN": 0.8488095238095238,
        "NUM": 0.0,
        "PRON": 0.8368263473053892,
        "PRT": 0.6359223300970874,
        "VERB": 0.7433993399339934,
        "X": 0.5905743740795287,
        "<pad>": 0
    },
    "train_loss": 645.0296020507812,
    "validation_accuracy": 0.6604673342870768,
    "validation_accuracy_per_label": {
        ".": 0.8755020080321285,
        "ADJ": 0.020202020202020204,
        "ADP": 0.6821192052980133,
        "ADV": 0.2713178294573643,
        "CONJ": 0.6428571428571429,
        "DET": 0.7846153846153846,
        "NOUN": 0.9222689075630253,
        "NUM": 0.0,
        "PRON": 0.7916666666666666,
        "PRT": 0.7368421052631579,
        "VERB": 0.596100278551532,
        "X": 0.2849162011173184,
        "<pad>": 0
    },
    "validation_loss": 655.8246459960938,
    "epoch_num": 15
}