{
    "train_accuracy": 0.771592304543594,
    "train_accuracy_per_label": {
        ".": 0.9159090909090909,
        "ADJ": 0.07142857142857142,
        "ADP": 0.8135283363802559,
        "ADV": 0.5380710659898477,
        "CONJ": 0.7515527950310559,
        "DET": 0.851764705882353,
        "NOUN": 0.8791666666666667,
        "NUM": 0.0,
        "PRON": 0.8982035928143712,
        "PRT": 0.7135922330097088,
        "VERB": 0.8135313531353136,
        "X": 0.6995581737849779,
        "<pad>": 0
    },
    "train_loss": 514.1580200195312,
    "validation_accuracy": 0.7114926084883166,
    "validation_accuracy_per_label": {
        ".": 0.9236947791164659,
        "ADJ": 0.08080808080808081,
        "ADP": 0.7615894039735099,
        "ADV": 0.35658914728682173,
        "CONJ": 0.8095238095238095,
        "DET": 0.8846153846153846,
        "NOUN": 0.9243697478991597,
        "NUM": 0.0,
        "PRON": 0.8489583333333334,
        "PRT": 0.7368421052631579,
        "VERB": 0.6406685236768802,
        "X": 0.3854748603351955,
        "<pad>": 0
    },
    "validation_loss": 582.3599243164062,
    "epoch_num": 19
}