{
    "train_accuracy": 0.7422567881020603,
    "train_accuracy_per_label": {
        ".": 0.9056818181818181,
        "ADJ": 0.041666666666666664,
        "ADP": 0.7623400365630713,
        "ADV": 0.4593908629441624,
        "CONJ": 0.7080745341614907,
        "DET": 0.8258823529411765,
        "NOUN": 0.8660714285714286,
        "NUM": 0.0,
        "PRON": 0.8682634730538922,
        "PRT": 0.6747572815533981,
        "VERB": 0.778052805280528,
        "X": 0.6612665684830633,
        "<pad>": 0
    },
    "train_loss": 573.9747924804688,
    "validation_accuracy": 0.6881258941344778,
    "validation_accuracy_per_label": {
        ".": 0.9036144578313253,
        "ADJ": 0.04040404040404041,
        "ADP": 0.7284768211920529,
        "ADV": 0.31007751937984496,
        "CONJ": 0.7380952380952381,
        "DET": 0.8538461538461538,
        "NOUN": 0.9222689075630253,
        "NUM": 0.0,
        "PRON": 0.8177083333333334,
        "PRT": 0.7368421052631579,
        "VERB": 0.6211699164345403,
        "X": 0.3407821229050279,
        "<pad>": 0
    },
    "validation_loss": 614.3690185546875,
    "epoch_num": 17
}