{
    "train_accuracy": 0.9031245736116796,
    "train_accuracy_per_label": {
        ".": 0.9693181818181819,
        "ADJ": 0.6101190476190477,
        "ADP": 0.906764168190128,
        "ADV": 0.8045685279187818,
        "CONJ": 0.8819875776397516,
        "DET": 0.9505882352941176,
        "NOUN": 0.9571428571428572,
        "NUM": 0.2553191489361702,
        "PRON": 0.968562874251497,
        "PRT": 0.9320388349514563,
        "VERB": 0.9216171617161716,
        "X": 0.8865979381443299,
        "<pad>": 0
    },
    "train_loss": 237.13023376464844,
    "validation_accuracy": 0.7758702908917501,
    "validation_accuracy_per_label": {
        ".": 0.963855421686747,
        "ADJ": 0.2828282828282828,
        "ADP": 0.8675496688741722,
        "ADV": 0.4883720930232558,
        "CONJ": 0.9285714285714286,
        "DET": 0.9230769230769231,
        "NOUN": 0.9495798319327731,
        "NUM": 0.11764705882352941,
        "PRON": 0.921875,
        "PRT": 0.8421052631578947,
        "VERB": 0.6852367688022284,
        "X": 0.441340782122905,
        "<pad>": 0
    },
    "validation_loss": 495.0149841308594,
    "epoch_num": 35
}