{
    "train_accuracy": 0.9249913384917426,
    "train_accuracy_per_label": {
        "B-company": 0.34328358208955223,
        "B-facility": 0.05263157894736842,
        "B-geo-loc": 0.06030150753768844,
        "B-movie": 0.0,
        "B-musicartist": 0.0,
        "B-other": 0.043209876543209874,
        "B-person": 0.22123893805309736,
        "B-product": 0.08974358974358974,
        "B-sportsteam": 0.0,
        "B-tvshow": 0.0,
        "I-company": 0.0,
        "I-facility": 0.02666666666666667,
        "I-geo-loc": 0.0,
        "I-movie": 0.0,
        "I-musicartist": 0.0,
        "I-other": 0.04184100418410042,
        "I-person": 0.24836601307189543,
        "I-product": 0.0,
        "I-sportsteam": 0.0,
        "I-tvshow": 0.0,
        "O": 0.9705810621303579,
        "<pad>": 0
    },
    "train_loss": 256.47967529296875,
    "validation_accuracy": 0.9391880118487541,
    "validation_accuracy_per_label": {
        "B-company": 0.25,
        "B-facility": 0.0,
        "B-geo-loc": 0.05194805194805195,
        "B-movie": 0.0,
        "B-musicartist": 0.0,
        "B-other": 0.015873015873015872,
        "B-person": 0.1111111111111111,
        "B-product": 0.0,
        "B-sportsteam": 0.0,
        "B-tvshow": 0.0,
        "I-company": 0.0,
        "I-facility": 0.0,
        "I-geo-loc": 0.0,
        "I-movie": 0.0,
        "I-musicartist": 0.0,
        "I-other": 0.024691358024691357,
        "I-person": 0.09836065573770492,
        "I-product": 0.0,
        "I-sportsteam": 0.0,
        "I-tvshow": 0.0,
        "O": 0.989776181265543,
        "<pad>": 0
    },
    "validation_loss": 229.05172729492188,
    "epoch_num": 9
}