{
    "train_accuracy": 0.9553354890864996,
    "train_accuracy_per_label": {
        "B-company": 0.4925373134328358,
        "B-facility": 0.13157894736842105,
        "B-geo-loc": 0.3869346733668342,
        "B-movie": 0.0,
        "B-musicartist": 0.0,
        "B-other": 0.09876543209876543,
        "B-person": 0.5899705014749262,
        "B-product": 0.1794871794871795,
        "B-sportsteam": 0.0,
        "B-tvshow": 0.0,
        "I-company": 0.0,
        "I-facility": 0.17333333333333334,
        "I-geo-loc": 0.0,
        "I-movie": 0.0,
        "I-musicartist": 0.0,
        "I-other": 0.07531380753138076,
        "I-person": 0.6209150326797386,
        "I-product": 0.03125,
        "I-sportsteam": 0.0,
        "I-tvshow": 0.0,
        "O": 0.9931711481007256,
        "<pad>": 0
    },
    "train_loss": 123.10541534423828,
    "validation_accuracy": 0.9488586861822618,
    "validation_accuracy_per_label": {
        "B-company": 0.3055555555555556,
        "B-facility": 0.07142857142857142,
        "B-geo-loc": 0.15584415584415584,
        "B-movie": 0.0,
        "B-musicartist": 0.0,
        "B-other": 0.09523809523809523,
        "B-person": 0.3055555555555556,
        "B-product": 0.05263157894736842,
        "B-sportsteam": 0.0,
        "B-tvshow": 0.0,
        "I-company": 0.0,
        "I-facility": 0.13793103448275862,
        "I-geo-loc": 0.0,
        "I-movie": 0.0,
        "I-musicartist": 0.0,
        "I-other": 0.04938271604938271,
        "I-person": 0.13114754098360656,
        "I-product": 0.0,
        "I-sportsteam": 0.0,
        "I-tvshow": 0.0,
        "O": 0.9956709956709957,
        "<pad>": 0
    },
    "validation_loss": 164.23121643066406,
    "epoch_num": 19
}