{
    "train_accuracy": 0.9465873657466221,
    "train_accuracy_per_label": {
        "B-company": 0.3656716417910448,
        "B-facility": 0.07894736842105263,
        "B-geo-loc": 0.20603015075376885,
        "B-movie": 0.0,
        "B-musicartist": 0.0,
        "B-other": 0.05555555555555555,
        "B-person": 0.471976401179941,
        "B-product": 0.08974358974358974,
        "B-sportsteam": 0.0,
        "B-tvshow": 0.0,
        "I-company": 0.0,
        "I-facility": 0.09333333333333334,
        "I-geo-loc": 0.0,
        "I-movie": 0.0,
        "I-musicartist": 0.0,
        "I-other": 0.0502092050209205,
        "I-person": 0.49673202614379086,
        "I-product": 0.015625,
        "I-sportsteam": 0.0,
        "I-tvshow": 0.0,
        "O": 0.988293396744101,
        "<pad>": 0
    },
    "train_loss": 157.1258544921875,
    "validation_accuracy": 0.9463321136086427,
    "validation_accuracy_per_label": {
        "B-company": 0.25,
        "B-facility": 0.07142857142857142,
        "B-geo-loc": 0.09090909090909091,
        "B-movie": 0.0,
        "B-musicartist": 0.0,
        "B-other": 0.09523809523809523,
        "B-person": 0.24074074074074073,
        "B-product": 0.0,
        "B-sportsteam": 0.0,
        "B-tvshow": 0.0,
        "I-company": 0.0,
        "I-facility": 0.13793103448275862,
        "I-geo-loc": 0.0,
        "I-movie": 0.0,
        "I-musicartist": 0.0,
        "I-other": 0.024691358024691357,
        "I-person": 0.13114754098360656,
        "I-product": 0.0,
        "I-sportsteam": 0.0,
        "I-tvshow": 0.0,
        "O": 0.9945657179699733,
        "<pad>": 0
    },
    "validation_loss": 177.8270721435547,
    "epoch_num": 15
}