{
    "train_accuracy": 0.9436424529391385,
    "train_accuracy_per_label": {
        "B-company": 0.3656716417910448,
        "B-facility": 0.07894736842105263,
        "B-geo-loc": 0.1507537688442211,
        "B-movie": 0.0,
        "B-musicartist": 0.0,
        "B-other": 0.04938271604938271,
        "B-person": 0.43952802359882004,
        "B-product": 0.08974358974358974,
        "B-sportsteam": 0.0,
        "B-tvshow": 0.0,
        "I-company": 0.0,
        "I-facility": 0.08,
        "I-geo-loc": 0.0,
        "I-movie": 0.0,
        "I-musicartist": 0.0,
        "I-other": 0.03765690376569038,
        "I-person": 0.477124183006536,
        "I-product": 0.015625,
        "I-sportsteam": 0.0,
        "I-tvshow": 0.0,
        "O": 0.9860984086336199,
        "<pad>": 0
    },
    "train_loss": 168.22593688964844,
    "validation_accuracy": 0.9453737584945112,
    "validation_accuracy_per_label": {
        "B-company": 0.25,
        "B-facility": 0.07142857142857142,
        "B-geo-loc": 0.07792207792207792,
        "B-movie": 0.0,
        "B-musicartist": 0.0,
        "B-other": 0.031746031746031744,
        "B-person": 0.23148148148148148,
        "B-product": 0.0,
        "B-sportsteam": 0.0,
        "B-tvshow": 0.0,
        "I-company": 0.0,
        "I-facility": 0.10344827586206896,
        "I-geo-loc": 0.0,
        "I-movie": 0.0,
        "I-musicartist": 0.0,
        "I-other": 0.024691358024691357,
        "I-person": 0.13114754098360656,
        "I-product": 0.0,
        "I-sportsteam": 0.0,
        "I-tvshow": 0.0,
        "O": 0.9941972920696325,
        "<pad>": 0
    },
    "validation_loss": 182.804931640625,
    "epoch_num": 14
}