{
    "train_accuracy": 0.9491280748354314,
    "train_accuracy_per_label": {
        "B-company": 0.373134328358209,
        "B-facility": 0.07894736842105263,
        "B-geo-loc": 0.2814070351758794,
        "B-movie": 0.0,
        "B-musicartist": 0.0,
        "B-other": 0.08024691358024691,
        "B-person": 0.5073746312684366,
        "B-product": 0.14102564102564102,
        "B-sportsteam": 0.0,
        "B-tvshow": 0.0,
        "I-company": 0.0,
        "I-facility": 0.10666666666666667,
        "I-geo-loc": 0.0,
        "I-movie": 0.0,
        "I-musicartist": 0.0,
        "I-other": 0.06276150627615062,
        "I-person": 0.5228758169934641,
        "I-product": 0.015625,
        "I-sportsteam": 0.0,
        "I-tvshow": 0.0,
        "O": 0.9896347783671727,
        "<pad>": 0
    },
    "train_loss": 147.2525634765625,
    "validation_accuracy": 0.9467677295696114,
    "validation_accuracy_per_label": {
        "B-company": 0.25,
        "B-facility": 0.07142857142857142,
        "B-geo-loc": 0.1038961038961039,
        "B-movie": 0.0,
        "B-musicartist": 0.0,
        "B-other": 0.09523809523809523,
        "B-person": 0.24074074074074073,
        "B-product": 0.05263157894736842,
        "B-sportsteam": 0.0,
        "B-tvshow": 0.0,
        "I-company": 0.0,
        "I-facility": 0.13793103448275862,
        "I-geo-loc": 0.0,
        "I-movie": 0.0,
        "I-musicartist": 0.0,
        "I-other": 0.04938271604938271,
        "I-person": 0.13114754098360656,
        "I-product": 0.0,
        "I-sportsteam": 0.0,
        "I-tvshow": 0.0,
        "O": 0.9946578244450585,
        "<pad>": 0
    },
    "validation_loss": 173.6083221435547,
    "epoch_num": 16
}