{
    "train_accuracy": 0.7094930130500058,
    "train_accuracy_per_label": {
        "B-company": 0.22388059701492538,
        "B-facility": 0.15789473684210525,
        "B-geo-loc": 0.010050251256281407,
        "B-movie": 0.0,
        "B-musicartist": 0.0,
        "B-other": 0.018518518518518517,
        "B-person": 0.038348082595870206,
        "B-product": 0.01282051282051282,
        "B-sportsteam": 0.0,
        "B-tvshow": 0.0,
        "I-company": 0.0,
        "I-facility": 0.0,
        "I-geo-loc": 0.02857142857142857,
        "I-movie": 0.0,
        "I-musicartist": 0.0,
        "I-other": 0.06276150627615062,
        "I-person": 0.013071895424836602,
        "I-product": 0.0,
        "I-sportsteam": 0.0,
        "I-tvshow": 0.0,
        "O": 0.7467532467532467,
        "<pad>": 0
    },
    "train_loss": 1049.3841552734375,
    "validation_accuracy": 0.8069350060986235,
    "validation_accuracy_per_label": {
        "B-company": 0.19444444444444445,
        "B-facility": 0.07142857142857142,
        "B-geo-loc": 0.0,
        "B-movie": 0.0,
        "B-musicartist": 0.0,
        "B-other": 0.0,
        "B-person": 0.018518518518518517,
        "B-product": 0.0,
        "B-sportsteam": 0.0,
        "B-tvshow": 0.0,
        "I-company": 0.0,
        "I-facility": 0.0,
        "I-geo-loc": 0.0,
        "I-movie": 0.0,
        "I-musicartist": 0.0,
        "I-other": 0.024691358024691357,
        "I-person": 0.0,
        "I-product": 0.0,
        "I-sportsteam": 0.0,
        "I-tvshow": 0.0,
        "O": 0.8518927880630008,
        "<pad>": 0
    },
    "validation_loss": 821.857666015625,
    "epoch_num": 2
}