{
    "train_accuracy": 0.9175424413904608,
    "train_accuracy_per_label": {
        "B-company": 0.3358208955223881,
        "B-facility": 0.09210526315789473,
        "B-geo-loc": 0.035175879396984924,
        "B-movie": 0.0,
        "B-musicartist": 0.0,
        "B-other": 0.006172839506172839,
        "B-person": 0.15634218289085547,
        "B-product": 0.0641025641025641,
        "B-sportsteam": 0.0,
        "B-tvshow": 0.0,
        "I-company": 0.0,
        "I-facility": 0.04,
        "I-geo-loc": 0.0,
        "I-movie": 0.0,
        "I-musicartist": 0.0,
        "I-other": 0.02092050209205021,
        "I-person": 0.1568627450980392,
        "I-product": 0.015625,
        "I-sportsteam": 0.0,
        "I-tvshow": 0.0,
        "O": 0.9642399853667459,
        "<pad>": 0
    },
    "train_loss": 286.5850524902344,
    "validation_accuracy": 0.9362258233141663,
    "validation_accuracy_per_label": {
        "B-company": 0.25,
        "B-facility": 0.0,
        "B-geo-loc": 0.05194805194805195,
        "B-movie": 0.0,
        "B-musicartist": 0.0,
        "B-other": 0.015873015873015872,
        "B-person": 0.1111111111111111,
        "B-product": 0.0,
        "B-sportsteam": 0.0,
        "B-tvshow": 0.0,
        "I-company": 0.0,
        "I-facility": 0.0,
        "I-geo-loc": 0.0,
        "I-movie": 0.0,
        "I-musicartist": 0.0,
        "I-other": 0.024691358024691357,
        "I-person": 0.09836065573770492,
        "I-product": 0.0,
        "I-sportsteam": 0.0,
        "I-tvshow": 0.0,
        "O": 0.9866445611126462,
        "<pad>": 0
    },
    "validation_loss": 246.78326416015625,
    "epoch_num": 8
}