{
    "train_accuracy": 0.5177272202332833,
    "train_accuracy_per_label": {
        "B-company": 0.13432835820895522,
        "B-facility": 0.07894736842105263,
        "B-geo-loc": 0.020100502512562814,
        "B-movie": 0.0,
        "B-musicartist": 0.0,
        "B-other": 0.024691358024691357,
        "B-person": 0.035398230088495575,
        "B-product": 0.0641025641025641,
        "B-sportsteam": 0.0,
        "B-tvshow": 0.0,
        "I-company": 0.0,
        "I-facility": 0.0,
        "I-geo-loc": 0.05714285714285714,
        "I-movie": 0.0,
        "I-musicartist": 0.0,
        "I-other": 0.11715481171548117,
        "I-person": 0.013071895424836602,
        "I-product": 0.0,
        "I-sportsteam": 0.0,
        "I-tvshow": 0.0,
        "O": 0.5442046216694104,
        "<pad>": 0
    },
    "train_loss": 1419.992919921875,
    "validation_accuracy": 0.6939362258233142,
    "validation_accuracy_per_label": {
        "B-company": 0.2222222222222222,
        "B-facility": 0.07142857142857142,
        "B-geo-loc": 0.0,
        "B-movie": 0.0,
        "B-musicartist": 0.0,
        "B-other": 0.015873015873015872,
        "B-person": 0.009259259259259259,
        "B-product": 0.0,
        "B-sportsteam": 0.0,
        "B-tvshow": 0.0,
        "I-company": 0.0,
        "I-facility": 0.0,
        "I-geo-loc": 0.07142857142857142,
        "I-movie": 0.0,
        "I-musicartist": 0.0,
        "I-other": 0.037037037037037035,
        "I-person": 0.0,
        "I-product": 0.0,
        "I-sportsteam": 0.0,
        "I-tvshow": 0.0,
        "O": 0.7321543704522427,
        "<pad>": 0
    },
    "validation_loss": 1181.3978271484375,
    "epoch_num": 1
}