{
    "train_accuracy": 0.9339415636909574,
    "train_accuracy_per_label": {
        "B-company": 0.3582089552238806,
        "B-facility": 0.06578947368421052,
        "B-geo-loc": 0.07537688442211055,
        "B-movie": 0.0,
        "B-musicartist": 0.0,
        "B-other": 0.04938271604938271,
        "B-person": 0.2920353982300885,
        "B-product": 0.08974358974358974,
        "B-sportsteam": 0.0,
        "B-tvshow": 0.0,
        "I-company": 0.0,
        "I-facility": 0.05333333333333334,
        "I-geo-loc": 0.0,
        "I-movie": 0.0,
        "I-musicartist": 0.0,
        "I-other": 0.04184100418410042,
        "I-person": 0.29411764705882354,
        "I-product": 0.0,
        "I-sportsteam": 0.0,
        "I-tvshow": 0.0,
        "O": 0.9788122675446619,
        "<pad>": 0
    },
    "train_loss": 212.22250366210938,
    "validation_accuracy": 0.9416274612301795,
    "validation_accuracy_per_label": {
        "B-company": 0.25,
        "B-facility": 0.0,
        "B-geo-loc": 0.05194805194805195,
        "B-movie": 0.0,
        "B-musicartist": 0.0,
        "B-other": 0.031746031746031744,
        "B-person": 0.12037037037037036,
        "B-product": 0.0,
        "B-sportsteam": 0.0,
        "B-tvshow": 0.0,
        "I-company": 0.0,
        "I-facility": 0.0,
        "I-geo-loc": 0.0,
        "I-movie": 0.0,
        "I-musicartist": 0.0,
        "I-other": 0.024691358024691357,
        "I-person": 0.11475409836065574,
        "I-product": 0.0,
        "I-sportsteam": 0.0,
        "I-tvshow": 0.0,
        "O": 0.9920788431426729,
        "<pad>": 0
    },
    "validation_loss": 204.5857391357422,
    "epoch_num": 11
}