{
    "train_accuracy": 0.9631019748238827,
    "train_accuracy_per_label": {
        "B-company": 0.5597014925373134,
        "B-facility": 0.0,
        "B-geo-loc": 0.6030150753768844,
        "B-movie": 0.0,
        "B-musicartist": 0.047619047619047616,
        "B-other": 0.018518518518518517,
        "B-person": 0.8023598820058997,
        "B-product": 0.0,
        "B-sportsteam": 0.0,
        "B-tvshow": 0.0,
        "I-company": 0.0,
        "I-facility": 0.0,
        "I-geo-loc": 0.0,
        "I-movie": 0.0,
        "I-musicartist": 0.0,
        "I-other": 0.10460251046025104,
        "I-person": 0.5686274509803921,
        "I-product": 0.015625,
        "I-sportsteam": 0.0,
        "I-tvshow": 0.0,
        "O": 0.9991159075666118,
        "<pad>": 0
    },
    "train_loss": 89.99198150634766,
    "validation_accuracy": 0.9515595051402683,
    "validation_accuracy_per_label": {
        "B-company": 0.4166666666666667,
        "B-facility": 0.0,
        "B-geo-loc": 0.33766233766233766,
        "B-movie": 0.0,
        "B-musicartist": 0.0,
        "B-other": 0.031746031746031744,
        "B-person": 0.6574074074074074,
        "B-product": 0.0,
        "B-sportsteam": 0.0,
        "B-tvshow": 0.0,
        "I-company": 0.0,
        "I-facility": 0.0,
        "I-geo-loc": 0.0,
        "I-movie": 0.0,
        "I-musicartist": 0.0,
        "I-other": 0.024691358024691357,
        "I-person": 0.4918032786885246,
        "I-product": 0.0,
        "I-sportsteam": 0.0,
        "I-tvshow": 0.0,
        "O": 0.9925393755180989,
        "<pad>": 0
    },
    "validation_loss": 139.21435546875,
    "epoch_num": 13
}