{
    "train_accuracy": 0.9737267582861763,
    "train_accuracy_per_label": {
        "B-company": 0.7089552238805971,
        "B-facility": 0.0,
        "B-geo-loc": 0.8090452261306532,
        "B-movie": 0.0,
        "B-musicartist": 0.047619047619047616,
        "B-other": 0.3765432098765432,
        "B-person": 0.9085545722713865,
        "B-product": 0.3717948717948718,
        "B-sportsteam": 0.05,
        "B-tvshow": 0.0,
        "I-company": 0.0,
        "I-facility": 0.05333333333333334,
        "I-geo-loc": 0.02857142857142857,
        "I-movie": 0.0,
        "I-musicartist": 0.0,
        "I-other": 0.6276150627615062,
        "I-person": 0.8496732026143791,
        "I-product": 0.0625,
        "I-sportsteam": 0.10526315789473684,
        "I-tvshow": 0.0,
        "O": 0.9992378513505275,
        "<pad>": 0
    },
    "train_loss": 60.01585006713867,
    "validation_accuracy": 0.9502526572573619,
    "validation_accuracy_per_label": {
        "B-company": 0.4444444444444444,
        "B-facility": 0.03571428571428571,
        "B-geo-loc": 0.37662337662337664,
        "B-movie": 0.0,
        "B-musicartist": 0.0,
        "B-other": 0.12698412698412698,
        "B-person": 0.6944444444444444,
        "B-product": 0.21052631578947367,
        "B-sportsteam": 0.0,
        "B-tvshow": 0.0,
        "I-company": 0.0,
        "I-facility": 0.10344827586206896,
        "I-geo-loc": 0.0,
        "I-movie": 0.0,
        "I-musicartist": 0.0,
        "I-other": 0.2345679012345679,
        "I-person": 0.5901639344262295,
        "I-product": 0.125,
        "I-sportsteam": 0.0,
        "I-tvshow": 0.0,
        "O": 0.9868287740628167,
        "<pad>": 0
    },
    "validation_loss": 138.7353515625,
    "epoch_num": 19
}