{
    "train_accuracy": 0.9605323940408823,
    "train_accuracy_per_label": {
        "B-company": 0.5,
        "B-facility": 0.0,
        "B-geo-loc": 0.5125628140703518,
        "B-movie": 0.0,
        "B-musicartist": 0.047619047619047616,
        "B-other": 0.0,
        "B-person": 0.7374631268436578,
        "B-product": 0.0,
        "B-sportsteam": 0.0,
        "B-tvshow": 0.0,
        "I-company": 0.0,
        "I-facility": 0.0,
        "I-geo-loc": 0.0,
        "I-movie": 0.0,
        "I-musicartist": 0.0,
        "I-other": 0.0041841004184100415,
        "I-person": 0.477124183006536,
        "I-product": 0.015625,
        "I-sportsteam": 0.0,
        "I-tvshow": 0.0,
        "O": 0.9991159075666118,
        "<pad>": 0
    },
    "train_loss": 96.89987182617188,
    "validation_accuracy": 0.950949642794912,
    "validation_accuracy_per_label": {
        "B-company": 0.3888888888888889,
        "B-facility": 0.0,
        "B-geo-loc": 0.2987012987012987,
        "B-movie": 0.0,
        "B-musicartist": 0.0,
        "B-other": 0.015873015873015872,
        "B-person": 0.6481481481481481,
        "B-product": 0.0,
        "B-sportsteam": 0.0,
        "B-tvshow": 0.0,
        "I-company": 0.0,
        "I-facility": 0.0,
        "I-geo-loc": 0.0,
        "I-movie": 0.0,
        "I-musicartist": 0.0,
        "I-other": 0.012345679012345678,
        "I-person": 0.3770491803278688,
        "I-product": 0.0,
        "I-sportsteam": 0.0,
        "I-tvshow": 0.0,
        "O": 0.9931841208436953,
        "<pad>": 0
    },
    "validation_loss": 140.5905303955078,
    "epoch_num": 12
}