{
    "train_accuracy": 0.9521884744196789,
    "train_accuracy_per_label": {
        "B-company": 0.16417910447761194,
        "B-facility": 0.0,
        "B-geo-loc": 0.04020100502512563,
        "B-movie": 0.0,
        "B-musicartist": 0.023809523809523808,
        "B-other": 0.0,
        "B-person": 0.4808259587020649,
        "B-product": 0.0,
        "B-sportsteam": 0.0,
        "B-tvshow": 0.0,
        "I-company": 0.0,
        "I-facility": 0.0,
        "I-geo-loc": 0.0,
        "I-movie": 0.0,
        "I-musicartist": 0.0,
        "I-other": 0.0,
        "I-person": 0.026143790849673203,
        "I-product": 0.0,
        "I-sportsteam": 0.0,
        "I-tvshow": 0.0,
        "O": 0.9993902810804219,
        "<pad>": 0
    },
    "train_loss": 122.15667724609375,
    "validation_accuracy": 0.9480745774525179,
    "validation_accuracy_per_label": {
        "B-company": 0.3333333333333333,
        "B-facility": 0.0,
        "B-geo-loc": 0.012987012987012988,
        "B-movie": 0.0,
        "B-musicartist": 0.0,
        "B-other": 0.0,
        "B-person": 0.42592592592592593,
        "B-product": 0.0,
        "B-sportsteam": 0.0,
        "B-tvshow": 0.0,
        "I-company": 0.0,
        "I-facility": 0.0,
        "I-geo-loc": 0.0,
        "I-movie": 0.0,
        "I-musicartist": 0.0,
        "I-other": 0.0,
        "I-person": 0.0,
        "I-product": 0.0,
        "I-sportsteam": 0.0,
        "I-tvshow": 0.0,
        "O": 0.9968683798471033,
        "<pad>": 0
    },
    "validation_loss": 150.04965209960938,
    "epoch_num": 9
}