{
    "train_accuracy": 0.9678369326712092,
    "train_accuracy_per_label": {
        "B-company": 0.6417910447761194,
        "B-facility": 0.0,
        "B-geo-loc": 0.7286432160804021,
        "B-movie": 0.0,
        "B-musicartist": 0.047619047619047616,
        "B-other": 0.1419753086419753,
        "B-person": 0.8584070796460177,
        "B-product": 0.08974358974358974,
        "B-sportsteam": 0.0,
        "B-tvshow": 0.0,
        "I-company": 0.0,
        "I-facility": 0.013333333333333334,
        "I-geo-loc": 0.0,
        "I-movie": 0.0,
        "I-musicartist": 0.0,
        "I-other": 0.3514644351464435,
        "I-person": 0.7320261437908496,
        "I-product": 0.0,
        "I-sportsteam": 0.0,
        "I-tvshow": 0.0,
        "O": 0.999054935674654,
        "<pad>": 0
    },
    "train_loss": 77.96920776367188,
    "validation_accuracy": 0.9513852587558809,
    "validation_accuracy_per_label": {
        "B-company": 0.4444444444444444,
        "B-facility": 0.0,
        "B-geo-loc": 0.37662337662337664,
        "B-movie": 0.0,
        "B-musicartist": 0.0,
        "B-other": 0.07936507936507936,
        "B-person": 0.6944444444444444,
        "B-product": 0.0,
        "B-sportsteam": 0.0,
        "B-tvshow": 0.0,
        "I-company": 0.0,
        "I-facility": 0.0,
        "I-geo-loc": 0.0,
        "I-movie": 0.0,
        "I-musicartist": 0.0,
        "I-other": 0.14814814814814814,
        "I-person": 0.5573770491803278,
        "I-product": 0.0,
        "I-sportsteam": 0.0,
        "I-tvshow": 0.0,
        "O": 0.9900525006907985,
        "<pad>": 0
    },
    "validation_loss": 138.10118103027344,
    "epoch_num": 15
}