{
    "train_accuracy": 0.958078300034646,
    "train_accuracy_per_label": {
        "B-company": 0.4253731343283582,
        "B-facility": 0.0,
        "B-geo-loc": 0.36683417085427134,
        "B-movie": 0.0,
        "B-musicartist": 0.023809523809523808,
        "B-other": 0.0,
        "B-person": 0.6843657817109144,
        "B-product": 0.0,
        "B-sportsteam": 0.0,
        "B-tvshow": 0.0,
        "I-company": 0.0,
        "I-facility": 0.0,
        "I-geo-loc": 0.0,
        "I-movie": 0.0,
        "I-musicartist": 0.0,
        "I-other": 0.0,
        "I-person": 0.29411764705882354,
        "I-product": 0.015625,
        "I-sportsteam": 0.0,
        "I-tvshow": 0.0,
        "O": 0.9991768794585696,
        "<pad>": 0
    },
    "train_loss": 104.44657135009766,
    "validation_accuracy": 0.9507753964105244,
    "validation_accuracy_per_label": {
        "B-company": 0.3888888888888889,
        "B-facility": 0.0,
        "B-geo-loc": 0.23376623376623376,
        "B-movie": 0.0,
        "B-musicartist": 0.0,
        "B-other": 0.0,
        "B-person": 0.6203703703703703,
        "B-product": 0.0,
        "B-sportsteam": 0.0,
        "B-tvshow": 0.0,
        "I-company": 0.0,
        "I-facility": 0.0,
        "I-geo-loc": 0.0,
        "I-movie": 0.0,
        "I-musicartist": 0.0,
        "I-other": 0.0,
        "I-person": 0.22950819672131148,
        "I-product": 0.0,
        "I-sportsteam": 0.0,
        "I-tvshow": 0.0,
        "O": 0.9947499309201436,
        "<pad>": 0
    },
    "validation_loss": 142.8321075439453,
    "epoch_num": 11
}