{
    "train_accuracy": 0.9472225430188244,
    "train_accuracy_per_label": {
        "B-company": 0.0,
        "B-facility": 0.0,
        "B-geo-loc": 0.0,
        "B-movie": 0.0,
        "B-musicartist": 0.0,
        "B-other": 0.0,
        "B-person": 0.029498525073746312,
        "B-product": 0.0,
        "B-sportsteam": 0.0,
        "B-tvshow": 0.0,
        "I-company": 0.0,
        "I-facility": 0.0,
        "I-geo-loc": 0.0,
        "I-movie": 0.0,
        "I-musicartist": 0.0,
        "I-other": 0.0,
        "I-person": 0.006535947712418301,
        "I-product": 0.0,
        "I-sportsteam": 0.0,
        "I-tvshow": 0.0,
        "O": 0.9998475702701055,
        "<pad>": 0
    },
    "train_loss": 168.07901000976562,
    "validation_accuracy": 0.9461578672242551,
    "validation_accuracy_per_label": {
        "B-company": 0.0,
        "B-facility": 0.0,
        "B-geo-loc": 0.012987012987012988,
        "B-movie": 0.0,
        "B-musicartist": 0.0,
        "B-other": 0.0,
        "B-person": 0.05555555555555555,
        "B-product": 0.0,
        "B-sportsteam": 0.0,
        "B-tvshow": 0.0,
        "I-company": 0.0,
        "I-facility": 0.0,
        "I-geo-loc": 0.0,
        "I-movie": 0.0,
        "I-musicartist": 0.0,
        "I-other": 0.0,
        "I-person": 0.03278688524590164,
        "I-product": 0.0,
        "I-sportsteam": 0.0,
        "I-tvshow": 0.0,
        "O": 0.9994473611494888,
        "<pad>": 0
    },
    "validation_loss": 172.3506317138672,
    "epoch_num": 4
}