{
    "train_accuracy": 0.9699734380413443,
    "train_accuracy_per_label": {
        "B-company": 0.6791044776119403,
        "B-facility": 0.3026315789473684,
        "B-geo-loc": 0.7437185929648241,
        "B-movie": 0.0,
        "B-musicartist": 0.0,
        "B-other": 0.15432098765432098,
        "B-person": 0.8289085545722714,
        "B-product": 0.2692307692307692,
        "B-sportsteam": 0.0,
        "B-tvshow": 0.0,
        "I-company": 0.0,
        "I-facility": 0.4,
        "I-geo-loc": 0.0,
        "I-movie": 0.0,
        "I-musicartist": 0.0,
        "I-other": 0.36401673640167365,
        "I-person": 0.7777777777777778,
        "I-product": 0.03125,
        "I-sportsteam": 0.0,
        "I-tvshow": 0.0,
        "O": 0.9989939637826962,
        "<pad>": 0
    },
    "train_loss": 73.87692260742188,
    "validation_accuracy": 0.9547830632514376,
    "validation_accuracy_per_label": {
        "B-company": 0.4444444444444444,
        "B-facility": 0.21428571428571427,
        "B-geo-loc": 0.45454545454545453,
        "B-movie": 0.0,
        "B-musicartist": 0.0,
        "B-other": 0.06349206349206349,
        "B-person": 0.7592592592592593,
        "B-product": 0.05263157894736842,
        "B-sportsteam": 0.0,
        "B-tvshow": 0.0,
        "I-company": 0.0,
        "I-facility": 0.20689655172413793,
        "I-geo-loc": 0.0,
        "I-movie": 0.0,
        "I-musicartist": 0.0,
        "I-other": 0.18518518518518517,
        "I-person": 0.45901639344262296,
        "I-product": 0.0,
        "I-sportsteam": 0.0,
        "I-tvshow": 0.0,
        "O": 0.9916183107672469,
        "<pad>": 0
    },
    "validation_loss": 128.4816131591797,
    "epoch_num": 15
}