{
    "train_accuracy": 0.9678658043654002,
    "train_accuracy_per_label": {
        "B-company": 0.6791044776119403,
        "B-facility": 0.21052631578947367,
        "B-geo-loc": 0.7035175879396985,
        "B-movie": 0.0,
        "B-musicartist": 0.0,
        "B-other": 0.10493827160493827,
        "B-person": 0.8200589970501475,
        "B-product": 0.14102564102564102,
        "B-sportsteam": 0.0,
        "B-tvshow": 0.0,
        "I-company": 0.0,
        "I-facility": 0.30666666666666664,
        "I-geo-loc": 0.0,
        "I-movie": 0.0,
        "I-musicartist": 0.0,
        "I-other": 0.28451882845188287,
        "I-person": 0.7450980392156863,
        "I-product": 0.0,
        "I-sportsteam": 0.0,
        "I-tvshow": 0.0,
        "O": 0.9988720199987806,
        "<pad>": 0
    },
    "train_loss": 79.42314147949219,
    "validation_accuracy": 0.9556542951733752,
    "validation_accuracy_per_label": {
        "B-company": 0.4722222222222222,
        "B-facility": 0.21428571428571427,
        "B-geo-loc": 0.45454545454545453,
        "B-movie": 0.0,
        "B-musicartist": 0.0,
        "B-other": 0.06349206349206349,
        "B-person": 0.7592592592592593,
        "B-product": 0.05263157894736842,
        "B-sportsteam": 0.0,
        "B-tvshow": 0.0,
        "I-company": 0.0,
        "I-facility": 0.20689655172413793,
        "I-geo-loc": 0.0,
        "I-movie": 0.0,
        "I-musicartist": 0.0,
        "I-other": 0.16049382716049382,
        "I-person": 0.4426229508196721,
        "I-product": 0.0,
        "I-sportsteam": 0.0,
        "I-tvshow": 0.0,
        "O": 0.9927235884682694,
        "<pad>": 0
    },
    "validation_loss": 129.26885986328125,
    "epoch_num": 14
}