{
    "train_accuracy": 0.9660468876313663,
    "train_accuracy_per_label": {
        "B-company": 0.6791044776119403,
        "B-facility": 0.17105263157894737,
        "B-geo-loc": 0.6582914572864321,
        "B-movie": 0.0,
        "B-musicartist": 0.0,
        "B-other": 0.06790123456790123,
        "B-person": 0.8023598820058997,
        "B-product": 0.10256410256410256,
        "B-sportsteam": 0.0,
        "B-tvshow": 0.0,
        "I-company": 0.0,
        "I-facility": 0.25333333333333335,
        "I-geo-loc": 0.0,
        "I-movie": 0.0,
        "I-musicartist": 0.0,
        "I-other": 0.18410041841004185,
        "I-person": 0.7058823529411765,
        "I-product": 0.0,
        "I-sportsteam": 0.0,
        "I-tvshow": 0.0,
        "O": 0.9988110481068228,
        "<pad>": 0
    },
    "train_loss": 85.26115417480469,
    "validation_accuracy": 0.9556542951733752,
    "validation_accuracy_per_label": {
        "B-company": 0.4444444444444444,
        "B-facility": 0.14285714285714285,
        "B-geo-loc": 0.4675324675324675,
        "B-movie": 0.0,
        "B-musicartist": 0.0,
        "B-other": 0.015873015873015872,
        "B-person": 0.7407407407407407,
        "B-product": 0.0,
        "B-sportsteam": 0.0,
        "B-tvshow": 0.0,
        "I-company": 0.0,
        "I-facility": 0.20689655172413793,
        "I-geo-loc": 0.0,
        "I-movie": 0.0,
        "I-musicartist": 0.0,
        "I-other": 0.1111111111111111,
        "I-person": 0.4426229508196721,
        "I-product": 0.0,
        "I-sportsteam": 0.0,
        "I-tvshow": 0.0,
        "O": 0.9938288661692917,
        "<pad>": 0
    },
    "validation_loss": 130.50387573242188,
    "epoch_num": 13
}