{
    "train_accuracy": 0.9768737729529969,
    "train_accuracy_per_label": {
        "B-company": 0.7313432835820896,
        "B-facility": 0.5,
        "B-geo-loc": 0.7839195979899497,
        "B-movie": 0.0,
        "B-musicartist": 0.0,
        "B-other": 0.4012345679012346,
        "B-person": 0.8938053097345132,
        "B-product": 0.5897435897435898,
        "B-sportsteam": 0.125,
        "B-tvshow": 0.0,
        "I-company": 0.0,
        "I-facility": 0.5866666666666667,
        "I-geo-loc": 0.08571428571428572,
        "I-movie": 0.0,
        "I-musicartist": 0.0,
        "I-other": 0.6610878661087866,
        "I-person": 0.8169934640522876,
        "I-product": 0.34375,
        "I-sportsteam": 0.15789473684210525,
        "I-tvshow": 0.0,
        "O": 0.9989939637826962,
        "<pad>": 0
    },
    "train_loss": 54.7978630065918,
    "validation_accuracy": 0.9533890921763374,
    "validation_accuracy_per_label": {
        "B-company": 0.4722222222222222,
        "B-facility": 0.21428571428571427,
        "B-geo-loc": 0.44155844155844154,
        "B-movie": 0.0,
        "B-musicartist": 0.0,
        "B-other": 0.06349206349206349,
        "B-person": 0.7314814814814815,
        "B-product": 0.2631578947368421,
        "B-sportsteam": 0.18181818181818182,
        "B-tvshow": 0.0,
        "I-company": 0.0,
        "I-facility": 0.2413793103448276,
        "I-geo-loc": 0.0,
        "I-movie": 0.0,
        "I-musicartist": 0.0,
        "I-other": 0.2345679012345679,
        "I-person": 0.5737704918032787,
        "I-product": 0.25,
        "I-sportsteam": 0.0,
        "I-tvshow": 0.0,
        "O": 0.988394584139265,
        "<pad>": 0
    },
    "validation_loss": 128.61077880859375,
    "epoch_num": 19
}