{
    "train_accuracy": 0.9644300727566694,
    "train_accuracy_per_label": {
        "B-company": 0.6492537313432836,
        "B-facility": 0.11842105263157894,
        "B-geo-loc": 0.6331658291457286,
        "B-movie": 0.0,
        "B-musicartist": 0.0,
        "B-other": 0.037037037037037035,
        "B-person": 0.7728613569321534,
        "B-product": 0.0641025641025641,
        "B-sportsteam": 0.0,
        "B-tvshow": 0.0,
        "I-company": 0.0,
        "I-facility": 0.17333333333333334,
        "I-geo-loc": 0.0,
        "I-movie": 0.0,
        "I-musicartist": 0.0,
        "I-other": 0.13807531380753138,
        "I-person": 0.6535947712418301,
        "I-product": 0.0,
        "I-sportsteam": 0.0,
        "I-tvshow": 0.0,
        "O": 0.9988110481068228,
        "<pad>": 0
    },
    "train_loss": 91.39836120605469,
    "validation_accuracy": 0.9554800487889876,
    "validation_accuracy_per_label": {
        "B-company": 0.4444444444444444,
        "B-facility": 0.10714285714285714,
        "B-geo-loc": 0.4805194805194805,
        "B-movie": 0.0,
        "B-musicartist": 0.0,
        "B-other": 0.015873015873015872,
        "B-person": 0.7222222222222222,
        "B-product": 0.0,
        "B-sportsteam": 0.0,
        "B-tvshow": 0.0,
        "I-company": 0.0,
        "I-facility": 0.1724137931034483,
        "I-geo-loc": 0.0,
        "I-movie": 0.0,
        "I-musicartist": 0.0,
        "I-other": 0.07407407407407407,
        "I-person": 0.4426229508196721,
        "I-product": 0.0,
        "I-sportsteam": 0.0,
        "I-tvshow": 0.0,
        "O": 0.9941972920696325,
        "<pad>": 0
    },
    "validation_loss": 132.15042114257812,
    "epoch_num": 12
}