{
    "train_accuracy": 0.9748816260538168,
    "train_accuracy_per_label": {
        "B-company": 0.7313432835820896,
        "B-facility": 0.4605263157894737,
        "B-geo-loc": 0.7788944723618091,
        "B-movie": 0.0,
        "B-musicartist": 0.0,
        "B-other": 0.30246913580246915,
        "B-person": 0.8731563421828908,
        "B-product": 0.5769230769230769,
        "B-sportsteam": 0.125,
        "B-tvshow": 0.0,
        "I-company": 0.0,
        "I-facility": 0.5466666666666666,
        "I-geo-loc": 0.05714285714285714,
        "I-movie": 0.0,
        "I-musicartist": 0.0,
        "I-other": 0.5523012552301255,
        "I-person": 0.8104575163398693,
        "I-product": 0.265625,
        "I-sportsteam": 0.10526315789473684,
        "I-tvshow": 0.0,
        "O": 0.9988720199987806,
        "<pad>": 0
    },
    "train_loss": 59.07511901855469,
    "validation_accuracy": 0.9539118313294999,
    "validation_accuracy_per_label": {
        "B-company": 0.5,
        "B-facility": 0.21428571428571427,
        "B-geo-loc": 0.44155844155844154,
        "B-movie": 0.0,
        "B-musicartist": 0.0,
        "B-other": 0.06349206349206349,
        "B-person": 0.7314814814814815,
        "B-product": 0.2631578947368421,
        "B-sportsteam": 0.18181818181818182,
        "B-tvshow": 0.0,
        "I-company": 0.0,
        "I-facility": 0.2413793103448276,
        "I-geo-loc": 0.0,
        "I-movie": 0.0,
        "I-musicartist": 0.0,
        "I-other": 0.2345679012345679,
        "I-person": 0.5409836065573771,
        "I-product": 0.1875,
        "I-sportsteam": 0.0,
        "I-tvshow": 0.0,
        "O": 0.9891314359399466,
        "<pad>": 0
    },
    "validation_loss": 128.2705841064453,
    "epoch_num": 18
}