{
    "train_accuracy": 0.973293682873311,
    "train_accuracy_per_label": {
        "B-company": 0.7089552238805971,
        "B-facility": 0.4342105263157895,
        "B-geo-loc": 0.7638190954773869,
        "B-movie": 0.0,
        "B-musicartist": 0.0,
        "B-other": 0.24691358024691357,
        "B-person": 0.8613569321533924,
        "B-product": 0.46153846153846156,
        "B-sportsteam": 0.05,
        "B-tvshow": 0.0,
        "I-company": 0.0,
        "I-facility": 0.52,
        "I-geo-loc": 0.02857142857142857,
        "I-movie": 0.0,
        "I-musicartist": 0.0,
        "I-other": 0.5104602510460251,
        "I-person": 0.7973856209150327,
        "I-product": 0.125,
        "I-sportsteam": 0.10526315789473684,
        "I-tvshow": 0.0,
        "O": 0.9989329918907384,
        "<pad>": 0
    },
    "train_loss": 63.67796325683594,
    "validation_accuracy": 0.954957309635825,
    "validation_accuracy_per_label": {
        "B-company": 0.5,
        "B-facility": 0.21428571428571427,
        "B-geo-loc": 0.44155844155844154,
        "B-movie": 0.0,
        "B-musicartist": 0.0,
        "B-other": 0.06349206349206349,
        "B-person": 0.7314814814814815,
        "B-product": 0.2631578947368421,
        "B-sportsteam": 0.09090909090909091,
        "B-tvshow": 0.0,
        "I-company": 0.0,
        "I-facility": 0.2413793103448276,
        "I-geo-loc": 0.0,
        "I-movie": 0.0,
        "I-musicartist": 0.0,
        "I-other": 0.25925925925925924,
        "I-person": 0.5409836065573771,
        "I-product": 0.1875,
        "I-sportsteam": 0.0,
        "I-tvshow": 0.0,
        "O": 0.9901446071658838,
        "<pad>": 0
    },
    "validation_loss": 128.082275390625,
    "epoch_num": 17
}