{
    "train_accuracy": 0.9525349347499711,
    "train_accuracy_per_label": {
        "B-company": 0.3582089552238806,
        "B-facility": 0.0,
        "B-geo-loc": 0.035175879396984924,
        "B-movie": 0.0,
        "B-musicartist": 0.0,
        "B-other": 0.0,
        "B-person": 0.40412979351032446,
        "B-product": 0.0,
        "B-sportsteam": 0.0,
        "B-tvshow": 0.0,
        "I-company": 0.0,
        "I-facility": 0.0,
        "I-geo-loc": 0.0,
        "I-movie": 0.0,
        "I-musicartist": 0.0,
        "I-other": 0.0041841004184100415,
        "I-person": 0.13725490196078433,
        "I-product": 0.0,
        "I-sportsteam": 0.0,
        "I-tvshow": 0.0,
        "O": 0.9992683372965063,
        "<pad>": 0
    },
    "train_loss": 140.15379333496094,
    "validation_accuracy": 0.9496427949120055,
    "validation_accuracy_per_label": {
        "B-company": 0.3888888888888889,
        "B-facility": 0.0,
        "B-geo-loc": 0.06493506493506493,
        "B-movie": 0.0,
        "B-musicartist": 0.0,
        "B-other": 0.0,
        "B-person": 0.37962962962962965,
        "B-product": 0.0,
        "B-sportsteam": 0.0,
        "B-tvshow": 0.0,
        "I-company": 0.0,
        "I-facility": 0.0,
        "I-geo-loc": 0.0,
        "I-movie": 0.0,
        "I-musicartist": 0.0,
        "I-other": 0.012345679012345678,
        "I-person": 0.09836065573770492,
        "I-product": 0.0,
        "I-sportsteam": 0.0,
        "I-tvshow": 0.0,
        "O": 0.9977894445979553,
        "<pad>": 0
    },
    "validation_loss": 153.97427368164062,
    "epoch_num": 6
}