{
    "train_accuracy": 0.9594930130500058,
    "train_accuracy_per_label": {
        "B-company": 0.5149253731343284,
        "B-facility": 0.013157894736842105,
        "B-geo-loc": 0.45226130653266333,
        "B-movie": 0.0,
        "B-musicartist": 0.0,
        "B-other": 0.018518518518518517,
        "B-person": 0.6666666666666666,
        "B-product": 0.0,
        "B-sportsteam": 0.0,
        "B-tvshow": 0.0,
        "I-company": 0.0,
        "I-facility": 0.02666666666666667,
        "I-geo-loc": 0.0,
        "I-movie": 0.0,
        "I-musicartist": 0.0,
        "I-other": 0.03765690376569038,
        "I-person": 0.45751633986928103,
        "I-product": 0.0,
        "I-sportsteam": 0.0,
        "I-tvshow": 0.0,
        "O": 0.9988110481068228,
        "<pad>": 0
    },
    "train_loss": 112.1568832397461,
    "validation_accuracy": 0.9533019689841435,
    "validation_accuracy_per_label": {
        "B-company": 0.4166666666666667,
        "B-facility": 0.0,
        "B-geo-loc": 0.35064935064935066,
        "B-movie": 0.0,
        "B-musicartist": 0.0,
        "B-other": 0.015873015873015872,
        "B-person": 0.6574074074074074,
        "B-product": 0.0,
        "B-sportsteam": 0.0,
        "B-tvshow": 0.0,
        "I-company": 0.0,
        "I-facility": 0.0,
        "I-geo-loc": 0.0,
        "I-movie": 0.0,
        "I-musicartist": 0.0,
        "I-other": 0.024691358024691357,
        "I-person": 0.2786885245901639,
        "I-product": 0.0,
        "I-sportsteam": 0.0,
        "I-tvshow": 0.0,
        "O": 0.9955788891959104,
        "<pad>": 0
    },
    "validation_loss": 139.4727325439453,
    "epoch_num": 9
}