{
    "train_accuracy": 0.9574719944566347,
    "train_accuracy_per_label": {
        "B-company": 0.44029850746268656,
        "B-facility": 0.013157894736842105,
        "B-geo-loc": 0.3065326633165829,
        "B-movie": 0.0,
        "B-musicartist": 0.0,
        "B-other": 0.0,
        "B-person": 0.6312684365781711,
        "B-product": 0.0,
        "B-sportsteam": 0.0,
        "B-tvshow": 0.0,
        "I-company": 0.0,
        "I-facility": 0.013333333333333334,
        "I-geo-loc": 0.0,
        "I-movie": 0.0,
        "I-musicartist": 0.0,
        "I-other": 0.02510460251046025,
        "I-person": 0.3790849673202614,
        "I-product": 0.0,
        "I-sportsteam": 0.0,
        "I-tvshow": 0.0,
        "O": 0.9988110481068228,
        "<pad>": 0
    },
    "train_loss": 120.33717346191406,
    "validation_accuracy": 0.9523436138700122,
    "validation_accuracy_per_label": {
        "B-company": 0.4166666666666667,
        "B-facility": 0.0,
        "B-geo-loc": 0.2727272727272727,
        "B-movie": 0.0,
        "B-musicartist": 0.0,
        "B-other": 0.015873015873015872,
        "B-person": 0.5925925925925926,
        "B-product": 0.0,
        "B-sportsteam": 0.0,
        "B-tvshow": 0.0,
        "I-company": 0.0,
        "I-facility": 0.0,
        "I-geo-loc": 0.0,
        "I-movie": 0.0,
        "I-musicartist": 0.0,
        "I-other": 0.024691358024691357,
        "I-person": 0.18032786885245902,
        "I-product": 0.0,
        "I-sportsteam": 0.0,
        "I-tvshow": 0.0,
        "O": 0.996315740996592,
        "<pad>": 0
    },
    "validation_loss": 143.14700317382812,
    "epoch_num": 8
}