{
    "train_accuracy": 0.7483254417369212,
    "train_accuracy_per_label": {
        "B-company": 0.014925373134328358,
        "B-facility": 0.0,
        "B-geo-loc": 0.1306532663316583,
        "B-movie": 0.0,
        "B-musicartist": 0.0,
        "B-other": 0.0,
        "B-person": 0.0,
        "B-product": 0.0,
        "B-sportsteam": 0.0,
        "B-tvshow": 0.0,
        "I-company": 0.0,
        "I-facility": 0.06666666666666667,
        "I-geo-loc": 0.05714285714285714,
        "I-movie": 0.0,
        "I-musicartist": 0.0,
        "I-other": 0.0,
        "I-person": 0.0,
        "I-product": 0.0,
        "I-sportsteam": 0.05263157894736842,
        "I-tvshow": 0.0,
        "O": 0.7890677397719651,
        "<pad>": 0
    },
    "train_loss": 912.7683715820312,
    "validation_accuracy": 0.940320613347273,
    "validation_accuracy_per_label": {
        "B-company": 0.0,
        "B-facility": 0.0,
        "B-geo-loc": 0.012987012987012988,
        "B-movie": 0.0,
        "B-musicartist": 0.0,
        "B-other": 0.0,
        "B-person": 0.0,
        "B-product": 0.0,
        "B-sportsteam": 0.0,
        "B-tvshow": 0.0,
        "I-company": 0.0,
        "I-facility": 0.0,
        "I-geo-loc": 0.0,
        "I-movie": 0.0,
        "I-musicartist": 0.0,
        "I-other": 0.0,
        "I-person": 0.0,
        "I-product": 0.0,
        "I-sportsteam": 0.0,
        "I-tvshow": 0.0,
        "O": 0.9940130791194621,
        "<pad>": 0
    },
    "validation_loss": 267.5557556152344,
    "epoch_num": 0
}