{
    "train_accuracy": 0.9633040766832198,
    "train_accuracy_per_label": {
        "B-company": 0.6492537313432836,
        "B-facility": 0.06578947368421052,
        "B-geo-loc": 0.5979899497487438,
        "B-movie": 0.0,
        "B-musicartist": 0.0,
        "B-other": 0.037037037037037035,
        "B-person": 0.7640117994100295,
        "B-product": 0.038461538461538464,
        "B-sportsteam": 0.0,
        "B-tvshow": 0.0,
        "I-company": 0.0,
        "I-facility": 0.12,
        "I-geo-loc": 0.0,
        "I-movie": 0.0,
        "I-musicartist": 0.0,
        "I-other": 0.100418410041841,
        "I-person": 0.6274509803921569,
        "I-product": 0.0,
        "I-sportsteam": 0.0,
        "I-tvshow": 0.0,
        "O": 0.9986281324309493,
        "<pad>": 0
    },
    "train_loss": 97.85740661621094,
    "validation_accuracy": 0.9551315560202126,
    "validation_accuracy_per_label": {
        "B-company": 0.4444444444444444,
        "B-facility": 0.07142857142857142,
        "B-geo-loc": 0.45454545454545453,
        "B-movie": 0.0,
        "B-musicartist": 0.0,
        "B-other": 0.015873015873015872,
        "B-person": 0.6944444444444444,
        "B-product": 0.0,
        "B-sportsteam": 0.0,
        "B-tvshow": 0.0,
        "I-company": 0.0,
        "I-facility": 0.13793103448275862,
        "I-geo-loc": 0.0,
        "I-movie": 0.0,
        "I-musicartist": 0.0,
        "I-other": 0.037037037037037035,
        "I-person": 0.4262295081967213,
        "I-product": 0.0,
        "I-sportsteam": 0.0,
        "I-tvshow": 0.0,
        "O": 0.9948420373952289,
        "<pad>": 0
    },
    "validation_loss": 134.15960693359375,
    "epoch_num": 11
}