{
    "train_accuracy": 0.9552777456981175,
    "train_accuracy_per_label": {
        "B-company": 0.40298507462686567,
        "B-facility": 0.0,
        "B-geo-loc": 0.15577889447236182,
        "B-movie": 0.0,
        "B-musicartist": 0.0,
        "B-other": 0.0,
        "B-person": 0.5663716814159292,
        "B-product": 0.0,
        "B-sportsteam": 0.0,
        "B-tvshow": 0.0,
        "I-company": 0.0,
        "I-facility": 0.0,
        "I-geo-loc": 0.0,
        "I-movie": 0.0,
        "I-musicartist": 0.0,
        "I-other": 0.016736401673640166,
        "I-person": 0.23529411764705882,
        "I-product": 0.0,
        "I-sportsteam": 0.0,
        "I-tvshow": 0.0,
        "O": 0.9990244497286751,
        "<pad>": 0
    },
    "train_loss": 129.5380401611328,
    "validation_accuracy": 0.9508625196027183,
    "validation_accuracy_per_label": {
        "B-company": 0.4166666666666667,
        "B-facility": 0.0,
        "B-geo-loc": 0.15584415584415584,
        "B-movie": 0.0,
        "B-musicartist": 0.0,
        "B-other": 0.0,
        "B-person": 0.5,
        "B-product": 0.0,
        "B-sportsteam": 0.0,
        "B-tvshow": 0.0,
        "I-company": 0.0,
        "I-facility": 0.0,
        "I-geo-loc": 0.0,
        "I-movie": 0.0,
        "I-musicartist": 0.0,
        "I-other": 0.012345679012345678,
        "I-person": 0.14754098360655737,
        "I-product": 0.0,
        "I-sportsteam": 0.0,
        "I-tvshow": 0.0,
        "O": 0.9968683798471033,
        "<pad>": 0
    },
    "validation_loss": 147.86676025390625,
    "epoch_num": 7
}