{
    "train_accuracy": 0.9612541863956577,
    "train_accuracy_per_label": {
        "B-company": 0.5746268656716418,
        "B-facility": 0.02631578947368421,
        "B-geo-loc": 0.5276381909547738,
        "B-movie": 0.0,
        "B-musicartist": 0.0,
        "B-other": 0.037037037037037035,
        "B-person": 0.7109144542772862,
        "B-product": 0.02564102564102564,
        "B-sportsteam": 0.0,
        "B-tvshow": 0.0,
        "I-company": 0.0,
        "I-facility": 0.08,
        "I-geo-loc": 0.0,
        "I-movie": 0.0,
        "I-musicartist": 0.0,
        "I-other": 0.058577405857740586,
        "I-person": 0.5555555555555556,
        "I-product": 0.0,
        "I-sportsteam": 0.0,
        "I-tvshow": 0.0,
        "O": 0.9985976464849704,
        "<pad>": 0
    },
    "train_loss": 104.72564697265625,
    "validation_accuracy": 0.9546959400592437,
    "validation_accuracy_per_label": {
        "B-company": 0.4166666666666667,
        "B-facility": 0.0,
        "B-geo-loc": 0.45454545454545453,
        "B-movie": 0.0,
        "B-musicartist": 0.0,
        "B-other": 0.015873015873015872,
        "B-person": 0.6851851851851852,
        "B-product": 0.0,
        "B-sportsteam": 0.0,
        "B-tvshow": 0.0,
        "I-company": 0.0,
        "I-facility": 0.0,
        "I-geo-loc": 0.0,
        "I-movie": 0.0,
        "I-musicartist": 0.0,
        "I-other": 0.037037037037037035,
        "I-person": 0.39344262295081966,
        "I-product": 0.0,
        "I-sportsteam": 0.0,
        "I-tvshow": 0.0,
        "O": 0.9953025697706549,
        "<pad>": 0
    },
    "validation_loss": 136.5538330078125,
    "epoch_num": 10
}