{
    "train_accuracy": 0.9711571775031759,
    "train_accuracy_per_label": {
        "B-company": 0.6865671641791045,
        "B-facility": 0.34210526315789475,
        "B-geo-loc": 0.7537688442211056,
        "B-movie": 0.0,
        "B-musicartist": 0.0,
        "B-other": 0.16049382716049382,
        "B-person": 0.8407079646017699,
        "B-product": 0.3974358974358974,
        "B-sportsteam": 0.0,
        "B-tvshow": 0.0,
        "I-company": 0.0,
        "I-facility": 0.4533333333333333,
        "I-geo-loc": 0.02857142857142857,
        "I-movie": 0.0,
        "I-musicartist": 0.0,
        "I-other": 0.4225941422594142,
        "I-person": 0.7843137254901961,
        "I-product": 0.109375,
        "I-sportsteam": 0.05263157894736842,
        "I-tvshow": 0.0,
        "O": 0.9988110481068228,
        "<pad>": 0
    },
    "train_loss": 68.62114715576172,
    "validation_accuracy": 0.9550444328280188,
    "validation_accuracy_per_label": {
        "B-company": 0.4722222222222222,
        "B-facility": 0.21428571428571427,
        "B-geo-loc": 0.44155844155844154,
        "B-movie": 0.0,
        "B-musicartist": 0.0,
        "B-other": 0.06349206349206349,
        "B-person": 0.75,
        "B-product": 0.21052631578947367,
        "B-sportsteam": 0.09090909090909091,
        "B-tvshow": 0.0,
        "I-company": 0.0,
        "I-facility": 0.20689655172413793,
        "I-geo-loc": 0.0,
        "I-movie": 0.0,
        "I-musicartist": 0.0,
        "I-other": 0.2345679012345679,
        "I-person": 0.47540983606557374,
        "I-product": 0.0625,
        "I-sportsteam": 0.0,
        "I-tvshow": 0.0,
        "O": 0.9910656719167358,
        "<pad>": 0
    },
    "validation_loss": 128.11749267578125,
    "epoch_num": 16
}