{
    "train_accuracy": 0.9491280748354314,
    "train_accuracy_per_label": {
        "B-company": 0.06716417910447761,
        "B-facility": 0.0,
        "B-geo-loc": 0.0,
        "B-movie": 0.0,
        "B-musicartist": 0.0,
        "B-other": 0.0,
        "B-person": 0.20353982300884957,
        "B-product": 0.0,
        "B-sportsteam": 0.0,
        "B-tvshow": 0.0,
        "I-company": 0.0,
        "I-facility": 0.0,
        "I-geo-loc": 0.0,
        "I-movie": 0.0,
        "I-musicartist": 0.0,
        "I-other": 0.0,
        "I-person": 0.058823529411764705,
        "I-product": 0.0,
        "I-sportsteam": 0.0,
        "I-tvshow": 0.0,
        "O": 0.9995427108103164,
        "<pad>": 0
    },
    "train_loss": 152.73423767089844,
    "validation_accuracy": 0.9485101934134866,
    "validation_accuracy_per_label": {
        "B-company": 0.25,
        "B-facility": 0.0,
        "B-geo-loc": 0.012987012987012988,
        "B-movie": 0.0,
        "B-musicartist": 0.0,
        "B-other": 0.0,
        "B-person": 0.25925925925925924,
        "B-product": 0.0,
        "B-sportsteam": 0.0,
        "B-tvshow": 0.0,
        "I-company": 0.0,
        "I-facility": 0.0,
        "I-geo-loc": 0.0,
        "I-movie": 0.0,
        "I-musicartist": 0.0,
        "I-other": 0.0,
        "I-person": 0.09836065573770492,
        "I-product": 0.0,
        "I-sportsteam": 0.0,
        "I-tvshow": 0.0,
        "O": 0.9987105093488072,
        "<pad>": 0
    },
    "validation_loss": 161.93289184570312,
    "epoch_num": 5
}