{
    "train_accuracy": 0.3895483694910629,
    "train_accuracy_per_label": {
        ".": 0.7454545454545455,
        "ADJ": 0.14285714285714285,
        "ADP": 0.7952468007312614,
        "ADV": 0.01015228426395939,
        "CONJ": 0.0,
        "DET": 0.12,
        "NOUN": 0.020833333333333332,
        "NUM": 0.09219858156028368,
        "PRON": 0.7679640718562875,
        "PRT": 0.009708737864077669,
        "VERB": 0.4768976897689769,
        "X": 0.7658321060382917,
        "<pad>": 0
    },
    "train_loss": 2.3012590408325195,
    "validation_accuracy": 0.38912732474964234,
    "validation_accuracy_per_label": {
        ".": 0.8514056224899599,
        "ADJ": 0.0707070707070707,
        "ADP": 0.7814569536423841,
        "ADV": 0.015503875968992248,
        "CONJ": 0.0,
        "DET": 0.023076923076923078,
        "NOUN": 0.029411764705882353,
        "NUM": 0.0,
        "PRON": 0.7239583333333334,
        "PRT": 0.0,
        "VERB": 0.5125348189415042,
        "X": 0.7653631284916201,
        "<pad>": 0
    },
    "validation_loss": 2.2622318267822266,
    "epoch_num": 2
}