{
    "train_accuracy": 0.8350388866148178,
    "train_accuracy_per_label": {
        ".": 0.9556818181818182,
        "ADJ": 0.5119047619047619,
        "ADP": 0.8117001828153565,
        "ADV": 0.7715736040609137,
        "CONJ": 0.9130434782608695,
        "DET": 0.9623529411764706,
        "NOUN": 0.7351190476190477,
        "NUM": 0.8156028368794326,
        "PRON": 0.9476047904191617,
        "PRT": 0.8398058252427184,
        "VERB": 0.858085808580858,
        "X": 0.8939617083946981,
        "<pad>": 0
    },
    "train_loss": 0.7949055433273315,
    "validation_accuracy": 0.7472579876013352,
    "validation_accuracy_per_label": {
        ".": 0.9518072289156626,
        "ADJ": 0.32323232323232326,
        "ADP": 0.8145695364238411,
        "ADV": 0.6356589147286822,
        "CONJ": 0.9285714285714286,
        "DET": 0.9461538461538461,
        "NOUN": 0.5315126050420168,
        "NUM": 0.7941176470588235,
        "PRON": 0.9270833333333334,
        "PRT": 0.8596491228070176,
        "VERB": 0.7688022284122563,
        "X": 0.8268156424581006,
        "<pad>": 0
    },
    "validation_loss": 0.987564206123352,
    "epoch_num": 22
}