{
    "train_accuracy": 0.9009414654113794,
    "train_accuracy_per_label": {
        ".": 0.9556818181818182,
        "ADJ": 0.7261904761904762,
        "ADP": 0.9012797074954296,
        "ADV": 0.8705583756345178,
        "CONJ": 0.9192546583850931,
        "DET": 0.9694117647058823,
        "NOUN": 0.8523809523809524,
        "NUM": 0.851063829787234,
        "PRON": 0.9715568862275449,
        "PRT": 0.8592233009708737,
        "VERB": 0.9249174917491749,
        "X": 0.9175257731958762,
        "<pad>": 0
    },
    "train_loss": 0.475176602602005,
    "validation_accuracy": 0.7811158798283262,
    "validation_accuracy_per_label": {
        ".": 0.9518072289156626,
        "ADJ": 0.48484848484848486,
        "ADP": 0.9139072847682119,
        "ADV": 0.7054263565891473,
        "CONJ": 0.9285714285714286,
        "DET": 0.9538461538461539,
        "NOUN": 0.5672268907563025,
        "NUM": 0.7941176470588235,
        "PRON": 0.9479166666666666,
        "PRT": 0.8947368421052632,
        "VERB": 0.7827298050139275,
        "X": 0.8379888268156425,
        "<pad>": 0
    },
    "validation_loss": 0.7896286249160767,
    "epoch_num": 33
}