{
    "train_accuracy": 0.9130850047755492,
    "train_accuracy_per_label": {
        ".": 0.9556818181818182,
        "ADJ": 0.7857142857142857,
        "ADP": 0.9012797074954296,
        "ADV": 0.8730964467005076,
        "CONJ": 0.9440993788819876,
        "DET": 0.971764705882353,
        "NOUN": 0.8809523809523809,
        "NUM": 0.8723404255319149,
        "PRON": 0.9715568862275449,
        "PRT": 0.8592233009708737,
        "VERB": 0.929042904290429,
        "X": 0.9278350515463918,
        "<pad>": 0
    },
    "train_loss": 0.3985716998577118,
    "validation_accuracy": 0.7844539818788746,
    "validation_accuracy_per_label": {
        ".": 0.9518072289156626,
        "ADJ": 0.494949494949495,
        "ADP": 0.9139072847682119,
        "ADV": 0.7131782945736435,
        "CONJ": 0.9285714285714286,
        "DET": 0.9538461538461539,
        "NOUN": 0.5651260504201681,
        "NUM": 0.7941176470588235,
        "PRON": 0.9479166666666666,
        "PRT": 0.8947368421052632,
        "VERB": 0.7855153203342619,
        "X": 0.8659217877094972,
        "<pad>": 0
    },
    "validation_loss": 0.7533627152442932,
    "epoch_num": 38
}