{
    "train_accuracy": 0.4112430072315459,
    "train_accuracy_per_label": {
        ".": 0.8375,
        "ADJ": 0.07142857142857142,
        "ADP": 0.7787934186471663,
        "ADV": 0.0,
        "CONJ": 0.0,
        "DET": 0.04941176470588235,
        "NOUN": 0.03154761904761905,
        "NUM": 0.05673758865248227,
        "PRON": 0.781437125748503,
        "PRT": 0.0,
        "VERB": 0.5684818481848185,
        "X": 0.7864506627393225,
        "<pad>": 0
    },
    "train_loss": 2.1871113777160645,
    "validation_accuracy": 0.42823080591320933,
    "validation_accuracy_per_label": {
        ".": 0.8514056224899599,
        "ADJ": 0.06060606060606061,
        "ADP": 0.7880794701986755,
        "ADV": 0.007751937984496124,
        "CONJ": 0.0,
        "DET": 0.3769230769230769,
        "NOUN": 0.031512605042016806,
        "NUM": 0.0,
        "PRON": 0.7447916666666666,
        "PRT": 0.0,
        "VERB": 0.6016713091922006,
        "X": 0.7653631284916201,
        "<pad>": 0
    },
    "validation_loss": 2.1607308387756348,
    "epoch_num": 3
}