{
    "train_accuracy": 0.8902988129349161,
    "train_accuracy_per_label": {
        ".": 0.9556818181818182,
        "ADJ": 0.6845238095238095,
        "ADP": 0.9049360146252285,
        "ADV": 0.8654822335025381,
        "CONJ": 0.9192546583850931,
        "DET": 0.9670588235294117,
        "NOUN": 0.8285714285714286,
        "NUM": 0.8368794326241135,
        "PRON": 0.9715568862275449,
        "PRT": 0.8446601941747572,
        "VERB": 0.9141914191419142,
        "X": 0.9101620029455081,
        "<pad>": 0
    },
    "train_loss": 0.5372056365013123,
    "validation_accuracy": 0.7734859322842156,
    "validation_accuracy_per_label": {
        ".": 0.9518072289156626,
        "ADJ": 0.43434343434343436,
        "ADP": 0.9139072847682119,
        "ADV": 0.6821705426356589,
        "CONJ": 0.9285714285714286,
        "DET": 0.9538461538461539,
        "NOUN": 0.5588235294117647,
        "NUM": 0.7941176470588235,
        "PRON": 0.9479166666666666,
        "PRT": 0.8596491228070176,
        "VERB": 0.7799442896935933,
        "X": 0.8324022346368715,
        "<pad>": 0
    },
    "validation_loss": 0.823029637336731,
    "epoch_num": 30
}