{
    "train_accuracy": 0.8608268522308636,
    "train_accuracy_per_label": {
        ".": 0.9556818181818182,
        "ADJ": 0.5833333333333334,
        "ADP": 0.8628884826325411,
        "ADV": 0.8147208121827412,
        "CONJ": 0.9192546583850931,
        "DET": 0.9623529411764706,
        "NOUN": 0.7791666666666667,
        "NUM": 0.8297872340425532,
        "PRON": 0.9550898203592815,
        "PRT": 0.8446601941747572,
        "VERB": 0.8828382838283828,
        "X": 0.9042709867452136,
        "<pad>": 0
    },
    "train_loss": 0.6790452599525452,
    "validation_accuracy": 0.7629947544110635,
    "validation_accuracy_per_label": {
        ".": 0.9518072289156626,
        "ADJ": 0.37373737373737376,
        "ADP": 0.9006622516556292,
        "ADV": 0.6589147286821705,
        "CONJ": 0.9285714285714286,
        "DET": 0.9461538461538461,
        "NOUN": 0.5462184873949579,
        "NUM": 0.7941176470588235,
        "PRON": 0.9427083333333334,
        "PRT": 0.8596491228070176,
        "VERB": 0.7743732590529248,
        "X": 0.8268156424581006,
        "<pad>": 0
    },
    "validation_loss": 0.9093546867370605,
    "epoch_num": 25
}