{
    "train_accuracy": 0.780734070132351,
    "train_accuracy_per_label": {
        ".": 0.9511363636363637,
        "ADJ": 0.30357142857142855,
        "ADP": 0.8117001828153565,
        "ADV": 0.6065989847715736,
        "CONJ": 0.6832298136645962,
        "DET": 0.9435294117647058,
        "NOUN": 0.6660714285714285,
        "NUM": 0.6453900709219859,
        "PRON": 0.9356287425149701,
        "PRT": 0.8349514563106796,
        "VERB": 0.8151815181518152,
        "X": 0.8748159057437408,
        "<pad>": 0
    },
    "train_loss": 0.9961290955543518,
    "validation_accuracy": 0.7048164043872198,
    "validation_accuracy_per_label": {
        ".": 0.9477911646586346,
        "ADJ": 0.21212121212121213,
        "ADP": 0.8145695364238411,
        "ADV": 0.4728682170542636,
        "CONJ": 0.5714285714285714,
        "DET": 0.9076923076923077,
        "NOUN": 0.48739495798319327,
        "NUM": 0.6176470588235294,
        "PRON": 0.9114583333333334,
        "PRT": 0.8596491228070176,
        "VERB": 0.7576601671309192,
        "X": 0.8156424581005587,
        "<pad>": 0
    },
    "validation_loss": 1.1349612474441528,
    "epoch_num": 18
}