{
    "train_accuracy": 0.5049802155819347,
    "train_accuracy_per_label": {
        ".": 0.9443181818181818,
        "ADJ": 0.047619047619047616,
        "ADP": 0.7879341864716636,
        "ADV": 0.0,
        "CONJ": 0.018633540372670808,
        "DET": 0.7788235294117647,
        "NOUN": 0.09345238095238095,
        "NUM": 0.09219858156028368,
        "PRON": 0.7829341317365269,
        "PRT": 0.0,
        "VERB": 0.698019801980198,
        "X": 0.8100147275405007,
        "<pad>": 0
    },
    "train_loss": 1.9016402959823608,
    "validation_accuracy": 0.4940391034811636,
    "validation_accuracy_per_label": {
        ".": 0.9357429718875502,
        "ADJ": 0.04040404040404041,
        "ADP": 0.7880794701986755,
        "ADV": 0.007751937984496124,
        "CONJ": 0.0,
        "DET": 0.7384615384615385,
        "NOUN": 0.10294117647058823,
        "NUM": 0.058823529411764705,
        "PRON": 0.7291666666666666,
        "PRT": 0.0,
        "VERB": 0.6908077994428969,
        "X": 0.8044692737430168,
        "<pad>": 0
    },
    "validation_loss": 1.9032495021820068,
    "epoch_num": 6
}