{
    "train_accuracy": 0.7639514258425433,
    "train_accuracy_per_label": {
        ".": 0.9511363636363637,
        "ADJ": 0.21726190476190477,
        "ADP": 0.8098720292504571,
        "ADV": 0.5710659898477157,
        "CONJ": 0.6832298136645962,
        "DET": 0.8894117647058823,
        "NOUN": 0.65,
        "NUM": 0.6170212765957447,
        "PRON": 0.9356287425149701,
        "PRT": 0.7621359223300971,
        "VERB": 0.806930693069307,
        "X": 0.8748159057437408,
        "<pad>": 0
    },
    "train_loss": 1.0557860136032104,
    "validation_accuracy": 0.6976633285646161,
    "validation_accuracy_per_label": {
        ".": 0.9477911646586346,
        "ADJ": 0.15151515151515152,
        "ADP": 0.8145695364238411,
        "ADV": 0.4573643410852713,
        "CONJ": 0.5714285714285714,
        "DET": 0.9076923076923077,
        "NOUN": 0.4810924369747899,
        "NUM": 0.5588235294117647,
        "PRON": 0.9114583333333334,
        "PRT": 0.8596491228070176,
        "VERB": 0.7520891364902507,
        "X": 0.8156424581005587,
        "<pad>": 0
    },
    "validation_loss": 1.180862307548523,
    "epoch_num": 17
}