{
    "train_accuracy": 0.8102060308364033,
    "train_accuracy_per_label": {
        ".": 0.9556818181818182,
        "ADJ": 0.43154761904761907,
        "ADP": 0.8117001828153565,
        "ADV": 0.6928934010152284,
        "CONJ": 0.7763975155279503,
        "DET": 0.9576470588235294,
        "NOUN": 0.7035714285714286,
        "NUM": 0.6879432624113475,
        "PRON": 0.9416167664670658,
        "PRT": 0.8349514563106796,
        "VERB": 0.8465346534653465,
        "X": 0.8792341678939617,
        "<pad>": 0
    },
    "train_loss": 0.8882550001144409,
    "validation_accuracy": 0.7343824511206486,
    "validation_accuracy_per_label": {
        ".": 0.9518072289156626,
        "ADJ": 0.29292929292929293,
        "ADP": 0.8145695364238411,
        "ADV": 0.6201550387596899,
        "CONJ": 0.9285714285714286,
        "DET": 0.9461538461538461,
        "NOUN": 0.5063025210084033,
        "NUM": 0.6764705882352942,
        "PRON": 0.921875,
        "PRT": 0.8596491228070176,
        "VERB": 0.7604456824512534,
        "X": 0.8156424581005587,
        "<pad>": 0
    },
    "validation_loss": 1.0543714761734009,
    "epoch_num": 20
}