{
    "train_accuracy": 0.8747441670077774,
    "train_accuracy_per_label": {
        ".": 0.9556818181818182,
        "ADJ": 0.6220238095238095,
        "ADP": 0.8921389396709324,
        "ADV": 0.8527918781725888,
        "CONJ": 0.9192546583850931,
        "DET": 0.9647058823529412,
        "NOUN": 0.8011904761904762,
        "NUM": 0.8368794326241135,
        "PRON": 0.9550898203592815,
        "PRT": 0.8446601941747572,
        "VERB": 0.8985148514851485,
        "X": 0.9042709867452136,
        "<pad>": 0
    },
    "train_loss": 0.6155692338943481,
    "validation_accuracy": 0.7668097281831188,
    "validation_accuracy_per_label": {
        ".": 0.9518072289156626,
        "ADJ": 0.41414141414141414,
        "ADP": 0.9006622516556292,
        "ADV": 0.6666666666666666,
        "CONJ": 0.9285714285714286,
        "DET": 0.9538461538461539,
        "NOUN": 0.5504201680672269,
        "NUM": 0.7941176470588235,
        "PRON": 0.9427083333333334,
        "PRT": 0.8596491228070176,
        "VERB": 0.7743732590529248,
        "X": 0.8268156424581006,
        "<pad>": 0
    },
    "validation_loss": 0.8692353367805481,
    "epoch_num": 27
}