{
    "train_accuracy": 0.9089916768999864,
    "train_accuracy_per_label": {
        ".": 0.9556818181818182,
        "ADJ": 0.7767857142857143,
        "ADP": 0.9012797074954296,
        "ADV": 0.8705583756345178,
        "CONJ": 0.9254658385093167,
        "DET": 0.971764705882353,
        "NOUN": 0.8708333333333333,
        "NUM": 0.8652482269503546,
        "PRON": 0.9715568862275449,
        "PRT": 0.8592233009708737,
        "VERB": 0.9282178217821783,
        "X": 0.9219440353460973,
        "<pad>": 0
    },
    "train_loss": 0.4258468747138977,
    "validation_accuracy": 0.7825464949928469,
    "validation_accuracy_per_label": {
        ".": 0.9518072289156626,
        "ADJ": 0.494949494949495,
        "ADP": 0.9139072847682119,
        "ADV": 0.7054263565891473,
        "CONJ": 0.9285714285714286,
        "DET": 0.9538461538461539,
        "NOUN": 0.5651260504201681,
        "NUM": 0.7941176470588235,
        "PRON": 0.9479166666666666,
        "PRT": 0.8947368421052632,
        "VERB": 0.7827298050139275,
        "X": 0.8547486033519553,
        "<pad>": 0
    },
    "validation_loss": 0.7655452489852905,
    "epoch_num": 36
}