{
    "train_accuracy": 0.9111747851002865,
    "train_accuracy_per_label": {
        ".": 0.9556818181818182,
        "ADJ": 0.7797619047619048,
        "ADP": 0.9012797074954296,
        "ADV": 0.8705583756345178,
        "CONJ": 0.9440993788819876,
        "DET": 0.971764705882353,
        "NOUN": 0.875,
        "NUM": 0.8723404255319149,
        "PRON": 0.9715568862275449,
        "PRT": 0.8592233009708737,
        "VERB": 0.929042904290429,
        "X": 0.9263622974963182,
        "<pad>": 0
    },
    "train_loss": 0.4117113947868347,
    "validation_accuracy": 0.7839771101573677,
    "validation_accuracy_per_label": {
        ".": 0.9518072289156626,
        "ADJ": 0.494949494949495,
        "ADP": 0.9139072847682119,
        "ADV": 0.7131782945736435,
        "CONJ": 0.9285714285714286,
        "DET": 0.9538461538461539,
        "NOUN": 0.5651260504201681,
        "NUM": 0.7941176470588235,
        "PRON": 0.9479166666666666,
        "PRT": 0.8947368421052632,
        "VERB": 0.7827298050139275,
        "X": 0.8659217877094972,
        "<pad>": 0
    },
    "validation_loss": 0.7591214776039124,
    "epoch_num": 37
}