{
    "train_accuracy": 0.631600491199345,
    "train_accuracy_per_label": {
        ".": 0.9477272727272728,
        "ADJ": 0.06845238095238096,
        "ADP": 0.7806215722120659,
        "ADV": 0.03553299492385787,
        "CONJ": 0.6832298136645962,
        "DET": 0.8141176470588235,
        "NOUN": 0.4660714285714286,
        "NUM": 0.20567375886524822,
        "PRON": 0.8667664670658682,
        "PRT": 0.0,
        "VERB": 0.7533003300330033,
        "X": 0.8409425625920471,
        "<pad>": 0
    },
    "train_loss": 1.485795021057129,
    "validation_accuracy": 0.5932284215546018,
    "validation_accuracy_per_label": {
        ".": 0.9357429718875502,
        "ADJ": 0.050505050505050504,
        "ADP": 0.7748344370860927,
        "ADV": 0.023255813953488372,
        "CONJ": 0.5714285714285714,
        "DET": 0.8153846153846154,
        "NOUN": 0.39705882352941174,
        "NUM": 0.14705882352941177,
        "PRON": 0.8072916666666666,
        "PRT": 0.0,
        "VERB": 0.7353760445682451,
        "X": 0.7988826815642458,
        "<pad>": 0
    },
    "validation_loss": 1.5343433618545532,
    "epoch_num": 11
}