{
    "train_accuracy": 0.5620139173147769,
    "train_accuracy_per_label": {
        ".": 0.9443181818181818,
        "ADJ": 0.05357142857142857,
        "ADP": 0.7806215722120659,
        "ADV": 0.012690355329949238,
        "CONJ": 0.06832298136645963,
        "DET": 0.7952941176470588,
        "NOUN": 0.2708333333333333,
        "NUM": 0.10638297872340426,
        "PRON": 0.8398203592814372,
        "PRT": 0.0,
        "VERB": 0.7334983498349835,
        "X": 0.8379970544918999,
        "<pad>": 0
    },
    "train_loss": 1.7307937145233154,
    "validation_accuracy": 0.5364806866952789,
    "validation_accuracy_per_label": {
        ".": 0.9357429718875502,
        "ADJ": 0.050505050505050504,
        "ADP": 0.7748344370860927,
        "ADV": 0.007751937984496124,
        "CONJ": 0.0,
        "DET": 0.7384615384615385,
        "NOUN": 0.2415966386554622,
        "NUM": 0.058823529411764705,
        "PRON": 0.7760416666666666,
        "PRT": 0.0,
        "VERB": 0.7325905292479109,
        "X": 0.8044692737430168,
        "<pad>": 0
    },
    "validation_loss": 1.74957275390625,
    "epoch_num": 8
}