{
    "train_accuracy": 0.46063583026333743,
    "train_accuracy_per_label": {
        ".": 0.8636363636363636,
        "ADJ": 0.06547619047619048,
        "ADP": 0.7824497257769653,
        "ADV": 0.0,
        "CONJ": 0.0,
        "DET": 0.5694117647058824,
        "NOUN": 0.047619047619047616,
        "NUM": 0.06382978723404255,
        "PRON": 0.7784431137724551,
        "PRT": 0.0,
        "VERB": 0.6394389438943895,
        "X": 0.7952871870397643,
        "<pad>": 0
    },
    "train_loss": 2.0851502418518066,
    "validation_accuracy": 0.4673342870767763,
    "validation_accuracy_per_label": {
        ".": 0.8875502008032129,
        "ADJ": 0.06060606060606061,
        "ADP": 0.7880794701986755,
        "ADV": 0.0,
        "CONJ": 0.0,
        "DET": 0.7384615384615385,
        "NOUN": 0.04411764705882353,
        "NUM": 0.0,
        "PRON": 0.7291666666666666,
        "PRT": 0.0,
        "VERB": 0.6629526462395543,
        "X": 0.776536312849162,
        "<pad>": 0
    },
    "validation_loss": 2.0692105293273926,
    "epoch_num": 4
}