{
    "train_accuracy": 0.7242461454495839,
    "train_accuracy_per_label": {
        ".": 0.9488636363636364,
        "ADJ": 0.14285714285714285,
        "ADP": 0.7879341864716636,
        "ADV": 0.41624365482233505,
        "CONJ": 0.6832298136645962,
        "DET": 0.8729411764705882,
        "NOUN": 0.5964285714285714,
        "NUM": 0.48936170212765956,
        "PRON": 0.907185628742515,
        "PRT": 0.616504854368932,
        "VERB": 0.8003300330033003,
        "X": 0.8468335787923417,
        "<pad>": 0
    },
    "train_loss": 1.1864441633224487,
    "validation_accuracy": 0.6547448736289938,
    "validation_accuracy_per_label": {
        ".": 0.9397590361445783,
        "ADJ": 0.06060606060606061,
        "ADP": 0.7748344370860927,
        "ADV": 0.2868217054263566,
        "CONJ": 0.5714285714285714,
        "DET": 0.8307692307692308,
        "NOUN": 0.45588235294117646,
        "NUM": 0.38235294117647056,
        "PRON": 0.8385416666666666,
        "PRT": 0.7192982456140351,
        "VERB": 0.754874651810585,
        "X": 0.8044692737430168,
        "<pad>": 0
    },
    "validation_loss": 1.284316897392273,
    "epoch_num": 15
}