{
    "train_accuracy": 0.7964251603220085,
    "train_accuracy_per_label": {
        ".": 0.9511363636363637,
        "ADJ": 0.40773809523809523,
        "ADP": 0.8117001828153565,
        "ADV": 0.631979695431472,
        "CONJ": 0.7453416149068323,
        "DET": 0.9458823529411765,
        "NOUN": 0.6869047619047619,
        "NUM": 0.6595744680851063,
        "PRON": 0.9356287425149701,
        "PRT": 0.8349514563106796,
        "VERB": 0.8316831683168316,
        "X": 0.8777614138438881,
        "<pad>": 0
    },
    "train_loss": 0.9403084516525269,
    "validation_accuracy": 0.721030042918455,
    "validation_accuracy_per_label": {
        ".": 0.9477911646586346,
        "ADJ": 0.2828282828282828,
        "ADP": 0.8145695364238411,
        "ADV": 0.5813953488372093,
        "CONJ": 0.6428571428571429,
        "DET": 0.9076923076923077,
        "NOUN": 0.49789915966386555,
        "NUM": 0.6764705882352942,
        "PRON": 0.921875,
        "PRT": 0.8596491228070176,
        "VERB": 0.7604456824512534,
        "X": 0.8156424581005587,
        "<pad>": 0
    },
    "validation_loss": 1.0928473472595215,
    "epoch_num": 19
}