{
    "train_accuracy": 0.904079683449311,
    "train_accuracy_per_label": {
        ".": 0.9556818181818182,
        "ADJ": 0.75,
        "ADP": 0.9012797074954296,
        "ADV": 0.8730964467005076,
        "CONJ": 0.9192546583850931,
        "DET": 0.9694117647058823,
        "NOUN": 0.8589285714285714,
        "NUM": 0.8581560283687943,
        "PRON": 0.9715568862275449,
        "PRT": 0.8592233009708737,
        "VERB": 0.9265676567656765,
        "X": 0.9175257731958762,
        "<pad>": 0
    },
    "train_loss": 0.45747849345207214,
    "validation_accuracy": 0.7811158798283262,
    "validation_accuracy_per_label": {
        ".": 0.9518072289156626,
        "ADJ": 0.48484848484848486,
        "ADP": 0.9139072847682119,
        "ADV": 0.7054263565891473,
        "CONJ": 0.9285714285714286,
        "DET": 0.9538461538461539,
        "NOUN": 0.569327731092437,
        "NUM": 0.7941176470588235,
        "PRON": 0.9479166666666666,
        "PRT": 0.8947368421052632,
        "VERB": 0.7827298050139275,
        "X": 0.8324022346368715,
        "<pad>": 0
    },
    "validation_loss": 0.7807105183601379,
    "epoch_num": 34
}