{
    "train_accuracy": 0.8703779506071769,
    "train_accuracy_per_label": {
        ".": 0.9556818181818182,
        "ADJ": 0.6071428571428571,
        "ADP": 0.8921389396709324,
        "ADV": 0.8350253807106599,
        "CONJ": 0.9192546583850931,
        "DET": 0.9623529411764706,
        "NOUN": 0.794047619047619,
        "NUM": 0.8297872340425532,
        "PRON": 0.9550898203592815,
        "PRT": 0.8446601941747572,
        "VERB": 0.8935643564356436,
        "X": 0.9042709867452136,
        "<pad>": 0
    },
    "train_loss": 0.6460630893707275,
    "validation_accuracy": 0.7644253695755842,
    "validation_accuracy_per_label": {
        ".": 0.9518072289156626,
        "ADJ": 0.3838383838383838,
        "ADP": 0.9006622516556292,
        "ADV": 0.6589147286821705,
        "CONJ": 0.9285714285714286,
        "DET": 0.9461538461538461,
        "NOUN": 0.5504201680672269,
        "NUM": 0.7941176470588235,
        "PRON": 0.9427083333333334,
        "PRT": 0.8596491228070176,
        "VERB": 0.7743732590529248,
        "X": 0.8268156424581006,
        "<pad>": 0
    },
    "validation_loss": 0.8882356286048889,
    "epoch_num": 26
}