{
    "train_accuracy": 0.6515213535270842,
    "train_accuracy_per_label": {
        ".": 0.9477272727272728,
        "ADJ": 0.08035714285714286,
        "ADP": 0.7806215722120659,
        "ADV": 0.06852791878172589,
        "CONJ": 0.6832298136645962,
        "DET": 0.8611764705882353,
        "NOUN": 0.5035714285714286,
        "NUM": 0.2907801418439716,
        "PRON": 0.8727544910179641,
        "PRT": 0.10194174757281553,
        "VERB": 0.7599009900990099,
        "X": 0.8424153166421208,
        "<pad>": 0
    },
    "train_loss": 1.407238483428955,
    "validation_accuracy": 0.631378159275155,
    "validation_accuracy_per_label": {
        ".": 0.9357429718875502,
        "ADJ": 0.04040404040404041,
        "ADP": 0.7748344370860927,
        "ADV": 0.17829457364341086,
        "CONJ": 0.5714285714285714,
        "DET": 0.8153846153846154,
        "NOUN": 0.4180672268907563,
        "NUM": 0.20588235294117646,
        "PRON": 0.8072916666666666,
        "PRT": 0.7017543859649122,
        "VERB": 0.7604456824512534,
        "X": 0.7988826815642458,
        "<pad>": 0
    },
    "validation_loss": 1.4671542644500732,
    "epoch_num": 12
}