{
    "train_accuracy": 0.7398007913767226,
    "train_accuracy_per_label": {
        ".": 0.9488636363636364,
        "ADJ": 0.1636904761904762,
        "ADP": 0.8043875685557587,
        "ADV": 0.46446700507614214,
        "CONJ": 0.6832298136645962,
        "DET": 0.8894117647058823,
        "NOUN": 0.625,
        "NUM": 0.5602836879432624,
        "PRON": 0.9146706586826348,
        "PRT": 0.6456310679611651,
        "VERB": 0.8011551155115512,
        "X": 0.8497790868924889,
        "<pad>": 0
    },
    "train_loss": 1.1192612648010254,
    "validation_accuracy": 0.6828803051979018,
    "validation_accuracy_per_label": {
        ".": 0.9477911646586346,
        "ADJ": 0.08080808080808081,
        "ADP": 0.8079470198675497,
        "ADV": 0.43410852713178294,
        "CONJ": 0.5714285714285714,
        "DET": 0.8307692307692308,
        "NOUN": 0.47689075630252103,
        "NUM": 0.47058823529411764,
        "PRON": 0.9114583333333334,
        "PRT": 0.7719298245614035,
        "VERB": 0.7520891364902507,
        "X": 0.8156424581005587,
        "<pad>": 0
    },
    "validation_loss": 1.2306452989578247,
    "epoch_num": 16
}