{
    "train_accuracy": 0.48628735161686454,
    "train_accuracy_per_label": {
        ".": 0.9022727272727272,
        "ADJ": 0.050595238095238096,
        "ADP": 0.7879341864716636,
        "ADV": 0.0,
        "CONJ": 0.0,
        "DET": 0.7788235294117647,
        "NOUN": 0.05654761904761905,
        "NUM": 0.06382978723404255,
        "PRON": 0.7829341317365269,
        "PRT": 0.0,
        "VERB": 0.6798679867986799,
        "X": 0.7952871870397643,
        "<pad>": 0
    },
    "train_loss": 1.9910029172897339,
    "validation_accuracy": 0.48068669527896996,
    "validation_accuracy_per_label": {
        ".": 0.9357429718875502,
        "ADJ": 0.050505050505050504,
        "ADP": 0.7880794701986755,
        "ADV": 0.0,
        "CONJ": 0.0,
        "DET": 0.7384615384615385,
        "NOUN": 0.06092436974789916,
        "NUM": 0.0,
        "PRON": 0.7291666666666666,
        "PRT": 0.0,
        "VERB": 0.6852367688022284,
        "X": 0.7821229050279329,
        "<pad>": 0
    },
    "validation_loss": 1.9841299057006836,
    "epoch_num": 5
}