{
    "train_accuracy": 0.7116932732978578,
    "train_accuracy_per_label": {
        ".": 0.9477272727272728,
        "ADJ": 0.13095238095238096,
        "ADP": 0.7879341864716636,
        "ADV": 0.39593908629441626,
        "CONJ": 0.6832298136645962,
        "DET": 0.8658823529411764,
        "NOUN": 0.5684523809523809,
        "NUM": 0.41134751773049644,
        "PRON": 0.8892215568862275,
        "PRT": 0.6116504854368932,
        "VERB": 0.7970297029702971,
        "X": 0.845360824742268,
        "<pad>": 0
    },
    "train_loss": 1.2570947408676147,
    "validation_accuracy": 0.6504530281354316,
    "validation_accuracy_per_label": {
        ".": 0.9397590361445783,
        "ADJ": 0.06060606060606061,
        "ADP": 0.7748344370860927,
        "ADV": 0.2868217054263566,
        "CONJ": 0.5714285714285714,
        "DET": 0.823076923076923,
        "NOUN": 0.4432773109243697,
        "NUM": 0.35294117647058826,
        "PRON": 0.8385416666666666,
        "PRT": 0.7017543859649122,
        "VERB": 0.754874651810585,
        "X": 0.8044692737430168,
        "<pad>": 0
    },
    "validation_loss": 1.3417845964431763,
    "epoch_num": 14
}