{
    "train_accuracy": 0.8238504570882794,
    "train_accuracy_per_label": {
        ".": 0.9556818181818182,
        "ADJ": 0.4732142857142857,
        "ADP": 0.8117001828153565,
        "ADV": 0.7385786802030457,
        "CONJ": 0.9130434782608695,
        "DET": 0.9623529411764706,
        "NOUN": 0.7142857142857143,
        "NUM": 0.8014184397163121,
        "PRON": 0.9431137724550899,
        "PRT": 0.8349514563106796,
        "VERB": 0.8514851485148515,
        "X": 0.8836524300441826,
        "<pad>": 0
    },
    "train_loss": 0.8398418426513672,
    "validation_accuracy": 0.7439198855507868,
    "validation_accuracy_per_label": {
        ".": 0.9518072289156626,
        "ADJ": 0.32323232323232326,
        "ADP": 0.8145695364238411,
        "ADV": 0.6356589147286822,
        "CONJ": 0.9285714285714286,
        "DET": 0.9461538461538461,
        "NOUN": 0.5189075630252101,
        "NUM": 0.7941176470588235,
        "PRON": 0.9270833333333334,
        "PRT": 0.8596491228070176,
        "VERB": 0.7715877437325905,
        "X": 0.8156424581005587,
        "<pad>": 0
    },
    "validation_loss": 1.0193490982055664,
    "epoch_num": 21
}