{
    "train_accuracy": 0.5287215172601992,
    "train_accuracy_per_label": {
        ".": 0.9443181818181818,
        "ADJ": 0.047619047619047616,
        "ADP": 0.7842778793418648,
        "ADV": 0.01015228426395939,
        "CONJ": 0.06832298136645963,
        "DET": 0.788235294117647,
        "NOUN": 0.16071428571428573,
        "NUM": 0.09929078014184398,
        "PRON": 0.8023952095808383,
        "PRT": 0.0,
        "VERB": 0.7095709570957096,
        "X": 0.8379970544918999,
        "<pad>": 0
    },
    "train_loss": 1.8152475357055664,
    "validation_accuracy": 0.5226514067715784,
    "validation_accuracy_per_label": {
        ".": 0.9357429718875502,
        "ADJ": 0.04040404040404041,
        "ADP": 0.7748344370860927,
        "ADV": 0.007751937984496124,
        "CONJ": 0.0,
        "DET": 0.7384615384615385,
        "NOUN": 0.18277310924369747,
        "NUM": 0.058823529411764705,
        "PRON": 0.7760416666666666,
        "PRT": 0.0,
        "VERB": 0.7325905292479109,
        "X": 0.8044692737430168,
        "<pad>": 0
    },
    "validation_loss": 1.8252912759780884,
    "epoch_num": 7
}