{
    "train_accuracy": 0.6930004093327875,
    "train_accuracy_per_label": {
        ".": 0.9477272727272728,
        "ADJ": 0.10416666666666667,
        "ADP": 0.7787934186471663,
        "ADV": 0.2969543147208122,
        "CONJ": 0.6832298136645962,
        "DET": 0.8611764705882353,
        "NOUN": 0.5351190476190476,
        "NUM": 0.3617021276595745,
        "PRON": 0.8787425149700598,
        "PRT": 0.6116504854368932,
        "VERB": 0.7879537953795379,
        "X": 0.8438880706921944,
        "<pad>": 0
    },
    "train_loss": 1.3308407068252563,
    "validation_accuracy": 0.6418693371483071,
    "validation_accuracy_per_label": {
        ".": 0.9357429718875502,
        "ADJ": 0.050505050505050504,
        "ADP": 0.7682119205298014,
        "ADV": 0.26356589147286824,
        "CONJ": 0.5714285714285714,
        "DET": 0.823076923076923,
        "NOUN": 0.4369747899159664,
        "NUM": 0.20588235294117646,
        "PRON": 0.8229166666666666,
        "PRT": 0.7017543859649122,
        "VERB": 0.754874651810585,
        "X": 0.7988826815642458,
        "<pad>": 0
    },
    "validation_loss": 1.4028366804122925,
    "epoch_num": 13
}