{
    "train_accuracy": 0.9063992359121299,
    "train_accuracy_per_label": {
        ".": 0.9556818181818182,
        "ADJ": 0.7619047619047619,
        "ADP": 0.9012797074954296,
        "ADV": 0.8730964467005076,
        "CONJ": 0.9192546583850931,
        "DET": 0.971764705882353,
        "NOUN": 0.8636904761904762,
        "NUM": 0.8652482269503546,
        "PRON": 0.9715568862275449,
        "PRT": 0.8592233009708737,
        "VERB": 0.9273927392739274,
        "X": 0.9204712812960235,
        "<pad>": 0
    },
    "train_loss": 0.4410705864429474,
    "validation_accuracy": 0.7830233667143538,
    "validation_accuracy_per_label": {
        ".": 0.9518072289156626,
        "ADJ": 0.494949494949495,
        "ADP": 0.9139072847682119,
        "ADV": 0.7054263565891473,
        "CONJ": 0.9285714285714286,
        "DET": 0.9538461538461539,
        "NOUN": 0.5651260504201681,
        "NUM": 0.7941176470588235,
        "PRON": 0.9479166666666666,
        "PRT": 0.8947368421052632,
        "VERB": 0.7855153203342619,
        "X": 0.8547486033519553,
        "<pad>": 0
    },
    "validation_loss": 0.7727147340774536,
    "epoch_num": 35
}