{
    "train_accuracy": 0.8417246554782372,
    "train_accuracy_per_label": {
        ".": 0.9556818181818182,
        "ADJ": 0.5327380952380952,
        "ADP": 0.8117001828153565,
        "ADV": 0.7715736040609137,
        "CONJ": 0.9130434782608695,
        "DET": 0.9623529411764706,
        "NOUN": 0.75,
        "NUM": 0.8297872340425532,
        "PRON": 0.9476047904191617,
        "PRT": 0.8446601941747572,
        "VERB": 0.8646864686468647,
        "X": 0.9027982326951399,
        "<pad>": 0
    },
    "train_loss": 0.753262460231781,
    "validation_accuracy": 0.7520267048164044,
    "validation_accuracy_per_label": {
        ".": 0.9518072289156626,
        "ADJ": 0.35353535353535354,
        "ADP": 0.8145695364238411,
        "ADV": 0.6356589147286822,
        "CONJ": 0.9285714285714286,
        "DET": 0.9461538461538461,
        "NOUN": 0.5441176470588235,
        "NUM": 0.7941176470588235,
        "PRON": 0.9270833333333334,
        "PRT": 0.8596491228070176,
        "VERB": 0.7715877437325905,
        "X": 0.8268156424581006,
        "<pad>": 0
    },
    "validation_loss": 0.9587910771369934,
    "epoch_num": 23
}