{
    "train_accuracy": 0.2843498430890981,
    "train_accuracy_per_label": {
        ".": 0.31477272727272726,
        "ADJ": 0.27380952380952384,
        "ADP": 0.8080438756855576,
        "ADV": 0.007614213197969543,
        "CONJ": 0.006211180124223602,
        "DET": 0.0988235294117647,
        "NOUN": 0.01369047619047619,
        "NUM": 0.1702127659574468,
        "PRON": 0.5119760479041916,
        "PRT": 0.009708737864077669,
        "VERB": 0.31683168316831684,
        "X": 0.6656848306332842,
        "<pad>": 0
    },
    "train_loss": 2.432587146759033,
    "validation_accuracy": 0.307105388650453,
    "validation_accuracy_per_label": {
        ".": 0.39759036144578314,
        "ADJ": 0.15151515151515152,
        "ADP": 0.8145695364238411,
        "ADV": 0.023255813953488372,
        "CONJ": 0.0,
        "DET": 0.08461538461538462,
        "NOUN": 0.018907563025210083,
        "NUM": 0.058823529411764705,
        "PRON": 0.6041666666666666,
        "PRT": 0.0,
        "VERB": 0.4011142061281337,
        "X": 0.6815642458100558,
        "<pad>": 0
    },
    "validation_loss": 2.3785016536712646,
    "epoch_num": 1
}