{
    "train_accuracy": 0.6014463091826988,
    "train_accuracy_per_label": {
        ".": 0.9477272727272728,
        "ADJ": 0.05952380952380952,
        "ADP": 0.7806215722120659,
        "ADV": 0.027918781725888325,
        "CONJ": 0.19254658385093168,
        "DET": 0.7976470588235294,
        "NOUN": 0.40773809523809523,
        "NUM": 0.14893617021276595,
        "PRON": 0.8398203592814372,
        "PRT": 0.0,
        "VERB": 0.75,
        "X": 0.8394698085419735,
        "<pad>": 0
    },
    "train_loss": 1.5660799741744995,
    "validation_accuracy": 0.5784453981878874,
    "validation_accuracy_per_label": {
        ".": 0.9357429718875502,
        "ADJ": 0.050505050505050504,
        "ADP": 0.7748344370860927,
        "ADV": 0.007751937984496124,
        "CONJ": 0.5714285714285714,
        "DET": 0.7384615384615385,
        "NOUN": 0.37184873949579833,
        "NUM": 0.058823529411764705,
        "PRON": 0.7760416666666666,
        "PRT": 0.0,
        "VERB": 0.7409470752089137,
        "X": 0.7988826815642458,
        "<pad>": 0
    },
    "validation_loss": 1.6040068864822388,
    "epoch_num": 10
}