{
    "train_accuracy": 0.8848410424341656,
    "train_accuracy_per_label": {
        ".": 0.9556818181818182,
        "ADJ": 0.6785714285714286,
        "ADP": 0.9012797074954296,
        "ADV": 0.8553299492385786,
        "CONJ": 0.9192546583850931,
        "DET": 0.9670588235294117,
        "NOUN": 0.819047619047619,
        "NUM": 0.8368794326241135,
        "PRON": 0.9595808383233533,
        "PRT": 0.8446601941747572,
        "VERB": 0.9075907590759076,
        "X": 0.9101620029455081,
        "<pad>": 0
    },
    "train_loss": 0.5613123774528503,
    "validation_accuracy": 0.771101573676681,
    "validation_accuracy_per_label": {
        ".": 0.9518072289156626,
        "ADJ": 0.43434343434343436,
        "ADP": 0.9139072847682119,
        "ADV": 0.6666666666666666,
        "CONJ": 0.9285714285714286,
        "DET": 0.9538461538461539,
        "NOUN": 0.5567226890756303,
        "NUM": 0.7941176470588235,
        "PRON": 0.9479166666666666,
        "PRT": 0.8596491228070176,
        "VERB": 0.7771587743732591,
        "X": 0.8268156424581006,
        "<pad>": 0
    },
    "validation_loss": 0.8368067741394043,
    "epoch_num": 29
}