{
    "train_accuracy": 0.8973939145858917,
    "train_accuracy_per_label": {
        ".": 0.9556818181818182,
        "ADJ": 0.7113095238095238,
        "ADP": 0.9049360146252285,
        "ADV": 0.868020304568528,
        "CONJ": 0.9192546583850931,
        "DET": 0.9694117647058823,
        "NOUN": 0.8452380952380952,
        "NUM": 0.8439716312056738,
        "PRON": 0.9715568862275449,
        "PRT": 0.8446601941747572,
        "VERB": 0.9216171617161716,
        "X": 0.914580265095729,
        "<pad>": 0
    },
    "train_loss": 0.49427807331085205,
    "validation_accuracy": 0.7782546494992847,
    "validation_accuracy_per_label": {
        ".": 0.9518072289156626,
        "ADJ": 0.46464646464646464,
        "ADP": 0.9139072847682119,
        "ADV": 0.689922480620155,
        "CONJ": 0.9285714285714286,
        "DET": 0.9538461538461539,
        "NOUN": 0.5630252100840336,
        "NUM": 0.7941176470588235,
        "PRON": 0.9479166666666666,
        "PRT": 0.8947368421052632,
        "VERB": 0.7827298050139275,
        "X": 0.8379888268156425,
        "<pad>": 0
    },
    "validation_loss": 0.7995752692222595,
    "epoch_num": 32
}