{
    "train_accuracy": 0.578523673079547,
    "train_accuracy_per_label": {
        ".": 0.9454545454545454,
        "ADJ": 0.05357142857142857,
        "ADP": 0.7806215722120659,
        "ADV": 0.015228426395939087,
        "CONJ": 0.06832298136645963,
        "DET": 0.7952941176470588,
        "NOUN": 0.33214285714285713,
        "NUM": 0.1347517730496454,
        "PRON": 0.8413173652694611,
        "PRT": 0.0,
        "VERB": 0.7417491749174917,
        "X": 0.8394698085419735,
        "<pad>": 0
    },
    "train_loss": 1.6477854251861572,
    "validation_accuracy": 0.5512637100619934,
    "validation_accuracy_per_label": {
        ".": 0.9357429718875502,
        "ADJ": 0.04040404040404041,
        "ADP": 0.7748344370860927,
        "ADV": 0.007751937984496124,
        "CONJ": 0.0,
        "DET": 0.7384615384615385,
        "NOUN": 0.3088235294117647,
        "NUM": 0.058823529411764705,
        "PRON": 0.765625,
        "PRT": 0.0,
        "VERB": 0.7409470752089137,
        "X": 0.7988826815642458,
        "<pad>": 0
    },
    "validation_loss": 1.6758153438568115,
    "epoch_num": 9
}