{
    "train_accuracy": 0.8931641424478101,
    "train_accuracy_per_label": {
        ".": 0.9556818181818182,
        "ADJ": 0.6934523809523809,
        "ADP": 0.9049360146252285,
        "ADV": 0.868020304568528,
        "CONJ": 0.9192546583850931,
        "DET": 0.9694117647058823,
        "NOUN": 0.8351190476190476,
        "NUM": 0.8368794326241135,
        "PRON": 0.9715568862275449,
        "PRT": 0.8446601941747572,
        "VERB": 0.9174917491749175,
        "X": 0.9116347569955817,
        "<pad>": 0
    },
    "train_loss": 0.5149101614952087,
    "validation_accuracy": 0.7753934191702432,
    "validation_accuracy_per_label": {
        ".": 0.9518072289156626,
        "ADJ": 0.4444444444444444,
        "ADP": 0.9139072847682119,
        "ADV": 0.6821705426356589,
        "CONJ": 0.9285714285714286,
        "DET": 0.9538461538461539,
        "NOUN": 0.5609243697478992,
        "NUM": 0.7941176470588235,
        "PRON": 0.9479166666666666,
        "PRT": 0.8596491228070176,
        "VERB": 0.7827298050139275,
        "X": 0.8379888268156425,
        "<pad>": 0
    },
    "validation_loss": 0.8106668591499329,
    "epoch_num": 31
}