{
    "train_accuracy": 0.14353936416973667,
    "train_accuracy_per_label": {
        ".": 0.09772727272727273,
        "ADJ": 0.39285714285714285,
        "ADP": 0.7148080438756855,
        "ADV": 0.007614213197969543,
        "CONJ": 0.006211180124223602,
        "DET": 0.03764705882352941,
        "NOUN": 0.010714285714285714,
        "NUM": 0.18439716312056736,
        "PRON": 0.07784431137724551,
        "PRT": 0.009708737864077669,
        "VERB": 0.04785478547854786,
        "X": 0.39322533136966126,
        "<pad>": 0
    },
    "train_loss": 2.585238218307495,
    "validation_accuracy": 0.21983786361468766,
    "validation_accuracy_per_label": {
        ".": 0.26104417670682734,
        "ADJ": 0.29292929292929293,
        "ADP": 0.8145695364238411,
        "ADV": 0.015503875968992248,
        "CONJ": 0.0,
        "DET": 0.09230769230769231,
        "NOUN": 0.02100840336134454,
        "NUM": 0.08823529411764706,
        "PRON": 0.21354166666666666,
        "PRT": 0.0,
        "VERB": 0.1671309192200557,
        "X": 0.6480446927374302,
        "<pad>": 0
    },
    "validation_loss": 2.5141501426696777,
    "epoch_num": 0
}