{
    "train_accuracy": 0.8490926456542502,
    "train_accuracy_per_label": {
        ".": 0.9556818181818182,
        "ADJ": 0.5625,
        "ADP": 0.8171846435100548,
        "ADV": 0.7842639593908629,
        "CONJ": 0.9130434782608695,
        "DET": 0.9623529411764706,
        "NOUN": 0.7642857142857142,
        "NUM": 0.8297872340425532,
        "PRON": 0.9476047904191617,
        "PRT": 0.8446601941747572,
        "VERB": 0.8745874587458746,
        "X": 0.9027982326951399,
        "<pad>": 0
    },
    "train_loss": 0.7147105932235718,
    "validation_accuracy": 0.760133524082022,
    "validation_accuracy_per_label": {
        ".": 0.9518072289156626,
        "ADJ": 0.36363636363636365,
        "ADP": 0.8807947019867549,
        "ADV": 0.6434108527131783,
        "CONJ": 0.9285714285714286,
        "DET": 0.9461538461538461,
        "NOUN": 0.5462184873949579,
        "NUM": 0.7941176470588235,
        "PRON": 0.9427083333333334,
        "PRT": 0.8596491228070176,
        "VERB": 0.7743732590529248,
        "X": 0.8268156424581006,
        "<pad>": 0
    },
    "validation_loss": 0.9327980875968933,
    "epoch_num": 24
}