{
    "train_accuracy": 0.679628871605949,
    "train_accuracy_per_label": {
        ".": 0.9068181818181819,
        "ADJ": 0.32142857142857145,
        "ADP": 0.850091407678245,
        "ADV": 0.5583756345177665,
        "CONJ": 0.7639751552795031,
        "DET": 0.8588235294117647,
        "NOUN": 0.5744047619047619,
        "NUM": 0.09219858156028368,
        "PRON": 0.8488023952095808,
        "PRT": 0.8446601941747572,
        "VERB": 0.6757425742574258,
        "X": 0.5360824742268041,
        "<pad>": 0
    },
    "train_loss": 697.3711547851562,
    "validation_accuracy": 0.6571292322365284,
    "validation_accuracy_per_label": {
        ".": 0.891566265060241,
        "ADJ": 0.21212121212121213,
        "ADP": 0.8079470198675497,
        "ADV": 0.4728682170542636,
        "CONJ": 0.8333333333333334,
        "DET": 0.8615384615384616,
        "NOUN": 0.6197478991596639,
        "NUM": 0.14705882352941177,
        "PRON": 0.796875,
        "PRT": 0.8771929824561403,
        "VERB": 0.5766016713091922,
        "X": 0.5307262569832403,
        "<pad>": 0
    },
    "validation_loss": 690.5635986328125,
    "epoch_num": 22
}