{
    "train_accuracy": 0.5651521353527085,
    "train_accuracy_per_label": {
        ".": 0.8647727272727272,
        "ADJ": 0.19345238095238096,
        "ADP": 0.7221206581352834,
        "ADV": 0.4949238578680203,
        "CONJ": 0.7639751552795031,
        "DET": 0.7458823529411764,
        "NOUN": 0.37023809523809526,
        "NUM": 0.02127659574468085,
        "PRON": 0.7784431137724551,
        "PRT": 0.8543689320388349,
        "VERB": 0.5214521452145214,
        "X": 0.49042709867452133,
        "<pad>": 0
    },
    "train_loss": 932.2493286132812,
    "validation_accuracy": 0.5679542203147353,
    "validation_accuracy_per_label": {
        ".": 0.8594377510040161,
        "ADJ": 0.15151515151515152,
        "ADP": 0.7019867549668874,
        "ADV": 0.4263565891472868,
        "CONJ": 0.8333333333333334,
        "DET": 0.7538461538461538,
        "NOUN": 0.4642857142857143,
        "NUM": 0.029411764705882353,
        "PRON": 0.75,
        "PRT": 0.8245614035087719,
        "VERB": 0.4456824512534819,
        "X": 0.5307262569832403,
        "<pad>": 0
    },
    "validation_loss": 854.3944091796875,
    "epoch_num": 14
}