{
    "train_accuracy": 0.6082685223086369,
    "train_accuracy_per_label": {
        ".": 0.8886363636363637,
        "ADJ": 0.23511904761904762,
        "ADP": 0.7751371115173674,
        "ADV": 0.5253807106598984,
        "CONJ": 0.7639751552795031,
        "DET": 0.7576470588235295,
        "NOUN": 0.4369047619047619,
        "NUM": 0.0425531914893617,
        "PRON": 0.8143712574850299,
        "PRT": 0.8592233009708737,
        "VERB": 0.5907590759075908,
        "X": 0.5066273932253313,
        "<pad>": 0
    },
    "train_loss": 836.1433715820312,
    "validation_accuracy": 0.614687649022413,
    "validation_accuracy_per_label": {
        ".": 0.8835341365461847,
        "ADJ": 0.18181818181818182,
        "ADP": 0.7748344370860927,
        "ADV": 0.43410852713178294,
        "CONJ": 0.8333333333333334,
        "DET": 0.7769230769230769,
        "NOUN": 0.5630252100840336,
        "NUM": 0.11764705882352941,
        "PRON": 0.7708333333333334,
        "PRT": 0.8596491228070176,
        "VERB": 0.4986072423398329,
        "X": 0.5251396648044693,
        "<pad>": 0
    },
    "validation_loss": 785.1680908203125,
    "epoch_num": 17
}