{
    "train_accuracy": 0.14326647564469913,
    "train_accuracy_per_label": {
        ".": 0.2125,
        "ADJ": 0.023809523809523808,
        "ADP": 0.1590493601462523,
        "ADV": 0.17258883248730963,
        "CONJ": 0.0,
        "DET": 0.18588235294117647,
        "NOUN": 0.03333333333333333,
        "NUM": 0.02127659574468085,
        "PRON": 0.11526946107784432,
        "PRT": 0.6747572815533981,
        "VERB": 0.08003300330033003,
        "X": 0.36671575846833576,
        "<pad>": 0
    },
    "train_loss": 1555.183349609375,
    "validation_accuracy": 0.17405817835002385,
    "validation_accuracy_per_label": {
        ".": 0.3373493975903614,
        "ADJ": 0.0,
        "ADP": 0.2847682119205298,
        "ADV": 0.16279069767441862,
        "CONJ": 0.023809523809523808,
        "DET": 0.26153846153846155,
        "NOUN": 0.012605042016806723,
        "NUM": 0.029411764705882353,
        "PRON": 0.1875,
        "PRT": 0.7368421052631579,
        "VERB": 0.06406685236768803,
        "X": 0.4134078212290503,
        "<pad>": 0
    },
    "validation_loss": 1353.978515625,
    "epoch_num": 1
}