{
    "train_accuracy": 0.6935461863828626,
    "train_accuracy_per_label": {
        ".": 0.9102272727272728,
        "ADJ": 0.34523809523809523,
        "ADP": 0.8519195612431444,
        "ADV": 0.5736040609137056,
        "CONJ": 0.7639751552795031,
        "DET": 0.88,
        "NOUN": 0.5982142857142857,
        "NUM": 0.11347517730496454,
        "PRON": 0.8577844311377245,
        "PRT": 0.8446601941747572,
        "VERB": 0.6922442244224423,
        "X": 0.5449189985272459,
        "<pad>": 0
    },
    "train_loss": 672.5869140625,
    "validation_accuracy": 0.6671435383881735,
    "validation_accuracy_per_label": {
        ".": 0.8995983935742972,
        "ADJ": 0.24242424242424243,
        "ADP": 0.8278145695364238,
        "ADV": 0.4728682170542636,
        "CONJ": 0.8333333333333334,
        "DET": 0.8846153846153846,
        "NOUN": 0.6302521008403361,
        "NUM": 0.14705882352941177,
        "PRON": 0.8072916666666666,
        "PRT": 0.8771929824561403,
        "VERB": 0.5821727019498607,
        "X": 0.5363128491620112,
        "<pad>": 0
    },
    "validation_loss": 674.3596801757812,
    "epoch_num": 23
}