{
    "train_accuracy": 0.728748806112703,
    "train_accuracy_per_label": {
        ".": 0.9227272727272727,
        "ADJ": 0.40476190476190477,
        "ADP": 0.8628884826325411,
        "ADV": 0.6218274111675127,
        "CONJ": 0.7950310559006211,
        "DET": 0.9105882352941177,
        "NOUN": 0.6428571428571429,
        "NUM": 0.15602836879432624,
        "PRON": 0.8787425149700598,
        "PRT": 0.8446601941747572,
        "VERB": 0.740924092409241,
        "X": 0.5891016200294551,
        "<pad>": 0
    },
    "train_loss": 603.6424560546875,
    "validation_accuracy": 0.6952789699570815,
    "validation_accuracy_per_label": {
        ".": 0.9076305220883534,
        "ADJ": 0.24242424242424243,
        "ADP": 0.8874172185430463,
        "ADV": 0.5193798449612403,
        "CONJ": 0.8571428571428571,
        "DET": 0.9076923076923077,
        "NOUN": 0.6470588235294118,
        "NUM": 0.17647058823529413,
        "PRON": 0.8489583333333334,
        "PRT": 0.8947368421052632,
        "VERB": 0.637883008356546,
        "X": 0.5363128491620112,
        "<pad>": 0
    },
    "validation_loss": 630.4464111328125,
    "epoch_num": 26
}