{
    "train_accuracy": 0.408923454768727,
    "train_accuracy_per_label": {
        ".": 0.7159090909090909,
        "ADJ": 0.07738095238095238,
        "ADP": 0.6179159049360147,
        "ADV": 0.383248730964467,
        "CONJ": 0.6832298136645962,
        "DET": 0.7552941176470588,
        "NOUN": 0.1767857142857143,
        "NUM": 0.0425531914893617,
        "PRON": 0.531437125748503,
        "PRT": 0.7669902912621359,
        "VERB": 0.24752475247524752,
        "X": 0.4491899852724595,
        "<pad>": 0
    },
    "train_loss": 1203.034912109375,
    "validation_accuracy": 0.40820219360991894,
    "validation_accuracy_per_label": {
        ".": 0.7269076305220884,
        "ADJ": 0.0707070707070707,
        "ADP": 0.609271523178808,
        "ADV": 0.32558139534883723,
        "CONJ": 0.6904761904761905,
        "DET": 0.7461538461538462,
        "NOUN": 0.19327731092436976,
        "NUM": 0.0,
        "PRON": 0.5572916666666666,
        "PRT": 0.7543859649122807,
        "VERB": 0.20891364902506965,
        "X": 0.5083798882681564,
        "<pad>": 0
    },
    "validation_loss": 1064.4412841796875,
    "epoch_num": 7
}