{
    "train_accuracy": 0.8278073407013236,
    "train_accuracy_per_label": {
        ".": 0.95,
        "ADJ": 0.5952380952380952,
        "ADP": 0.8829981718464351,
        "ADV": 0.733502538071066,
        "CONJ": 0.9192546583850931,
        "DET": 0.9411764705882353,
        "NOUN": 0.7886904761904762,
        "NUM": 0.41134751773049644,
        "PRON": 0.9476047904191617,
        "PRT": 0.8543689320388349,
        "VERB": 0.8506600660066007,
        "X": 0.7187039764359352,
        "<pad>": 0
    },
    "train_loss": 409.29925537109375,
    "validation_accuracy": 0.7424892703862661,
    "validation_accuracy_per_label": {
        ".": 0.9236947791164659,
        "ADJ": 0.37373737373737376,
        "ADP": 0.9205298013245033,
        "ADV": 0.5813953488372093,
        "CONJ": 0.9285714285714286,
        "DET": 0.9230769230769231,
        "NOUN": 0.7016806722689075,
        "NUM": 0.29411764705882354,
        "PRON": 0.9427083333333334,
        "PRT": 0.8596491228070176,
        "VERB": 0.6713091922005571,
        "X": 0.5698324022346368,
        "<pad>": 0
    },
    "validation_loss": 517.2095947265625,
    "epoch_num": 37
}