{
    "train_accuracy": 0.4337563105471415,
    "train_accuracy_per_label": {
        ".": 0.7488636363636364,
        "ADJ": 0.09523809523809523,
        "ADP": 0.6343692870201096,
        "ADV": 0.39847715736040606,
        "CONJ": 0.6956521739130435,
        "DET": 0.7529411764705882,
        "NOUN": 0.20476190476190476,
        "NUM": 0.03546099290780142,
        "PRON": 0.5583832335329342,
        "PRT": 0.7766990291262136,
        "VERB": 0.2986798679867987,
        "X": 0.4536082474226804,
        "<pad>": 0
    },
    "train_loss": 1158.86572265625,
    "validation_accuracy": 0.44206008583690987,
    "validation_accuracy_per_label": {
        ".": 0.7590361445783133,
        "ADJ": 0.10101010101010101,
        "ADP": 0.6291390728476821,
        "ADV": 0.3488372093023256,
        "CONJ": 0.6904761904761905,
        "DET": 0.7538461538461538,
        "NOUN": 0.2415966386554622,
        "NUM": 0.029411764705882353,
        "PRON": 0.578125,
        "PRT": 0.7719298245614035,
        "VERB": 0.2757660167130919,
        "X": 0.5083798882681564,
        "<pad>": 0
    },
    "validation_loss": 1028.9051513671875,
    "epoch_num": 8
}