{
    "train_accuracy": 0.10260608541410833,
    "train_accuracy_per_label": {
        ".": 0.0715909090909091,
        "ADJ": 0.017857142857142856,
        "ADP": 0.09506398537477148,
        "ADV": 0.16243654822335024,
        "CONJ": 0.0,
        "DET": 0.023529411764705882,
        "NOUN": 0.025,
        "NUM": 0.03546099290780142,
        "PRON": 0.09880239520958084,
        "PRT": 0.616504854368932,
        "VERB": 0.06188118811881188,
        "X": 0.35640648011782033,
        "<pad>": 0
    },
    "train_loss": 1635.326171875,
    "validation_accuracy": 0.10777300906056271,
    "validation_accuracy_per_label": {
        ".": 0.1285140562248996,
        "ADJ": 0.020202020202020204,
        "ADP": 0.13245033112582782,
        "ADV": 0.15503875968992248,
        "CONJ": 0.0,
        "DET": 0.023076923076923078,
        "NOUN": 0.0063025210084033615,
        "NUM": 0.029411764705882353,
        "PRON": 0.13541666666666666,
        "PRT": 0.7192982456140351,
        "VERB": 0.036211699164345405,
        "X": 0.36312849162011174,
        "<pad>": 0
    },
    "validation_loss": 1420.2567138671875,
    "epoch_num": 0
}