{
    "train_accuracy": 0.7874198389957703,
    "train_accuracy_per_label": {
        ".": 0.9386363636363636,
        "ADJ": 0.49702380952380953,
        "ADP": 0.8775137111517367,
        "ADV": 0.6776649746192893,
        "CONJ": 0.8695652173913043,
        "DET": 0.9364705882352942,
        "NOUN": 0.7279761904761904,
        "NUM": 0.28368794326241137,
        "PRON": 0.9206586826347305,
        "PRT": 0.8543689320388349,
        "VERB": 0.8094059405940595,
        "X": 0.6745213549337261,
        "<pad>": 0
    },
    "train_loss": 487.4410400390625,
    "validation_accuracy": 0.7234144015259895,
    "validation_accuracy_per_label": {
        ".": 0.9236947791164659,
        "ADJ": 0.32323232323232326,
        "ADP": 0.9006622516556292,
        "ADV": 0.5658914728682171,
        "CONJ": 0.9285714285714286,
        "DET": 0.9153846153846154,
        "NOUN": 0.6764705882352942,
        "NUM": 0.20588235294117646,
        "PRON": 0.9166666666666666,
        "PRT": 0.8771929824561403,
        "VERB": 0.6545961002785515,
        "X": 0.547486033519553,
        "<pad>": 0
    },
    "validation_loss": 560.66796875,
    "epoch_num": 32
}