{
    "train_accuracy": 0.5943512075317233,
    "train_accuracy_per_label": {
        ".": 0.8818181818181818,
        "ADJ": 0.22321428571428573,
        "ADP": 0.753199268738574,
        "ADV": 0.5101522842639594,
        "CONJ": 0.7639751552795031,
        "DET": 0.7505882352941177,
        "NOUN": 0.41369047619047616,
        "NUM": 0.028368794326241134,
        "PRON": 0.8053892215568862,
        "PRT": 0.8689320388349514,
        "VERB": 0.5701320132013201,
        "X": 0.5051546391752577,
        "<pad>": 0
    },
    "train_loss": 867.0640869140625,
    "validation_accuracy": 0.5994277539341917,
    "validation_accuracy_per_label": {
        ".": 0.8755020080321285,
        "ADJ": 0.1717171717171717,
        "ADP": 0.7615894039735099,
        "ADV": 0.4263565891472868,
        "CONJ": 0.8333333333333334,
        "DET": 0.7692307692307693,
        "NOUN": 0.5336134453781513,
        "NUM": 0.029411764705882353,
        "PRON": 0.7708333333333334,
        "PRT": 0.8421052631578947,
        "VERB": 0.4763231197771588,
        "X": 0.5307262569832403,
        "<pad>": 0
    },
    "validation_loss": 807.1143188476562,
    "epoch_num": 16
}