{
    "train_accuracy": 0.649338245326784,
    "train_accuracy_per_label": {
        ".": 0.8965909090909091,
        "ADJ": 0.2708333333333333,
        "ADP": 0.8263254113345521,
        "ADV": 0.5456852791878173,
        "CONJ": 0.7639751552795031,
        "DET": 0.8117647058823529,
        "NOUN": 0.513095238095238,
        "NUM": 0.07092198581560284,
        "PRON": 0.8353293413173652,
        "PRT": 0.8543689320388349,
        "VERB": 0.6460396039603961,
        "X": 0.5228276877761414,
        "<pad>": 0
    },
    "train_loss": 749.8187866210938,
    "validation_accuracy": 0.6409155937052933,
    "validation_accuracy_per_label": {
        ".": 0.8875502008032129,
        "ADJ": 0.1919191919191919,
        "ADP": 0.8079470198675497,
        "ADV": 0.4496124031007752,
        "CONJ": 0.8333333333333334,
        "DET": 0.8153846153846154,
        "NOUN": 0.5966386554621849,
        "NUM": 0.11764705882352941,
        "PRON": 0.7864583333333334,
        "PRT": 0.8771929824561403,
        "VERB": 0.5487465181058496,
        "X": 0.5418994413407822,
        "<pad>": 0
    },
    "validation_loss": 725.5574951171875,
    "epoch_num": 20
}