{
    "train_accuracy": 0.7602674307545367,
    "train_accuracy_per_label": {
        ".": 0.9306818181818182,
        "ADJ": 0.4583333333333333,
        "ADP": 0.8738574040219378,
        "ADV": 0.6573604060913706,
        "CONJ": 0.8198757763975155,
        "DET": 0.9317647058823529,
        "NOUN": 0.6892857142857143,
        "NUM": 0.2127659574468085,
        "PRON": 0.9026946107784432,
        "PRT": 0.8495145631067961,
        "VERB": 0.7764026402640264,
        "X": 0.6288659793814433,
        "<pad>": 0
    },
    "train_loss": 542.1786499023438,
    "validation_accuracy": 0.7100619933237959,
    "validation_accuracy_per_label": {
        ".": 0.9156626506024096,
        "ADJ": 0.25252525252525254,
        "ADP": 0.9006622516556292,
        "ADV": 0.5348837209302325,
        "CONJ": 0.8571428571428571,
        "DET": 0.9230769230769231,
        "NOUN": 0.6659663865546218,
        "NUM": 0.20588235294117646,
        "PRON": 0.8854166666666666,
        "PRT": 0.8947368421052632,
        "VERB": 0.649025069637883,
        "X": 0.5418994413407822,
        "<pad>": 0
    },
    "validation_loss": 592.8317260742188,
    "epoch_num": 29
}