{
    "train_accuracy": 0.4871060171919771,
    "train_accuracy_per_label": {
        ".": 0.8125,
        "ADJ": 0.13690476190476192,
        "ADP": 0.6745886654478976,
        "ADV": 0.4467005076142132,
        "CONJ": 0.7204968944099379,
        "DET": 0.7529411764705882,
        "NOUN": 0.2702380952380952,
        "NUM": 0.014184397163120567,
        "PRON": 0.6287425149700598,
        "PRT": 0.7912621359223301,
        "VERB": 0.3910891089108911,
        "X": 0.4639175257731959,
        "<pad>": 0
    },
    "train_loss": 1077.171142578125,
    "validation_accuracy": 0.4940391034811636,
    "validation_accuracy_per_label": {
        ".": 0.7670682730923695,
        "ADJ": 0.12121212121212122,
        "ADP": 0.6688741721854304,
        "ADV": 0.37209302325581395,
        "CONJ": 0.7619047619047619,
        "DET": 0.7538461538461538,
        "NOUN": 0.3403361344537815,
        "NUM": 0.029411764705882353,
        "PRON": 0.640625,
        "PRT": 0.7894736842105263,
        "VERB": 0.362116991643454,
        "X": 0.5195530726256983,
        "<pad>": 0
    },
    "validation_loss": 964.3073120117188,
    "epoch_num": 10
}