{
    "train_accuracy": 0.7059626142720699,
    "train_accuracy_per_label": {
        ".": 0.9181818181818182,
        "ADJ": 0.35714285714285715,
        "ADP": 0.8610603290676416,
        "ADV": 0.583756345177665,
        "CONJ": 0.7763975155279503,
        "DET": 0.8988235294117647,
        "NOUN": 0.6130952380952381,
        "NUM": 0.1276595744680851,
        "PRON": 0.8622754491017964,
        "PRT": 0.8446601941747572,
        "VERB": 0.7103960396039604,
        "X": 0.5581737849779087,
        "<pad>": 0
    },
    "train_loss": 648.7244873046875,
    "validation_accuracy": 0.6790653314258465,
    "validation_accuracy_per_label": {
        ".": 0.9036144578313253,
        "ADJ": 0.24242424242424243,
        "ADP": 0.8543046357615894,
        "ADV": 0.5038759689922481,
        "CONJ": 0.8333333333333334,
        "DET": 0.9,
        "NOUN": 0.6386554621848739,
        "NUM": 0.14705882352941177,
        "PRON": 0.828125,
        "PRT": 0.8771929824561403,
        "VERB": 0.5933147632311978,
        "X": 0.547486033519553,
        "<pad>": 0
    },
    "validation_loss": 658.9642333984375,
    "epoch_num": 24
}