{
    "train_accuracy": 0.750443443853186,
    "train_accuracy_per_label": {
        ".": 0.9306818181818182,
        "ADJ": 0.4375,
        "ADP": 0.8720292504570384,
        "ADV": 0.6446700507614214,
        "CONJ": 0.8198757763975155,
        "DET": 0.9223529411764706,
        "NOUN": 0.675,
        "NUM": 0.20567375886524822,
        "PRON": 0.8937125748502994,
        "PRT": 0.8446601941747572,
        "VERB": 0.7623762376237624,
        "X": 0.6200294550810015,
        "<pad>": 0
    },
    "train_loss": 561.8847045898438,
    "validation_accuracy": 0.7067238912732475,
    "validation_accuracy_per_label": {
        ".": 0.9076305220883534,
        "ADJ": 0.24242424242424243,
        "ADP": 0.9006622516556292,
        "ADV": 0.5271317829457365,
        "CONJ": 0.8571428571428571,
        "DET": 0.9230769230769231,
        "NOUN": 0.6638655462184874,
        "NUM": 0.20588235294117646,
        "PRON": 0.8854166666666666,
        "PRT": 0.8947368421052632,
        "VERB": 0.6434540389972145,
        "X": 0.5418994413407822,
        "<pad>": 0
    },
    "validation_loss": 604.7249755859375,
    "epoch_num": 28
}