{
    "train_accuracy": 0.3467048710601719,
    "train_accuracy_per_label": {
        ".": 0.6534090909090909,
        "ADJ": 0.05654761904761905,
        "ADP": 0.56672760511883,
        "ADV": 0.3223350253807107,
        "CONJ": 0.6459627329192547,
        "DET": 0.7458823529411764,
        "NOUN": 0.09345238095238095,
        "NUM": 0.06382978723404255,
        "PRON": 0.38173652694610777,
        "PRT": 0.7281553398058253,
        "VERB": 0.18234323432343233,
        "X": 0.4374079528718704,
        "<pad>": 0
    },
    "train_loss": 1300.8104248046875,
    "validation_accuracy": 0.36623748211731044,
    "validation_accuracy_per_label": {
        ".": 0.6907630522088354,
        "ADJ": 0.0707070707070707,
        "ADP": 0.543046357615894,
        "ADV": 0.2868217054263566,
        "CONJ": 0.6190476190476191,
        "DET": 0.7461538461538462,
        "NOUN": 0.13655462184873948,
        "NUM": 0.0,
        "PRON": 0.484375,
        "PRT": 0.7368421052631579,
        "VERB": 0.1615598885793872,
        "X": 0.4972067039106145,
        "<pad>": 0
    },
    "validation_loss": 1144.0509033203125,
    "epoch_num": 5
}