{
    "train_accuracy": 0.3783599399645245,
    "train_accuracy_per_label": {
        ".": 0.6818181818181818,
        "ADJ": 0.06547619047619048,
        "ADP": 0.5978062157221207,
        "ADV": 0.3477157360406091,
        "CONJ": 0.6645962732919255,
        "DET": 0.7505882352941177,
        "NOUN": 0.1363095238095238,
        "NUM": 0.04964539007092199,
        "PRON": 0.47005988023952094,
        "PRT": 0.7572815533980582,
        "VERB": 0.2103960396039604,
        "X": 0.4418262150220913,
        "<pad>": 0
    },
    "train_loss": 1250.1148681640625,
    "validation_accuracy": 0.38483547925608014,
    "validation_accuracy_per_label": {
        ".": 0.7028112449799196,
        "ADJ": 0.0707070707070707,
        "ADP": 0.5761589403973509,
        "ADV": 0.29457364341085274,
        "CONJ": 0.6428571428571429,
        "DET": 0.7461538461538462,
        "NOUN": 0.16806722689075632,
        "NUM": 0.0,
        "PRON": 0.5260416666666666,
        "PRT": 0.7543859649122807,
        "VERB": 0.17548746518105848,
        "X": 0.4972067039106145,
        "<pad>": 0
    },
    "validation_loss": 1102.6519775390625,
    "epoch_num": 6
}