{
    "train_accuracy": 0.9473380297955885,
    "train_accuracy_per_label": {
        "B-company": 0.014925373134328358,
        "B-facility": 0.0,
        "B-geo-loc": 0.0,
        "B-movie": 0.0,
        "B-musicartist": 0.0,
        "B-other": 0.0,
        "B-person": 0.029498525073746312,
        "B-product": 0.0,
        "B-sportsteam": 0.0,
        "B-tvshow": 0.0,
        "I-company": 0.0,
        "I-facility": 0.0,
        "I-geo-loc": 0.0,
        "I-movie": 0.0,
        "I-musicartist": 0.0,
        "I-other": 0.0,
        "I-person": 0.013071895424836602,
        "I-product": 0.0,
        "I-sportsteam": 0.0,
        "I-tvshow": 0.0,
        "O": 0.9998780562160844,
        "<pad>": 0
    },
    "train_loss": 141.48849487304688,
    "validation_accuracy": 0.9459836208398675,
    "validation_accuracy_per_label": {
        "B-company": 0.0,
        "B-facility": 0.0,
        "B-geo-loc": 0.0,
        "B-movie": 0.0,
        "B-musicartist": 0.0,
        "B-other": 0.0,
        "B-person": 0.037037037037037035,
        "B-product": 0.0,
        "B-sportsteam": 0.0,
        "B-tvshow": 0.0,
        "I-company": 0.0,
        "I-facility": 0.0,
        "I-geo-loc": 0.0,
        "I-movie": 0.0,
        "I-musicartist": 0.0,
        "I-other": 0.0,
        "I-person": 0.0,
        "I-product": 0.0,
        "I-sportsteam": 0.0,
        "I-tvshow": 0.0,
        "O": 0.9997236805747444,
        "<pad>": 0
    },
    "validation_loss": 172.4670867919922,
    "epoch_num": 12
}