{
    "train_accuracy": 0.9511490934288024,
    "train_accuracy_per_label": {
        "B-company": 0.22388059701492538,
        "B-facility": 0.0,
        "B-geo-loc": 0.05025125628140704,
        "B-movie": 0.0,
        "B-musicartist": 0.0,
        "B-other": 0.024691358024691357,
        "B-person": 0.20648967551622419,
        "B-product": 0.0,
        "B-sportsteam": 0.0,
        "B-tvshow": 0.0,
        "I-company": 0.0,
        "I-facility": 0.0,
        "I-geo-loc": 0.0,
        "I-movie": 0.0,
        "I-musicartist": 0.0,
        "I-other": 0.016736401673640166,
        "I-person": 0.2549019607843137,
        "I-product": 0.0,
        "I-sportsteam": 0.0,
        "I-tvshow": 0.0,
        "O": 0.9995427108103164,
        "<pad>": 0
    },
    "train_loss": 108.41375732421875,
    "validation_accuracy": 0.9474647151071616,
    "validation_accuracy_per_label": {
        "B-company": 0.1388888888888889,
        "B-facility": 0.0,
        "B-geo-loc": 0.012987012987012988,
        "B-movie": 0.0,
        "B-musicartist": 0.0,
        "B-other": 0.0,
        "B-person": 0.17592592592592593,
        "B-product": 0.0,
        "B-sportsteam": 0.0,
        "B-tvshow": 0.0,
        "I-company": 0.0,
        "I-facility": 0.0,
        "I-geo-loc": 0.0,
        "I-movie": 0.0,
        "I-musicartist": 0.0,
        "I-other": 0.0,
        "I-person": 0.13114754098360656,
        "I-product": 0.0,
        "I-sportsteam": 0.0,
        "I-tvshow": 0.0,
        "O": 0.998618402873722,
        "<pad>": 0
    },
    "validation_loss": 166.81333923339844,
    "epoch_num": 16
}