{
    "train_accuracy": 0.9573853793740617,
    "train_accuracy_per_label": {
        "B-company": 0.291044776119403,
        "B-facility": 0.0,
        "B-geo-loc": 0.20100502512562815,
        "B-movie": 0.0,
        "B-musicartist": 0.0,
        "B-other": 0.09876543209876543,
        "B-person": 0.41297935103244837,
        "B-product": 0.0,
        "B-sportsteam": 0.0,
        "B-tvshow": 0.0,
        "I-company": 0.0,
        "I-facility": 0.05333333333333334,
        "I-geo-loc": 0.0,
        "I-movie": 0.0,
        "I-musicartist": 0.0,
        "I-other": 0.26778242677824265,
        "I-person": 0.49019607843137253,
        "I-product": 0.0,
        "I-sportsteam": 0.0,
        "I-tvshow": 0.0,
        "O": 0.9993902810804219,
        "<pad>": 0
    },
    "train_loss": 87.41324615478516,
    "validation_accuracy": 0.9486844397978742,
    "validation_accuracy_per_label": {
        "B-company": 0.2222222222222222,
        "B-facility": 0.0,
        "B-geo-loc": 0.09090909090909091,
        "B-movie": 0.0,
        "B-musicartist": 0.0,
        "B-other": 0.015873015873015872,
        "B-person": 0.24074074074074073,
        "B-product": 0.0,
        "B-sportsteam": 0.0,
        "B-tvshow": 0.0,
        "I-company": 0.0,
        "I-facility": 0.0,
        "I-geo-loc": 0.0,
        "I-movie": 0.0,
        "I-musicartist": 0.0,
        "I-other": 0.06172839506172839,
        "I-person": 0.16393442622950818,
        "I-product": 0.0,
        "I-sportsteam": 0.0,
        "I-tvshow": 0.0,
        "O": 0.9976973381228701,
        "<pad>": 0
    },
    "validation_loss": 170.3625030517578,
    "epoch_num": 19
}