{
    "train_accuracy": 0.9526504215267352,
    "train_accuracy_per_label": {
        "B-company": 0.22388059701492538,
        "B-facility": 0.0,
        "B-geo-loc": 0.07537688442211055,
        "B-movie": 0.0,
        "B-musicartist": 0.0,
        "B-other": 0.030864197530864196,
        "B-person": 0.27728613569321536,
        "B-product": 0.0,
        "B-sportsteam": 0.0,
        "B-tvshow": 0.0,
        "I-company": 0.0,
        "I-facility": 0.013333333333333334,
        "I-geo-loc": 0.0,
        "I-movie": 0.0,
        "I-musicartist": 0.0,
        "I-other": 0.03765690376569038,
        "I-person": 0.3790849673202614,
        "I-product": 0.0,
        "I-sportsteam": 0.0,
        "I-tvshow": 0.0,
        "O": 0.9994512529723797,
        "<pad>": 0
    },
    "train_loss": 100.95498657226562,
    "validation_accuracy": 0.947987454260324,
    "validation_accuracy_per_label": {
        "B-company": 0.16666666666666666,
        "B-facility": 0.0,
        "B-geo-loc": 0.05194805194805195,
        "B-movie": 0.0,
        "B-musicartist": 0.0,
        "B-other": 0.015873015873015872,
        "B-person": 0.19444444444444445,
        "B-product": 0.0,
        "B-sportsteam": 0.0,
        "B-tvshow": 0.0,
        "I-company": 0.0,
        "I-facility": 0.0,
        "I-geo-loc": 0.0,
        "I-movie": 0.0,
        "I-musicartist": 0.0,
        "I-other": 0.012345679012345678,
        "I-person": 0.13114754098360656,
        "I-product": 0.0,
        "I-sportsteam": 0.0,
        "I-tvshow": 0.0,
        "O": 0.9984341899235516,
        "<pad>": 0
    },
    "validation_loss": 167.12445068359375,
    "epoch_num": 17
}