{
    "train_accuracy": 0.9500230973553528,
    "train_accuracy_per_label": {
        "B-company": 0.208955223880597,
        "B-facility": 0.0,
        "B-geo-loc": 0.010050251256281407,
        "B-movie": 0.0,
        "B-musicartist": 0.0,
        "B-other": 0.006172839506172839,
        "B-person": 0.15339233038348082,
        "B-product": 0.0,
        "B-sportsteam": 0.0,
        "B-tvshow": 0.0,
        "I-company": 0.0,
        "I-facility": 0.0,
        "I-geo-loc": 0.0,
        "I-movie": 0.0,
        "I-musicartist": 0.0,
        "I-other": 0.0041841004184100415,
        "I-person": 0.20261437908496732,
        "I-product": 0.0,
        "I-sportsteam": 0.0,
        "I-tvshow": 0.0,
        "O": 0.9996341686482532,
        "<pad>": 0
    },
    "train_loss": 116.30636596679688,
    "validation_accuracy": 0.947638961491549,
    "validation_accuracy_per_label": {
        "B-company": 0.1388888888888889,
        "B-facility": 0.0,
        "B-geo-loc": 0.0,
        "B-movie": 0.0,
        "B-musicartist": 0.0,
        "B-other": 0.0,
        "B-person": 0.17592592592592593,
        "B-product": 0.0,
        "B-sportsteam": 0.0,
        "B-tvshow": 0.0,
        "I-company": 0.0,
        "I-facility": 0.0,
        "I-geo-loc": 0.0,
        "I-movie": 0.0,
        "I-musicartist": 0.0,
        "I-other": 0.0,
        "I-person": 0.08196721311475409,
        "I-product": 0.0,
        "I-sportsteam": 0.0,
        "I-tvshow": 0.0,
        "O": 0.9991710417242332,
        "<pad>": 0
    },
    "validation_loss": 167.1857147216797,
    "epoch_num": 15
}