{
    "train_accuracy": 0.6801882434461254,
    "train_accuracy_per_label": {
        "B-company": 0.09701492537313433,
        "B-facility": 0.0,
        "B-geo-loc": 0.0,
        "B-movie": 0.0,
        "B-musicartist": 0.0,
        "B-other": 0.006172839506172839,
        "B-person": 0.014749262536873156,
        "B-product": 0.0,
        "B-sportsteam": 0.0,
        "B-tvshow": 0.0,
        "I-company": 0.0,
        "I-facility": 0.0,
        "I-geo-loc": 0.0,
        "I-movie": 0.0,
        "I-musicartist": 0.0,
        "I-other": 0.0,
        "I-person": 0.0,
        "I-product": 0.015625,
        "I-sportsteam": 0.0,
        "I-tvshow": 0.14285714285714285,
        "O": 0.7175172245594781,
        "<pad>": 0
    },
    "train_loss": 1254.8228759765625,
    "validation_accuracy": 0.9384039031190102,
    "validation_accuracy_per_label": {
        "B-company": 0.027777777777777776,
        "B-facility": 0.0,
        "B-geo-loc": 0.0,
        "B-movie": 0.0,
        "B-musicartist": 0.0,
        "B-other": 0.0,
        "B-person": 0.0,
        "B-product": 0.0,
        "B-sportsteam": 0.0,
        "B-tvshow": 0.0,
        "I-company": 0.0,
        "I-facility": 0.0,
        "I-geo-loc": 0.0,
        "I-movie": 0.0,
        "I-musicartist": 0.0,
        "I-other": 0.0,
        "I-person": 0.0,
        "I-product": 0.0,
        "I-sportsteam": 0.0,
        "I-tvshow": 0.0,
        "O": 0.9919867366675877,
        "<pad>": 0
    },
    "validation_loss": 308.4353942871094,
    "epoch_num": 0
}