{
    "train_accuracy": 0.9548446702852523,
    "train_accuracy_per_label": {
        "B-company": 0.26865671641791045,
        "B-facility": 0.0,
        "B-geo-loc": 0.1457286432160804,
        "B-movie": 0.0,
        "B-musicartist": 0.0,
        "B-other": 0.05555555555555555,
        "B-person": 0.3333333333333333,
        "B-product": 0.0,
        "B-sportsteam": 0.0,
        "B-tvshow": 0.0,
        "I-company": 0.0,
        "I-facility": 0.04,
        "I-geo-loc": 0.0,
        "I-movie": 0.0,
        "I-musicartist": 0.0,
        "I-other": 0.1506276150627615,
        "I-person": 0.42483660130718953,
        "I-product": 0.0,
        "I-sportsteam": 0.0,
        "I-tvshow": 0.0,
        "O": 0.9993597951344431,
        "<pad>": 0
    },
    "train_loss": 93.96184539794922,
    "validation_accuracy": 0.9483359470290992,
    "validation_accuracy_per_label": {
        "B-company": 0.19444444444444445,
        "B-facility": 0.0,
        "B-geo-loc": 0.06493506493506493,
        "B-movie": 0.0,
        "B-musicartist": 0.0,
        "B-other": 0.015873015873015872,
        "B-person": 0.2037037037037037,
        "B-product": 0.0,
        "B-sportsteam": 0.0,
        "B-tvshow": 0.0,
        "I-company": 0.0,
        "I-facility": 0.0,
        "I-geo-loc": 0.0,
        "I-movie": 0.0,
        "I-musicartist": 0.0,
        "I-other": 0.06172839506172839,
        "I-person": 0.13114754098360656,
        "I-product": 0.0,
        "I-sportsteam": 0.0,
        "I-tvshow": 0.0,
        "O": 0.9981578704982961,
        "<pad>": 0
    },
    "validation_loss": 168.3226776123047,
    "epoch_num": 18
}