{
"GRU s pos":
{
    "accuracy": 0.8498578535891969,
    "accuracy_per_label": {
        ".": 0.9576502732240437,
        "ADJ": 0.6914893617021277,
        "ADP": 0.8743589743589744,
        "ADV": 0.8461538461538461,
        "CONJ": 0.801980198019802,
        "DET": 0.9761904761904762,
        "NOUN": 0.759666413949962,
        "NUM": 0.5978260869565217,
        "PRON": 0.9629629629629629,
        "PRT": 0.9440559440559441,
        "VERB": 0.8655172413793103,
        "X": 0.8189655172413793,
        "<pad>": 0
    },
    "loss": 0.5074954032897949
}
,
"LSTM2D s pos":
{
    "accuracy": 0.8557213930348259,
    "accuracy_per_label": {
        ".": 0.9562841530054644,
        "ADJ": 0.6312056737588653,
        "ADP": 0.8794871794871795,
        "ADV": 0.8301282051282052,
        "CONJ": 0.7722772277227723,
        "DET": 0.9761904761904762,
        "NOUN": 0.7968157695223654,
        "NUM": 0.6086956521739131,
        "PRON": 0.9649122807017544,
        "PRT": 0.8811188811188811,
        "VERB": 0.8701149425287357,
        "X": 0.8379310344827586,
        "<pad>": 0
    },
    "loss": 0.5085562467575073
}
,
"BASELINE s pos":
{
    "accuracy": 0.6329068941009239,
    "accuracy_per_label": {
        ".": 0.9412568306010929,
        "ADJ": 0.4078014184397163,
        "ADP": 0.8794871794871795,
        "ADV": 0.7339743589743589,
        "CONJ": 0.801980198019802,
        "DET": 0.8979591836734694,
        "NOUN": 0.3616376042456406,
        "NUM": 0.2608695652173913,
        "PRON": 0.9454191033138402,
        "PRT": 0.8601398601398601,
        "VERB": 0.6758620689655173,
        "X": 0.2482758620689655,
        "<pad>": 0
    },
    "loss": 1.0954257249832153
}
,
"GRU s ner":
{
    "accuracy": 0.9054727172752854,
    "accuracy_per_label": {
        "B-company": 0.2785829307568438,
        "B-facility": 0.039525691699604744,
        "B-geo-loc": 0.46485260770975056,
        "B-movie": 0.0,
        "B-musicartist": 0.0,
        "B-other": 0.0,
        "B-person": 0.5176715176715176,
        "B-product": 0.08536585365853659,
        "B-sportsteam": 0.0,
        "B-tvshow": 0.0,
        "I-company": 0.0,
        "I-facility": 0.15846994535519127,
        "I-geo-loc": 0.0,
        "I-movie": 0.0,
        "I-musicartist": 0.0,
        "I-other": 0.10971223021582734,
        "I-person": 0.23411371237458195,
        "I-product": 0.006,
        "I-sportsteam": 0.0,
        "I-tvshow": 0.0,
        "O": 0.9830005010378642,
        "<pad>": 0
    },
    "loss": 0.4597902297973633
}
,
"LSTM2D s ner":
{
    "accuracy": 0.9032085907429569,
    "accuracy_per_label": {
        "B-company": 0.20128824476650564,
        "B-facility": 0.0,
        "B-geo-loc": 0.43537414965986393,
        "B-movie": 0.0,
        "B-musicartist": 0.0,
        "B-other": 0.0,
        "B-person": 0.49064449064449067,
        "B-product": 0.0,
        "B-sportsteam": 0.0,
        "B-tvshow": 0.0,
        "I-company": 0.0,
        "I-facility": 0.0,
        "I-geo-loc": 0.0,
        "I-movie": 0.0,
        "I-musicartist": 0.0,
        "I-other": 0.050359712230215826,
        "I-person": 0.016722408026755852,
        "I-product": 0.0,
        "I-sportsteam": 0.0,
        "I-tvshow": 0.0,
        "O": 0.9854520077302985,
        "<pad>": 0
    },
    "loss": 0.4615829586982727
}
,
"BASELINE s ner":
{
    "accuracy": 0.8985186143545623,
    "accuracy_per_label": {
        "B-company": 0.08051529790660225,
        "B-facility": 0.0,
        "B-geo-loc": 0.11564625850340136,
        "B-movie": 0.0,
        "B-musicartist": 0.0,
        "B-other": 0.030821917808219176,
        "B-person": 0.08316008316008316,
        "B-product": 0.012195121951219513,
        "B-sportsteam": 0.0,
        "B-tvshow": 0.0,
        "I-company": 0.0,
        "I-facility": 0.02185792349726776,
        "I-geo-loc": 0.0,
        "I-movie": 0.0,
        "I-musicartist": 0.0,
        "I-other": 0.02158273381294964,
        "I-person": 0.010033444816053512,
        "I-product": 0.0,
        "I-sportsteam": 0.0,
        "I-tvshow": 0.0,
        "O": 0.989961348507623,
        "<pad>": 0
    },
    "loss": 0.5976454615592957
}
}
