{
"GRU crf pos":
{
    "accuracy": 0.8505685856432125,
    "accuracy_per_label": {
        ".": 0.9576502732240437,
        "ADJ": 0.6985815602836879,
        "ADP": 0.8769230769230769,
        "ADV": 0.8397435897435898,
        "CONJ": 0.7920792079207921,
        "DET": 0.9693877551020408,
        "NOUN": 0.7626990144048522,
        "NUM": 0.6304347826086957,
        "PRON": 0.9629629629629629,
        "PRT": 0.9300699300699301,
        "VERB": 0.867816091954023,
        "X": 0.8172413793103448,
        "<pad>": 0
    },
    "loss": 9.46809196472168
}
,
"LSTM2D crf pos":
{
    "accuracy": 0.8541222459132907,
    "accuracy_per_label": {
        ".": 0.9590163934426229,
        "ADJ": 0.6276595744680851,
        "ADP": 0.8794871794871795,
        "ADV": 0.8237179487179487,
        "CONJ": 0.7821782178217822,
        "DET": 0.9727891156462585,
        "NOUN": 0.7899924184988628,
        "NUM": 0.5978260869565217,
        "PRON": 0.9649122807017544,
        "PRT": 0.8811188811188811,
        "VERB": 0.8735632183908046,
        "X": 0.8362068965517241,
        "<pad>": 0
    },
    "loss": 9.615368843078613
}
,
"BASELINE crf pos":
{
    "accuracy": 0.7427149964463398,
    "accuracy_per_label": {
        ".": 0.9426229508196722,
        "ADJ": 0.3829787234042553,
        "ADP": 0.8794871794871795,
        "ADV": 0.7243589743589743,
        "CONJ": 0.801980198019802,
        "DET": 0.9217687074829932,
        "NOUN": 0.6914329037149356,
        "NUM": 0.25,
        "PRON": 0.9415204678362573,
        "PRT": 0.8461538461538461,
        "VERB": 0.7057471264367816,
        "X": 0.5310344827586206,
        "<pad>": 0
    },
    "loss": 16.839595794677734
}
}
