{
    "train_accuracy": 0.9470596261427207,
    "train_accuracy_per_label": {
        ".": 0.9715909090909091,
        "ADJ": 0.8988095238095238,
        "ADP": 0.926873857404022,
        "ADV": 0.8553299492385786,
        "CONJ": 0.8757763975155279,
        "DET": 0.9364705882352942,
        "NOUN": 0.9619047619047619,
        "NUM": 0.8936170212765957,
        "PRON": 0.9760479041916168,
        "PRT": 0.9320388349514563,
        "VERB": 0.9752475247524752,
        "X": 0.9322533136966127,
        "<pad>": 0
    },
    "train_loss": 0.310018390417099,
    "validation_accuracy": 0.8144969003338102,
    "validation_accuracy_per_label": {
        ".": 0.9518072289156626,
        "ADJ": 0.6161616161616161,
        "ADP": 0.9205298013245033,
        "ADV": 0.6666666666666666,
        "CONJ": 0.9285714285714286,
        "DET": 0.9,
        "NOUN": 0.6995798319327731,
        "NUM": 0.6764705882352942,
        "PRON": 0.9479166666666666,
        "PRT": 0.9298245614035088,
        "VERB": 0.83008356545961,
        "X": 0.7821229050279329,
        "<pad>": 0
    },
    "validation_loss": 0.7334697842597961,
    "epoch_num": 79,
    "run_time": "0:01:31.535071"
}