{
    "train_accuracy": 0.3063173693546186,
    "train_accuracy_per_label": {
        ".": 0.0,
        "ADJ": 0.0,
        "ADP": 0.0,
        "ADV": 0.0,
        "CONJ": 0.0,
        "DET": 0.0,
        "NOUN": 0.8904761904761904,
        "NUM": 0.0,
        "PRON": 0.0014970059880239522,
        "PRT": 0.0,
        "VERB": 0.6171617161716172,
        "X": 0.0,
        "<pad>": 0
    },
    "train_loss": 2.1448938846588135,
    "validation_accuracy": 0.3156890796375775,
    "validation_accuracy_per_label": {
        ".": 0.0,
        "ADJ": 0.0,
        "ADP": 0.0,
        "ADV": 0.0,
        "CONJ": 0.0,
        "DET": 0.0,
        "NOUN": 0.8739495798319328,
        "NUM": 0.0,
        "PRON": 0.0,
        "PRT": 0.0,
        "VERB": 0.6852367688022284,
        "X": 0.0,
        "<pad>": 0
    },
    "validation_loss": 2.1315953731536865,
    "epoch_num": 12
}