{
    "train_accuracy": 0.7825078455450948,
    "train_accuracy_per_label": {
        ".": 0.9545454545454546,
        "ADJ": 0.2648809523809524,
        "ADP": 0.8226691042047533,
        "ADV": 0.0,
        "CONJ": 0.0,
        "DET": 0.7505882352941177,
        "NOUN": 0.9416666666666667,
        "NUM": 0.0,
        "PRON": 0.8338323353293413,
        "PRT": 0.6941747572815534,
        "VERB": 0.9455445544554455,
        "X": 0.8969072164948454,
        "<pad>": 0
    },
    "train_loss": 0.8784105777740479,
    "validation_accuracy": 0.7200762994754412,
    "validation_accuracy_per_label": {
        ".": 0.9477911646586346,
        "ADJ": 0.1919191919191919,
        "ADP": 0.9006622516556292,
        "ADV": 0.0,
        "CONJ": 0.0,
        "DET": 0.7384615384615385,
        "NOUN": 0.7815126050420168,
        "NUM": 0.0,
        "PRON": 0.8177083333333334,
        "PRT": 0.8245614035087719,
        "VERB": 0.8356545961002786,
        "X": 0.8212290502793296,
        "<pad>": 0
    },
    "validation_loss": 1.0807100534439087,
    "epoch_num": 44
}