{
    "train_accuracy": 0.9302769818529131,
    "train_accuracy_per_label": {
        ".": 0.9590909090909091,
        "ADJ": 0.8392857142857143,
        "ADP": 0.903107861060329,
        "ADV": 0.8020304568527918,
        "CONJ": 0.8322981366459627,
        "DET": 0.9388235294117647,
        "NOUN": 0.9535714285714286,
        "NUM": 0.7730496453900709,
        "PRON": 0.9715568862275449,
        "PRT": 0.8980582524271845,
        "VERB": 0.9678217821782178,
        "X": 0.9293078055964654,
        "<pad>": 0
    },
    "train_loss": 0.44479334354400635,
    "validation_accuracy": 0.8168812589413448,
    "validation_accuracy_per_label": {
        ".": 0.9518072289156626,
        "ADJ": 0.5656565656565656,
        "ADP": 0.9205298013245033,
        "ADV": 0.6434108527131783,
        "CONJ": 0.9285714285714286,
        "DET": 0.9076923076923077,
        "NOUN": 0.7142857142857143,
        "NUM": 0.6176470588235294,
        "PRON": 0.9479166666666666,
        "PRT": 0.9473684210526315,
        "VERB": 0.8440111420612814,
        "X": 0.7877094972067039,
        "<pad>": 0
    },
    "validation_loss": 0.7777381539344788,
    "epoch_num": 65
}