{
    "train_accuracy": 0.873789057170146,
    "train_accuracy_per_label": {
        ".": 0.9556818181818182,
        "ADJ": 0.7172619047619048,
        "ADP": 0.8738574040219378,
        "ADV": 0.4263959390862944,
        "CONJ": 0.43478260869565216,
        "DET": 0.92,
        "NOUN": 0.9488095238095238,
        "NUM": 0.12056737588652482,
        "PRON": 0.9595808383233533,
        "PRT": 0.8640776699029126,
        "VERB": 0.9612211221122112,
        "X": 0.9131075110456554,
        "<pad>": 0
    },
    "train_loss": 0.636336088180542,
    "validation_accuracy": 0.7844539818788746,
    "validation_accuracy_per_label": {
        ".": 0.9477911646586346,
        "ADJ": 0.45454545454545453,
        "ADP": 0.9072847682119205,
        "ADV": 0.4186046511627907,
        "CONJ": 0.5714285714285714,
        "DET": 0.8846153846153846,
        "NOUN": 0.7373949579831933,
        "NUM": 0.20588235294117646,
        "PRON": 0.9479166666666666,
        "PRT": 0.8771929824561403,
        "VERB": 0.841225626740947,
        "X": 0.7932960893854749,
        "<pad>": 0
    },
    "validation_loss": 0.9021124839782715,
    "epoch_num": 54
}