{
    "train_accuracy": 0.8319006685768864,
    "train_accuracy_per_label": {
        ".": 0.9568181818181818,
        "ADJ": 0.6041666666666666,
        "ADP": 0.8537477148080439,
        "ADV": 0.0583756345177665,
        "CONJ": 0.12422360248447205,
        "DET": 0.8682352941176471,
        "NOUN": 0.9494047619047619,
        "NUM": 0.0,
        "PRON": 0.9431137724550899,
        "PRT": 0.8203883495145631,
        "VERB": 0.9570957095709571,
        "X": 0.9116347569955817,
        "<pad>": 0
    },
    "train_loss": 0.7217941880226135,
    "validation_accuracy": 0.753934191702432,
    "validation_accuracy_per_label": {
        ".": 0.9477911646586346,
        "ADJ": 0.42424242424242425,
        "ADP": 0.9006622516556292,
        "ADV": 0.06201550387596899,
        "CONJ": 0.23809523809523808,
        "DET": 0.8769230769230769,
        "NOUN": 0.7521008403361344,
        "NUM": 0.0,
        "PRON": 0.9427083333333334,
        "PRT": 0.8771929824561403,
        "VERB": 0.8440111420612814,
        "X": 0.7988826815642458,
        "<pad>": 0
    },
    "validation_loss": 0.9677940011024475,
    "epoch_num": 50
}