{
    "train_accuracy": 0.720152817574021,
    "train_accuracy_per_label": {
        ".": 0.9488636363636364,
        "ADJ": 0.050595238095238096,
        "ADP": 0.696526508226691,
        "ADV": 0.0,
        "CONJ": 0.0,
        "DET": 0.6847058823529412,
        "NOUN": 0.9369047619047619,
        "NUM": 0.0,
        "PRON": 0.594311377245509,
        "PRT": 0.24757281553398058,
        "VERB": 0.9298679867986799,
        "X": 0.8910162002945509,
        "<pad>": 0
    },
    "train_loss": 1.0172315835952759,
    "validation_accuracy": 0.6795422031473534,
    "validation_accuracy_per_label": {
        ".": 0.9437751004016064,
        "ADJ": 0.050505050505050504,
        "ADP": 0.8410596026490066,
        "ADV": 0.0,
        "CONJ": 0.0,
        "DET": 0.6846153846153846,
        "NOUN": 0.7899159663865546,
        "NUM": 0.0,
        "PRON": 0.671875,
        "PRT": 0.40350877192982454,
        "VERB": 0.8217270194986073,
        "X": 0.8156424581005587,
        "<pad>": 0
    },
    "validation_loss": 1.1875498294830322,
    "epoch_num": 39
}