{
    "train_accuracy": 0.5912129894937918,
    "train_accuracy_per_label": {
        ".": 0.8965909090909091,
        "ADJ": 0.0,
        "ADP": 0.054844606946983544,
        "ADV": 0.0,
        "CONJ": 0.0,
        "DET": 0.611764705882353,
        "NOUN": 0.9125,
        "NUM": 0.0,
        "PRON": 0.11976047904191617,
        "PRT": 0.0,
        "VERB": 0.8943894389438944,
        "X": 0.8203240058910162,
        "<pad>": 0
    },
    "train_loss": 1.340388536453247,
    "validation_accuracy": 0.546971864568431,
    "validation_accuracy_per_label": {
        ".": 0.9196787148594378,
        "ADJ": 0.0,
        "ADP": 0.09933774834437085,
        "ADV": 0.0,
        "CONJ": 0.0,
        "DET": 0.5615384615384615,
        "NOUN": 0.8151260504201681,
        "NUM": 0.0,
        "PRON": 0.09895833333333333,
        "PRT": 0.0,
        "VERB": 0.8161559888579387,
        "X": 0.7262569832402235,
        "<pad>": 0
    },
    "validation_loss": 1.4261056184768677,
    "epoch_num": 30
}