{
    "train_accuracy": 0.4218856597080093,
    "train_accuracy_per_label": {
        ".": 0.33295454545454545,
        "ADJ": 0.0,
        "ADP": 0.0,
        "ADV": 0.0,
        "CONJ": 0.0,
        "DET": 0.0,
        "NOUN": 0.8833333333333333,
        "NUM": 0.0,
        "PRON": 0.03293413173652695,
        "PRT": 0.0,
        "VERB": 0.8721122112211221,
        "X": 0.3475699558173785,
        "<pad>": 0
    },
    "train_loss": 1.714212417602539,
    "validation_accuracy": 0.40438721983786363,
    "validation_accuracy_per_label": {
        ".": 0.37349397590361444,
        "ADJ": 0.0,
        "ADP": 0.0,
        "ADV": 0.0,
        "CONJ": 0.0,
        "DET": 0.0,
        "NOUN": 0.8361344537815126,
        "NUM": 0.0,
        "PRON": 0.041666666666666664,
        "PRT": 0.0,
        "VERB": 0.8189415041782729,
        "X": 0.30726256983240224,
        "<pad>": 0
    },
    "validation_loss": 1.7402763366699219,
    "epoch_num": 22
}