{
    "train_accuracy": 0.5426388320371128,
    "train_accuracy_per_label": {
        ".": 0.7852272727272728,
        "ADJ": 0.0,
        "ADP": 0.0,
        "ADV": 0.0,
        "CONJ": 0.0,
        "DET": 0.32,
        "NOUN": 0.8940476190476191,
        "NUM": 0.0,
        "PRON": 0.09580838323353294,
        "PRT": 0.0,
        "VERB": 0.8910891089108911,
        "X": 0.7422680412371134,
        "<pad>": 0
    },
    "train_loss": 1.475035548210144,
    "validation_accuracy": 0.5064377682403434,
    "validation_accuracy_per_label": {
        ".": 0.8393574297188755,
        "ADJ": 0.0,
        "ADP": 0.0,
        "ADV": 0.0,
        "CONJ": 0.0,
        "DET": 0.3,
        "NOUN": 0.8130252100840336,
        "NUM": 0.0,
        "PRON": 0.078125,
        "PRT": 0.0,
        "VERB": 0.8161559888579387,
        "X": 0.664804469273743,
        "<pad>": 0
    },
    "validation_loss": 1.5346062183380127,
    "epoch_num": 27
}