{
    "train_accuracy": 0.7358439077636786,
    "train_accuracy_per_label": {
        ".": 0.9522727272727273,
        "ADJ": 0.10714285714285714,
        "ADP": 0.7477148080438757,
        "ADV": 0.0,
        "CONJ": 0.0,
        "DET": 0.6964705882352941,
        "NOUN": 0.9375,
        "NUM": 0.0,
        "PRON": 0.655688622754491,
        "PRT": 0.35436893203883496,
        "VERB": 0.9348184818481848,
        "X": 0.8762886597938144,
        "<pad>": 0
    },
    "train_loss": 0.9875890016555786,
    "validation_accuracy": 0.6886027658559848,
    "validation_accuracy_per_label": {
        ".": 0.9437751004016064,
        "ADJ": 0.06060606060606061,
        "ADP": 0.8543046357615894,
        "ADV": 0.0,
        "CONJ": 0.0,
        "DET": 0.6846153846153846,
        "NOUN": 0.792016806722689,
        "NUM": 0.0,
        "PRON": 0.7239583333333334,
        "PRT": 0.47368421052631576,
        "VERB": 0.8245125348189415,
        "X": 0.8156424581005587,
        "<pad>": 0
    },
    "validation_loss": 1.1655083894729614,
    "epoch_num": 40
}