{
    "train_accuracy": 0.9384636376040387,
    "train_accuracy_per_label": {
        ".": 0.9613636363636363,
        "ADJ": 0.8571428571428571,
        "ADP": 0.9104204753199269,
        "ADV": 0.8248730964467005,
        "CONJ": 0.84472049689441,
        "DET": 0.9529411764705882,
        "NOUN": 0.9571428571428572,
        "NUM": 0.8226950354609929,
        "PRON": 0.9715568862275449,
        "PRT": 0.9466019417475728,
        "VERB": 0.9735973597359736,
        "X": 0.930780559646539,
        "<pad>": 0
    },
    "train_loss": 0.38483259081840515,
    "validation_accuracy": 0.8168812589413448,
    "validation_accuracy_per_label": {
        ".": 0.9518072289156626,
        "ADJ": 0.6060606060606061,
        "ADP": 0.9205298013245033,
        "ADV": 0.6666666666666666,
        "CONJ": 0.9285714285714286,
        "DET": 0.9076923076923077,
        "NOUN": 0.707983193277311,
        "NUM": 0.6176470588235294,
        "PRON": 0.9479166666666666,
        "PRT": 0.9298245614035088,
        "VERB": 0.8356545961002786,
        "X": 0.7877094972067039,
        "<pad>": 0
    },
    "validation_loss": 0.752258837223053,
    "epoch_num": 70
}