{
    "train_accuracy": 0.7014599536089507,
    "train_accuracy_per_label": {
        ".": 0.9477272727272728,
        "ADJ": 0.03869047619047619,
        "ADP": 0.6563071297989032,
        "ADV": 0.0,
        "CONJ": 0.0,
        "DET": 0.6658823529411765,
        "NOUN": 0.9375,
        "NUM": 0.0,
        "PRON": 0.5029940119760479,
        "PRT": 0.10679611650485436,
        "VERB": 0.9249174917491749,
        "X": 0.8807069219440353,
        "<pad>": 0
    },
    "train_loss": 1.045583724975586,
    "validation_accuracy": 0.6533142584644731,
    "validation_accuracy_per_label": {
        ".": 0.9437751004016064,
        "ADJ": 0.050505050505050504,
        "ADP": 0.7947019867549668,
        "ADV": 0.0,
        "CONJ": 0.0,
        "DET": 0.6692307692307692,
        "NOUN": 0.7899159663865546,
        "NUM": 0.0,
        "PRON": 0.5260416666666666,
        "PRT": 0.12280701754385964,
        "VERB": 0.8189415041782729,
        "X": 0.8100558659217877,
        "<pad>": 0
    },
    "validation_loss": 1.21009361743927,
    "epoch_num": 38
}