{
    "train_accuracy": 0.7464865602401419,
    "train_accuracy_per_label": {
        ".": 0.9522727272727273,
        "ADJ": 0.11904761904761904,
        "ADP": 0.7678244972577697,
        "ADV": 0.0,
        "CONJ": 0.0,
        "DET": 0.7035294117647058,
        "NOUN": 0.9375,
        "NUM": 0.0,
        "PRON": 0.7200598802395209,
        "PRT": 0.42718446601941745,
        "VERB": 0.9348184818481848,
        "X": 0.8792341678939617,
        "<pad>": 0
    },
    "train_loss": 0.9581679701805115,
    "validation_accuracy": 0.6995708154506438,
    "validation_accuracy_per_label": {
        ".": 0.9437751004016064,
        "ADJ": 0.08080808080808081,
        "ADP": 0.8807947019867549,
        "ADV": 0.0,
        "CONJ": 0.0,
        "DET": 0.7,
        "NOUN": 0.7899159663865546,
        "NUM": 0.0,
        "PRON": 0.7760416666666666,
        "PRT": 0.5789473684210527,
        "VERB": 0.8245125348189415,
        "X": 0.8156424581005587,
        "<pad>": 0
    },
    "validation_loss": 1.1440612077713013,
    "epoch_num": 41
}