{
    "train_accuracy": 0.33005867103288306,
    "train_accuracy_per_label": {
        ".": 0.0,
        "ADJ": 0.0,
        "ADP": 0.0,
        "ADV": 0.0,
        "CONJ": 0.0,
        "DET": 0.0,
        "NOUN": 0.8982142857142857,
        "NUM": 0.0,
        "PRON": 0.004491017964071856,
        "PRT": 0.0,
        "VERB": 0.7483498349834984,
        "X": 0.0,
        "<pad>": 0
    },
    "train_loss": 2.03525447845459,
    "validation_accuracy": 0.3323795898903195,
    "validation_accuracy_per_label": {
        ".": 0.0,
        "ADJ": 0.0,
        "ADP": 0.0,
        "ADV": 0.0,
        "CONJ": 0.0,
        "DET": 0.0,
        "NOUN": 0.8907563025210085,
        "NUM": 0.0,
        "PRON": 0.0,
        "PRT": 0.0,
        "VERB": 0.7604456824512534,
        "X": 0.0,
        "<pad>": 0
    },
    "validation_loss": 2.0281851291656494,
    "epoch_num": 15
}