{
    "train_accuracy": 0.5613316960021831,
    "train_accuracy_per_label": {
        ".": 0.8511363636363637,
        "ADJ": 0.0,
        "ADP": 0.005484460694698354,
        "ADV": 0.0,
        "CONJ": 0.0,
        "DET": 0.40941176470588236,
        "NOUN": 0.8988095238095238,
        "NUM": 0.0,
        "PRON": 0.10179640718562874,
        "PRT": 0.0,
        "VERB": 0.8952145214521452,
        "X": 0.7731958762886598,
        "<pad>": 0
    },
    "train_loss": 1.429212212562561,
    "validation_accuracy": 0.5231282784930854,
    "validation_accuracy_per_label": {
        ".": 0.8835341365461847,
        "ADJ": 0.0,
        "ADP": 0.006622516556291391,
        "ADV": 0.0,
        "CONJ": 0.0,
        "DET": 0.4,
        "NOUN": 0.8130252100840336,
        "NUM": 0.0,
        "PRON": 0.09375,
        "PRT": 0.0,
        "VERB": 0.8161559888579387,
        "X": 0.7039106145251397,
        "<pad>": 0
    },
    "validation_loss": 1.4968217611312866,
    "epoch_num": 28
}