{
    "train_accuracy": 0.8167553554373038,
    "train_accuracy_per_label": {
        ".": 0.9545454545454546,
        "ADJ": 0.5238095238095238,
        "ADP": 0.8537477148080439,
        "ADV": 0.012690355329949238,
        "CONJ": 0.08695652173913043,
        "DET": 0.8305882352941176,
        "NOUN": 0.9488095238095238,
        "NUM": 0.0,
        "PRON": 0.9101796407185628,
        "PRT": 0.8058252427184466,
        "VERB": 0.9513201320132013,
        "X": 0.898379970544919,
        "<pad>": 0
    },
    "train_loss": 0.7691599726676941,
    "validation_accuracy": 0.748211731044349,
    "validation_accuracy_per_label": {
        ".": 0.9477911646586346,
        "ADJ": 0.3333333333333333,
        "ADP": 0.9006622516556292,
        "ADV": 0.015503875968992248,
        "CONJ": 0.16666666666666666,
        "DET": 0.8538461538461538,
        "NOUN": 0.7773109243697479,
        "NUM": 0.0,
        "PRON": 0.9322916666666666,
        "PRT": 0.8596491228070176,
        "VERB": 0.8328690807799443,
        "X": 0.8212290502793296,
        "<pad>": 0
    },
    "validation_loss": 1.0025417804718018,
    "epoch_num": 48
}