{
    "train_accuracy": 0.8014735980352026,
    "train_accuracy_per_label": {
        ".": 0.9545454545454546,
        "ADJ": 0.36904761904761907,
        "ADP": 0.8519195612431444,
        "ADV": 0.0,
        "CONJ": 0.012422360248447204,
        "DET": 0.7905882352941176,
        "NOUN": 0.9428571428571428,
        "NUM": 0.0,
        "PRON": 0.8907185628742516,
        "PRT": 0.7864077669902912,
        "VERB": 0.9471947194719472,
        "X": 0.9086892488954345,
        "<pad>": 0
    },
    "train_loss": 0.8215903043746948,
    "validation_accuracy": 0.7343824511206486,
    "validation_accuracy_per_label": {
        ".": 0.9477911646586346,
        "ADJ": 0.25252525252525254,
        "ADP": 0.8940397350993378,
        "ADV": 0.0,
        "CONJ": 0.0,
        "DET": 0.823076923076923,
        "NOUN": 0.7815126050420168,
        "NUM": 0.0,
        "PRON": 0.875,
        "PRT": 0.8421052631578947,
        "VERB": 0.8384401114206128,
        "X": 0.8268156424581006,
        "<pad>": 0
    },
    "validation_loss": 1.0410395860671997,
    "epoch_num": 46
}