{
    "train_accuracy": 0.39527902851685087,
    "train_accuracy_per_label": {
        ".": 0.225,
        "ADJ": 0.0,
        "ADP": 0.0,
        "ADV": 0.0,
        "CONJ": 0.0,
        "DET": 0.0,
        "NOUN": 0.8886904761904761,
        "NUM": 0.0,
        "PRON": 0.016467065868263474,
        "PRT": 0.0,
        "VERB": 0.8547854785478548,
        "X": 0.2341678939617084,
        "<pad>": 0
    },
    "train_loss": 1.8085671663284302,
    "validation_accuracy": 0.3795898903195041,
    "validation_accuracy_per_label": {
        ".": 0.24497991967871485,
        "ADJ": 0.0,
        "ADP": 0.0,
        "ADV": 0.0,
        "CONJ": 0.0,
        "DET": 0.0,
        "NOUN": 0.842436974789916,
        "NUM": 0.0,
        "PRON": 0.005208333333333333,
        "PRT": 0.0,
        "VERB": 0.8105849582172702,
        "X": 0.2346368715083799,
        "<pad>": 0
    },
    "validation_loss": 1.8242909908294678,
    "epoch_num": 20
}