{
    "train_accuracy": 0.9410560785918952,
    "train_accuracy_per_label": {
        ".": 0.9647727272727272,
        "ADJ": 0.8809523809523809,
        "ADP": 0.9122486288848263,
        "ADV": 0.8350253807106599,
        "CONJ": 0.8633540372670807,
        "DET": 0.9411764705882353,
        "NOUN": 0.9577380952380953,
        "NUM": 0.8439716312056738,
        "PRON": 0.9730538922155688,
        "PRT": 0.9563106796116505,
        "VERB": 0.9744224422442245,
        "X": 0.9263622974963182,
        "<pad>": 0
    },
    "train_loss": 0.3591578006744385,
    "validation_accuracy": 0.8173581306628517,
    "validation_accuracy_per_label": {
        ".": 0.9518072289156626,
        "ADJ": 0.6060606060606061,
        "ADP": 0.9205298013245033,
        "ADV": 0.6744186046511628,
        "CONJ": 0.9285714285714286,
        "DET": 0.9,
        "NOUN": 0.707983193277311,
        "NUM": 0.6764705882352942,
        "PRON": 0.9479166666666666,
        "PRT": 0.9473684210526315,
        "VERB": 0.83008356545961,
        "X": 0.7877094972067039,
        "<pad>": 0
    },
    "validation_loss": 0.7415321469306946,
    "epoch_num": 73
}