{
    "train_accuracy": 0.5764770091417656,
    "train_accuracy_per_label": {
        ".": 0.8818181818181818,
        "ADJ": 0.005952380952380952,
        "ADP": 0.014625228519195612,
        "ADV": 0.0,
        "CONJ": 0.0,
        "DET": 0.5317647058823529,
        "NOUN": 0.9,
        "NUM": 0.0,
        "PRON": 0.10778443113772455,
        "PRT": 0.0,
        "VERB": 0.8960396039603961,
        "X": 0.7997054491899853,
        "<pad>": 0
    },
    "train_loss": 1.3855425119400024,
    "validation_accuracy": 0.5374344301382928,
    "validation_accuracy_per_label": {
        ".": 0.8995983935742972,
        "ADJ": 0.0,
        "ADP": 0.026490066225165563,
        "ADV": 0.0,
        "CONJ": 0.0,
        "DET": 0.5307692307692308,
        "NOUN": 0.8214285714285714,
        "NUM": 0.0,
        "PRON": 0.09375,
        "PRT": 0.0,
        "VERB": 0.8161559888579387,
        "X": 0.7150837988826816,
        "<pad>": 0
    },
    "validation_loss": 1.4603334665298462,
    "epoch_num": 29
}