{
    "train_accuracy": 0.8917996998226224,
    "train_accuracy_per_label": {
        ".": 0.9545454545454546,
        "ADJ": 0.7440476190476191,
        "ADP": 0.886654478976234,
        "ADV": 0.5558375634517766,
        "CONJ": 0.5652173913043478,
        "DET": 0.9223529411764706,
        "NOUN": 0.95,
        "NUM": 0.2907801418439716,
        "PRON": 0.9670658682634731,
        "PRT": 0.8980582524271845,
        "VERB": 0.9620462046204621,
        "X": 0.9204712812960235,
        "<pad>": 0
    },
    "train_loss": 0.5947035551071167,
    "validation_accuracy": 0.7978063900810682,
    "validation_accuracy_per_label": {
        ".": 0.9518072289156626,
        "ADJ": 0.494949494949495,
        "ADP": 0.9205298013245033,
        "ADV": 0.5193798449612403,
        "CONJ": 0.6666666666666666,
        "DET": 0.9,
        "NOUN": 0.7289915966386554,
        "NUM": 0.3235294117647059,
        "PRON": 0.9479166666666666,
        "PRT": 0.8771929824561403,
        "VERB": 0.841225626740947,
        "X": 0.8044692737430168,
        "<pad>": 0
    },
    "validation_loss": 0.8710548281669617,
    "epoch_num": 56
}