{
    "train_accuracy": 0.36730795470050487,
    "train_accuracy_per_label": {
        ".": 0.08636363636363636,
        "ADJ": 0.0,
        "ADP": 0.0,
        "ADV": 0.0,
        "CONJ": 0.0,
        "DET": 0.0,
        "NOUN": 0.9095238095238095,
        "NUM": 0.0,
        "PRON": 0.014970059880239521,
        "PRT": 0.0,
        "VERB": 0.8333333333333334,
        "X": 0.10014727540500737,
        "<pad>": 0
    },
    "train_loss": 1.9010064601898193,
    "validation_accuracy": 0.3524082021936099,
    "validation_accuracy_per_label": {
        ".": 0.08032128514056225,
        "ADJ": 0.0,
        "ADP": 0.0,
        "ADV": 0.0,
        "CONJ": 0.0,
        "DET": 0.0,
        "NOUN": 0.8613445378151261,
        "NUM": 0.0,
        "PRON": 0.005208333333333333,
        "PRT": 0.0,
        "VERB": 0.8161559888579387,
        "X": 0.08379888268156424,
        "<pad>": 0
    },
    "validation_loss": 1.9078881740570068,
    "epoch_num": 18
}