{
    "train_accuracy": 0.2247237003683995,
    "train_accuracy_per_label": {
        ".": 0.0,
        "ADJ": 0.002976190476190476,
        "ADP": 0.0,
        "ADV": 0.0,
        "CONJ": 0.0,
        "DET": 0.0,
        "NOUN": 0.9785714285714285,
        "NUM": 0.014184397163120567,
        "PRON": 0.0,
        "PRT": 0.0,
        "VERB": 0.0,
        "X": 0.0,
        "<pad>": 0
    },
    "train_loss": 2.5327608585357666,
    "validation_accuracy": 0.22699093943729137,
    "validation_accuracy_per_label": {
        ".": 0.0,
        "ADJ": 0.0,
        "ADP": 0.0,
        "ADV": 0.0,
        "CONJ": 0.0,
        "DET": 0.0,
        "NOUN": 1.0,
        "NUM": 0.0,
        "PRON": 0.0,
        "PRT": 0.0,
        "VERB": 0.0,
        "X": 0.0,
        "<pad>": 0
    },
    "validation_loss": 2.517058849334717,
    "epoch_num": 0
}