{
    "train_accuracy": 0.6669395551917042,
    "train_accuracy_per_label": {
        ".": 0.9511363636363637,
        "ADJ": 0.023809523809523808,
        "ADP": 0.5191956124314442,
        "ADV": 0.0,
        "CONJ": 0.0,
        "DET": 0.6752941176470588,
        "NOUN": 0.9321428571428572,
        "NUM": 0.0,
        "PRON": 0.30538922155688625,
        "PRT": 0.014563106796116505,
        "VERB": 0.9166666666666666,
        "X": 0.865979381443299,
        "<pad>": 0
    },
    "train_loss": 1.111352801322937,
    "validation_accuracy": 0.6242250834525512,
    "validation_accuracy_per_label": {
        ".": 0.9397590361445783,
        "ADJ": 0.010101010101010102,
        "ADP": 0.695364238410596,
        "ADV": 0.0,
        "CONJ": 0.0,
        "DET": 0.7,
        "NOUN": 0.7878151260504201,
        "NUM": 0.0,
        "PRON": 0.328125,
        "PRT": 0.0,
        "VERB": 0.8133704735376045,
        "X": 0.8268156424581006,
        "<pad>": 0
    },
    "validation_loss": 1.2569762468338013,
    "epoch_num": 36
}