{
    "train_accuracy": 0.6069040796834493,
    "train_accuracy_per_label": {
        ".": 0.9227272727272727,
        "ADJ": 0.0,
        "ADP": 0.12979890310786105,
        "ADV": 0.0,
        "CONJ": 0.0,
        "DET": 0.6447058823529411,
        "NOUN": 0.9130952380952381,
        "NUM": 0.0,
        "PRON": 0.1347305389221557,
        "PRT": 0.0,
        "VERB": 0.9042904290429042,
        "X": 0.8409425625920471,
        "<pad>": 0
    },
    "train_loss": 1.2973847389221191,
    "validation_accuracy": 0.56413924654268,
    "validation_accuracy_per_label": {
        ".": 0.9236947791164659,
        "ADJ": 0.0,
        "ADP": 0.1986754966887417,
        "ADV": 0.0,
        "CONJ": 0.0,
        "DET": 0.6692307692307692,
        "NOUN": 0.8088235294117647,
        "NUM": 0.0,
        "PRON": 0.109375,
        "PRT": 0.0,
        "VERB": 0.8133704735376045,
        "X": 0.770949720670391,
        "<pad>": 0
    },
    "validation_loss": 1.3936967849731445,
    "epoch_num": 31
}