{
    "train_accuracy": 0.8598717423932324,
    "train_accuracy_per_label": {
        ".": 0.9556818181818182,
        "ADJ": 0.6994047619047619,
        "ADP": 0.8647166361974405,
        "ADV": 0.2918781725888325,
        "CONJ": 0.35403726708074534,
        "DET": 0.8917647058823529,
        "NOUN": 0.95,
        "NUM": 0.0425531914893617,
        "PRON": 0.9550898203592815,
        "PRT": 0.8786407766990292,
        "VERB": 0.9612211221122112,
        "X": 0.9072164948453608,
        "<pad>": 0
    },
    "train_loss": 0.6570209264755249,
    "validation_accuracy": 0.7806390081068193,
    "validation_accuracy_per_label": {
        ".": 0.9518072289156626,
        "ADJ": 0.45454545454545453,
        "ADP": 0.9072847682119205,
        "ADV": 0.3875968992248062,
        "CONJ": 0.5,
        "DET": 0.8846153846153846,
        "NOUN": 0.7415966386554622,
        "NUM": 0.08823529411764706,
        "PRON": 0.9427083333333334,
        "PRT": 0.8771929824561403,
        "VERB": 0.8440111420612814,
        "X": 0.7932960893854749,
        "<pad>": 0
    },
    "validation_loss": 0.9182596206665039,
    "epoch_num": 53
}