{
    "train_accuracy": 0.267840087324328,
    "train_accuracy_per_label": {
        ".": 0.0,
        "ADJ": 0.0,
        "ADP": 0.0,
        "ADV": 0.0,
        "CONJ": 0.0,
        "DET": 0.0,
        "NOUN": 0.9369047619047619,
        "NUM": 0.0,
        "PRON": 0.0,
        "PRT": 0.0,
        "VERB": 0.320957095709571,
        "X": 0.0,
        "<pad>": 0
    },
    "train_loss": 2.245487689971924,
    "validation_accuracy": 0.2713400095374344,
    "validation_accuracy_per_label": {
        ".": 0.0,
        "ADJ": 0.0,
        "ADP": 0.0,
        "ADV": 0.0,
        "CONJ": 0.0,
        "DET": 0.0,
        "NOUN": 0.9117647058823529,
        "NUM": 0.0,
        "PRON": 0.0,
        "PRT": 0.0,
        "VERB": 0.37604456824512533,
        "X": 0.0,
        "<pad>": 0
    },
    "validation_loss": 2.2296457290649414,
    "epoch_num": 8
}