{
    "train_accuracy": 0.49106290080502113,
    "train_accuracy_per_label": {
        ".": 0.5875,
        "ADJ": 0.0,
        "ADP": 0.0,
        "ADV": 0.0,
        "CONJ": 0.0,
        "DET": 0.0988235294117647,
        "NOUN": 0.8869047619047619,
        "NUM": 0.0,
        "PRON": 0.06287425149700598,
        "PRT": 0.0,
        "VERB": 0.8861386138613861,
        "X": 0.6391752577319587,
        "<pad>": 0
    },
    "train_loss": 1.5708980560302734,
    "validation_accuracy": 0.4625655698617072,
    "validation_accuracy_per_label": {
        ".": 0.678714859437751,
        "ADJ": 0.0,
        "ADP": 0.0,
        "ADV": 0.0,
        "CONJ": 0.0,
        "DET": 0.1076923076923077,
        "NOUN": 0.8004201680672269,
        "NUM": 0.0,
        "PRON": 0.052083333333333336,
        "PRT": 0.0,
        "VERB": 0.8217270194986073,
        "X": 0.5642458100558659,
        "<pad>": 0
    },
    "validation_loss": 1.6146141290664673,
    "epoch_num": 25
}