{
    "train_accuracy": 0.9147223359257743,
    "train_accuracy_per_label": {
        ".": 0.9556818181818182,
        "ADJ": 0.8273809523809523,
        "ADP": 0.8848263254113345,
        "ADV": 0.7055837563451777,
        "CONJ": 0.7267080745341615,
        "DET": 0.9388235294117647,
        "NOUN": 0.9523809523809523,
        "NUM": 0.5460992907801419,
        "PRON": 0.9715568862275449,
        "PRT": 0.9029126213592233,
        "VERB": 0.9661716171617162,
        "X": 0.9189985272459499,
        "<pad>": 0
    },
    "train_loss": 0.5200311541557312,
    "validation_accuracy": 0.8106819265617549,
    "validation_accuracy_per_label": {
        ".": 0.9518072289156626,
        "ADJ": 0.5353535353535354,
        "ADP": 0.9205298013245033,
        "ADV": 0.5968992248062015,
        "CONJ": 0.8809523809523809,
        "DET": 0.9153846153846154,
        "NOUN": 0.7184873949579832,
        "NUM": 0.47058823529411764,
        "PRON": 0.9479166666666666,
        "PRT": 0.9298245614035088,
        "VERB": 0.841225626740947,
        "X": 0.7988826815642458,
        "<pad>": 0
    },
    "validation_loss": 0.8236934542655945,
    "epoch_num": 60
}