{
    "train_accuracy": 0.3228271251193887,
    "train_accuracy_per_label": {
        ".": 0.0,
        "ADJ": 0.0,
        "ADP": 0.0,
        "ADV": 0.0,
        "CONJ": 0.0,
        "DET": 0.0,
        "NOUN": 0.8964285714285715,
        "NUM": 0.0,
        "PRON": 0.005988023952095809,
        "PRT": 0.0,
        "VERB": 0.7062706270627063,
        "X": 0.0,
        "<pad>": 0
    },
    "train_loss": 2.0755903720855713,
    "validation_accuracy": 0.32761087267525035,
    "validation_accuracy_per_label": {
        ".": 0.0,
        "ADJ": 0.0,
        "ADP": 0.0,
        "ADV": 0.0,
        "CONJ": 0.0,
        "DET": 0.0,
        "NOUN": 0.8823529411764706,
        "NUM": 0.0,
        "PRON": 0.0,
        "PRT": 0.0,
        "VERB": 0.7437325905292479,
        "X": 0.0,
        "<pad>": 0
    },
    "validation_loss": 2.065530300140381,
    "epoch_num": 14
}