{
    "train_accuracy": 0.9409196343293764,
    "train_accuracy_per_label": {
        ".": 0.9625,
        "ADJ": 0.8839285714285714,
        "ADP": 0.9049360146252285,
        "ADV": 0.8477157360406091,
        "CONJ": 0.84472049689441,
        "DET": 0.9411764705882353,
        "NOUN": 0.9577380952380953,
        "NUM": 0.8652482269503546,
        "PRON": 0.9730538922155688,
        "PRT": 0.941747572815534,
        "VERB": 0.9735973597359736,
        "X": 0.930780559646539,
        "<pad>": 0
    },
    "train_loss": 0.3494463860988617,
    "validation_accuracy": 0.8178350023843586,
    "validation_accuracy_per_label": {
        ".": 0.9518072289156626,
        "ADJ": 0.6161616161616161,
        "ADP": 0.9205298013245033,
        "ADV": 0.6744186046511628,
        "CONJ": 0.9285714285714286,
        "DET": 0.9,
        "NOUN": 0.7058823529411765,
        "NUM": 0.6764705882352942,
        "PRON": 0.9479166666666666,
        "PRT": 0.9473684210526315,
        "VERB": 0.8328690807799443,
        "X": 0.7877094972067039,
        "<pad>": 0
    },
    "validation_loss": 0.7397876381874084,
    "epoch_num": 74
}