{
    "train_accuracy": 0.33565288579615227,
    "train_accuracy_per_label": {
        ".": 0.003409090909090909,
        "ADJ": 0.0,
        "ADP": 0.0,
        "ADV": 0.0,
        "CONJ": 0.0,
        "DET": 0.0,
        "NOUN": 0.9023809523809524,
        "NUM": 0.0,
        "PRON": 0.0029940119760479044,
        "PRT": 0.0,
        "VERB": 0.7747524752475248,
        "X": 0.0,
        "<pad>": 0
    },
    "train_loss": 1.9931801557540894,
    "validation_accuracy": 0.3371483071053887,
    "validation_accuracy_per_label": {
        ".": 0.0,
        "ADJ": 0.0,
        "ADP": 0.0,
        "ADV": 0.0,
        "CONJ": 0.0,
        "DET": 0.0,
        "NOUN": 0.8781512605042017,
        "NUM": 0.0,
        "PRON": 0.005208333333333333,
        "PRT": 0.0,
        "VERB": 0.8022284122562674,
        "X": 0.0,
        "<pad>": 0
    },
    "validation_loss": 1.9891291856765747,
    "epoch_num": 16
}