{
    "train_accuracy": 0.9208623277391186,
    "train_accuracy_per_label": {
        ".": 0.9613636363636363,
        "ADJ": 0.8244047619047619,
        "ADP": 0.8939670932358318,
        "ADV": 0.751269035532995,
        "CONJ": 0.8136645962732919,
        "DET": 0.9294117647058824,
        "NOUN": 0.9511904761904761,
        "NUM": 0.624113475177305,
        "PRON": 0.968562874251497,
        "PRT": 0.8932038834951457,
        "VERB": 0.9686468646864687,
        "X": 0.9189985272459499,
        "<pad>": 0
    },
    "train_loss": 0.4740859568119049,
    "validation_accuracy": 0.8125894134477826,
    "validation_accuracy_per_label": {
        ".": 0.9518072289156626,
        "ADJ": 0.5555555555555556,
        "ADP": 0.9205298013245033,
        "ADV": 0.6201550387596899,
        "CONJ": 0.9285714285714286,
        "DET": 0.9076923076923077,
        "NOUN": 0.7142857142857143,
        "NUM": 0.5588235294117647,
        "PRON": 0.9479166666666666,
        "PRT": 0.9298245614035088,
        "VERB": 0.8384401114206128,
        "X": 0.7877094972067039,
        "<pad>": 0
    },
    "validation_loss": 0.7934781908988953,
    "epoch_num": 63
}