{
    "train_accuracy": 0.932050757265657,
    "train_accuracy_per_label": {
        ".": 0.9613636363636363,
        "ADJ": 0.8690476190476191,
        "ADP": 0.8994515539305301,
        "ADV": 0.8020304568527918,
        "CONJ": 0.8322981366459627,
        "DET": 0.9388235294117647,
        "NOUN": 0.9553571428571429,
        "NUM": 0.7730496453900709,
        "PRON": 0.9700598802395209,
        "PRT": 0.9174757281553398,
        "VERB": 0.9686468646864687,
        "X": 0.9234167893961709,
        "<pad>": 0
    },
    "train_loss": 0.43155637383461,
    "validation_accuracy": 0.815927515498331,
    "validation_accuracy_per_label": {
        ".": 0.9518072289156626,
        "ADJ": 0.5656565656565656,
        "ADP": 0.9205298013245033,
        "ADV": 0.6511627906976745,
        "CONJ": 0.9285714285714286,
        "DET": 0.9076923076923077,
        "NOUN": 0.7163865546218487,
        "NUM": 0.6176470588235294,
        "PRON": 0.9479166666666666,
        "PRT": 0.9473684210526315,
        "VERB": 0.8328690807799443,
        "X": 0.7877094972067039,
        "<pad>": 0
    },
    "validation_loss": 0.7705584168434143,
    "epoch_num": 66
}