{
    "train_accuracy": 0.7908309455587392,
    "train_accuracy_per_label": {
        ".": 0.9534090909090909,
        "ADJ": 0.3333333333333333,
        "ADP": 0.8391224862888482,
        "ADV": 0.0,
        "CONJ": 0.012422360248447204,
        "DET": 0.7670588235294118,
        "NOUN": 0.9452380952380952,
        "NUM": 0.0,
        "PRON": 0.8637724550898204,
        "PRT": 0.6941747572815534,
        "VERB": 0.9438943894389439,
        "X": 0.8924889543446245,
        "<pad>": 0
    },
    "train_loss": 0.8478007316589355,
    "validation_accuracy": 0.7272293752980449,
    "validation_accuracy_per_label": {
        ".": 0.9477911646586346,
        "ADJ": 0.20202020202020202,
        "ADP": 0.8940397350993378,
        "ADV": 0.0,
        "CONJ": 0.0,
        "DET": 0.7615384615384615,
        "NOUN": 0.7836134453781513,
        "NUM": 0.0,
        "PRON": 0.859375,
        "PRT": 0.8421052631578947,
        "VERB": 0.8384401114206128,
        "X": 0.8268156424581006,
        "<pad>": 0
    },
    "validation_loss": 1.0601431131362915,
    "epoch_num": 45
}