{
    "train_accuracy": 0.2780734070132351,
    "train_accuracy_per_label": {
        ".": 0.0,
        "ADJ": 0.0,
        "ADP": 0.0,
        "ADV": 0.0,
        "CONJ": 0.0,
        "DET": 0.0,
        "NOUN": 0.9226190476190477,
        "NUM": 0.0,
        "PRON": 0.0,
        "PRT": 0.0,
        "VERB": 0.40264026402640263,
        "X": 0.0,
        "<pad>": 0
    },
    "train_loss": 2.2240710258483887,
    "validation_accuracy": 0.2875536480686695,
    "validation_accuracy_per_label": {
        ".": 0.0,
        "ADJ": 0.0,
        "ADP": 0.0,
        "ADV": 0.0,
        "CONJ": 0.0,
        "DET": 0.0,
        "NOUN": 0.8823529411764706,
        "NUM": 0.0,
        "PRON": 0.0,
        "PRT": 0.0,
        "VERB": 0.5097493036211699,
        "X": 0.0,
        "<pad>": 0
    },
    "validation_loss": 2.2092740535736084,
    "epoch_num": 9
}