{
    "train_accuracy": 0.9421476326920453,
    "train_accuracy_per_label": {
        ".": 0.9681818181818181,
        "ADJ": 0.8988095238095238,
        "ADP": 0.9122486288848263,
        "ADV": 0.8451776649746193,
        "CONJ": 0.8571428571428571,
        "DET": 0.9341176470588235,
        "NOUN": 0.9577380952380953,
        "NUM": 0.8794326241134752,
        "PRON": 0.9745508982035929,
        "PRT": 0.9514563106796117,
        "VERB": 0.9752475247524752,
        "X": 0.9160530191458026,
        "<pad>": 0
    },
    "train_loss": 0.33154231309890747,
    "validation_accuracy": 0.8168812589413448,
    "validation_accuracy_per_label": {
        ".": 0.9518072289156626,
        "ADJ": 0.6161616161616161,
        "ADP": 0.9205298013245033,
        "ADV": 0.6744186046511628,
        "CONJ": 0.9285714285714286,
        "DET": 0.9076923076923077,
        "NOUN": 0.7037815126050421,
        "NUM": 0.6764705882352942,
        "PRON": 0.9479166666666666,
        "PRT": 0.9298245614035088,
        "VERB": 0.83008356545961,
        "X": 0.7877094972067039,
        "<pad>": 0
    },
    "validation_loss": 0.7371827363967896,
    "epoch_num": 76
}