{
    "train_accuracy": 0.8503206440169191,
    "train_accuracy_per_label": {
        ".": 0.9568181818181818,
        "ADJ": 0.6636904761904762,
        "ADP": 0.8683729433272395,
        "ADV": 0.20558375634517767,
        "CONJ": 0.32298136645962733,
        "DET": 0.9035294117647059,
        "NOUN": 0.9422619047619047,
        "NUM": 0.02127659574468085,
        "PRON": 0.9535928143712575,
        "PRT": 0.8252427184466019,
        "VERB": 0.9595709570957096,
        "X": 0.9116347569955817,
        "<pad>": 0
    },
    "train_loss": 0.677870512008667,
    "validation_accuracy": 0.7625178826895566,
    "validation_accuracy_per_label": {
        ".": 0.9518072289156626,
        "ADJ": 0.43434343434343436,
        "ADP": 0.9006622516556292,
        "ADV": 0.17829457364341086,
        "CONJ": 0.35714285714285715,
        "DET": 0.8846153846153846,
        "NOUN": 0.7415966386554622,
        "NUM": 0.058823529411764705,
        "PRON": 0.9427083333333334,
        "PRT": 0.8771929824561403,
        "VERB": 0.841225626740947,
        "X": 0.7932960893854749,
        "<pad>": 0
    },
    "validation_loss": 0.9347615838050842,
    "epoch_num": 52
}