{
    "train_accuracy": 0.944057852367308,
    "train_accuracy_per_label": {
        ".": 0.9693181818181819,
        "ADJ": 0.8898809523809523,
        "ADP": 0.9159049360146252,
        "ADV": 0.8527918781725888,
        "CONJ": 0.8571428571428571,
        "DET": 0.9388235294117647,
        "NOUN": 0.9613095238095238,
        "NUM": 0.8794326241134752,
        "PRON": 0.9715568862275449,
        "PRT": 0.9368932038834952,
        "VERB": 0.9760726072607261,
        "X": 0.9263622974963182,
        "<pad>": 0
    },
    "train_loss": 0.324692964553833,
    "validation_accuracy": 0.815927515498331,
    "validation_accuracy_per_label": {
        ".": 0.9558232931726908,
        "ADJ": 0.6161616161616161,
        "ADP": 0.9205298013245033,
        "ADV": 0.6744186046511628,
        "CONJ": 0.9285714285714286,
        "DET": 0.9,
        "NOUN": 0.7016806722689075,
        "NUM": 0.6764705882352942,
        "PRON": 0.9479166666666666,
        "PRT": 0.9298245614035088,
        "VERB": 0.83008356545961,
        "X": 0.7821229050279329,
        "<pad>": 0
    },
    "validation_loss": 0.736234724521637,
    "epoch_num": 77
}