{
    "train_accuracy": 0.8237140128257606,
    "train_accuracy_per_label": {
        ".": 0.9545454545454546,
        "ADJ": 0.5684523809523809,
        "ADP": 0.850091407678245,
        "ADV": 0.027918781725888325,
        "CONJ": 0.13043478260869565,
        "DET": 0.8541176470588235,
        "NOUN": 0.9476190476190476,
        "NUM": 0.0,
        "PRON": 0.9311377245508982,
        "PRT": 0.7912621359223301,
        "VERB": 0.9504950495049505,
        "X": 0.9086892488954345,
        "<pad>": 0
    },
    "train_loss": 0.7501046061515808,
    "validation_accuracy": 0.7501192179303767,
    "validation_accuracy_per_label": {
        ".": 0.9477911646586346,
        "ADJ": 0.36363636363636365,
        "ADP": 0.9006622516556292,
        "ADV": 0.031007751937984496,
        "CONJ": 0.16666666666666666,
        "DET": 0.8769230769230769,
        "NOUN": 0.7605042016806722,
        "NUM": 0.0,
        "PRON": 0.9375,
        "PRT": 0.8771929824561403,
        "VERB": 0.8384401114206128,
        "X": 0.8212290502793296,
        "<pad>": 0
    },
    "validation_loss": 0.9854562878608704,
    "epoch_num": 49
}