{
    "train_accuracy": 0.8993041342611543,
    "train_accuracy_per_label": {
        ".": 0.9568181818181818,
        "ADJ": 0.7886904761904762,
        "ADP": 0.8884826325411335,
        "ADV": 0.5939086294416244,
        "CONJ": 0.5900621118012422,
        "DET": 0.9294117647058824,
        "NOUN": 0.9488095238095238,
        "NUM": 0.375886524822695,
        "PRON": 0.9700598802395209,
        "PRT": 0.8980582524271845,
        "VERB": 0.9653465346534653,
        "X": 0.9189985272459499,
        "<pad>": 0
    },
    "train_loss": 0.5742587447166443,
    "validation_accuracy": 0.8025751072961373,
    "validation_accuracy_per_label": {
        ".": 0.9518072289156626,
        "ADJ": 0.494949494949495,
        "ADP": 0.9205298013245033,
        "ADV": 0.5503875968992248,
        "CONJ": 0.8571428571428571,
        "DET": 0.9,
        "NOUN": 0.7247899159663865,
        "NUM": 0.35294117647058826,
        "PRON": 0.9479166666666666,
        "PRT": 0.8947368421052632,
        "VERB": 0.841225626740947,
        "X": 0.7932960893854749,
        "<pad>": 0
    },
    "validation_loss": 0.8564325571060181,
    "epoch_num": 57
}