{
    "train_accuracy": 0.9317778687406194,
    "train_accuracy_per_label": {
        ".": 0.9590909090909091,
        "ADJ": 0.8541666666666666,
        "ADP": 0.8994515539305301,
        "ADV": 0.817258883248731,
        "CONJ": 0.84472049689441,
        "DET": 0.9411764705882353,
        "NOUN": 0.9565476190476191,
        "NUM": 0.7446808510638298,
        "PRON": 0.968562874251497,
        "PRT": 0.9223300970873787,
        "VERB": 0.9653465346534653,
        "X": 0.9263622974963182,
        "<pad>": 0
    },
    "train_loss": 0.4179001748561859,
    "validation_accuracy": 0.815927515498331,
    "validation_accuracy_per_label": {
        ".": 0.9518072289156626,
        "ADJ": 0.5757575757575758,
        "ADP": 0.9205298013245033,
        "ADV": 0.6511627906976745,
        "CONJ": 0.9285714285714286,
        "DET": 0.9076923076923077,
        "NOUN": 0.7142857142857143,
        "NUM": 0.6176470588235294,
        "PRON": 0.9479166666666666,
        "PRT": 0.9473684210526315,
        "VERB": 0.8328690807799443,
        "X": 0.7877094972067039,
        "<pad>": 0
    },
    "validation_loss": 0.7656679749488831,
    "epoch_num": 67
}