{
    "train_accuracy": 0.7628598717423932,
    "train_accuracy_per_label": {
        ".": 0.9534090909090909,
        "ADJ": 0.1875,
        "ADP": 0.8025594149908593,
        "ADV": 0.0,
        "CONJ": 0.0,
        "DET": 0.7011764705882353,
        "NOUN": 0.9404761904761905,
        "NUM": 0.0,
        "PRON": 0.7709580838323353,
        "PRT": 0.5728155339805825,
        "VERB": 0.9422442244224423,
        "X": 0.8792341678939617,
        "<pad>": 0
    },
    "train_loss": 0.9297017455101013,
    "validation_accuracy": 0.709585121602289,
    "validation_accuracy_per_label": {
        ".": 0.9477911646586346,
        "ADJ": 0.10101010101010101,
        "ADP": 0.9006622516556292,
        "ADV": 0.0,
        "CONJ": 0.0,
        "DET": 0.7230769230769231,
        "NOUN": 0.7899159663865546,
        "NUM": 0.0,
        "PRON": 0.78125,
        "PRT": 0.7192982456140351,
        "VERB": 0.8272980501392758,
        "X": 0.8268156424581006,
        "<pad>": 0
    },
    "validation_loss": 1.122219204902649,
    "epoch_num": 42
}