{
    "train_accuracy": 0.46773093191431303,
    "train_accuracy_per_label": {
        ".": 0.48977272727272725,
        "ADJ": 0.0,
        "ADP": 0.0,
        "ADV": 0.0,
        "CONJ": 0.0,
        "DET": 0.03764705882352941,
        "NOUN": 0.8892857142857142,
        "NUM": 0.0,
        "PRON": 0.05538922155688623,
        "PRT": 0.0,
        "VERB": 0.8795379537953796,
        "X": 0.5655375552282769,
        "<pad>": 0
    },
    "train_loss": 1.6181375980377197,
    "validation_accuracy": 0.44158321411540297,
    "validation_accuracy_per_label": {
        ".": 0.5662650602409639,
        "ADJ": 0.0,
        "ADP": 0.0,
        "ADV": 0.0,
        "CONJ": 0.0,
        "DET": 0.023076923076923078,
        "NOUN": 0.8088235294117647,
        "NUM": 0.0,
        "PRON": 0.046875,
        "PRT": 0.0,
        "VERB": 0.8217270194986073,
        "X": 0.5195530726256983,
        "<pad>": 0
    },
    "validation_loss": 1.6560744047164917,
    "epoch_num": 24
}