{
    "train_accuracy": 0.6182289534725065,
    "train_accuracy_per_label": {
        ".": 0.9318181818181818,
        "ADJ": 0.002976190476190476,
        "ADP": 0.1882998171846435,
        "ADV": 0.0,
        "CONJ": 0.0,
        "DET": 0.691764705882353,
        "NOUN": 0.9214285714285714,
        "NUM": 0.0,
        "PRON": 0.14820359281437126,
        "PRT": 0.0,
        "VERB": 0.905940594059406,
        "X": 0.8365243004418262,
        "<pad>": 0
    },
    "train_loss": 1.2560539245605469,
    "validation_accuracy": 0.5798760133524082,
    "validation_accuracy_per_label": {
        ".": 0.9236947791164659,
        "ADJ": 0.0,
        "ADP": 0.33774834437086093,
        "ADV": 0.0,
        "CONJ": 0.0,
        "DET": 0.7230769230769231,
        "NOUN": 0.8172268907563025,
        "NUM": 0.0,
        "PRON": 0.11458333333333333,
        "PRT": 0.0,
        "VERB": 0.8133704735376045,
        "X": 0.770949720670391,
        "<pad>": 0
    },
    "validation_loss": 1.363059401512146,
    "epoch_num": 32
}