{
    "train_accuracy": 0.7691363078182563,
    "train_accuracy_per_label": {
        ".": 0.9511363636363637,
        "ADJ": 0.24107142857142858,
        "ADP": 0.8135283363802559,
        "ADV": 0.0,
        "CONJ": 0.0,
        "DET": 0.72,
        "NOUN": 0.9398809523809524,
        "NUM": 0.0,
        "PRON": 0.7934131736526946,
        "PRT": 0.6116504854368932,
        "VERB": 0.9372937293729373,
        "X": 0.8792341678939617,
        "<pad>": 0
    },
    "train_loss": 0.9035561084747314,
    "validation_accuracy": 0.714830710538865,
    "validation_accuracy_per_label": {
        ".": 0.9477911646586346,
        "ADJ": 0.18181818181818182,
        "ADP": 0.8940397350993378,
        "ADV": 0.0,
        "CONJ": 0.0,
        "DET": 0.7230769230769231,
        "NOUN": 0.7857142857142857,
        "NUM": 0.0,
        "PRON": 0.7916666666666666,
        "PRT": 0.7543859649122807,
        "VERB": 0.8328690807799443,
        "X": 0.8268156424581006,
        "<pad>": 0
    },
    "validation_loss": 1.1007682085037231,
    "epoch_num": 43
}