{
    "train_accuracy": 0.9373720835038887,
    "train_accuracy_per_label": {
        ".": 0.9659090909090909,
        "ADJ": 0.8630952380952381,
        "ADP": 0.9085923217550275,
        "ADV": 0.8299492385786802,
        "CONJ": 0.8571428571428571,
        "DET": 0.9411764705882353,
        "NOUN": 0.9577380952380953,
        "NUM": 0.8226950354609929,
        "PRON": 0.9700598802395209,
        "PRT": 0.9368932038834952,
        "VERB": 0.9727722772277227,
        "X": 0.9175257731958762,
        "<pad>": 0
    },
    "train_loss": 0.3759019076824188,
    "validation_accuracy": 0.8187887458273725,
    "validation_accuracy_per_label": {
        ".": 0.9558232931726908,
        "ADJ": 0.6060606060606061,
        "ADP": 0.9205298013245033,
        "ADV": 0.6666666666666666,
        "CONJ": 0.9285714285714286,
        "DET": 0.9076923076923077,
        "NOUN": 0.707983193277311,
        "NUM": 0.6176470588235294,
        "PRON": 0.9479166666666666,
        "PRT": 0.9298245614035088,
        "VERB": 0.8356545961002786,
        "X": 0.8044692737430168,
        "<pad>": 0
    },
    "validation_loss": 0.7478548288345337,
    "epoch_num": 71
}