{
    "train_accuracy": 0.9433756310547141,
    "train_accuracy_per_label": {
        ".": 0.9681818181818181,
        "ADJ": 0.8720238095238095,
        "ADP": 0.9195612431444241,
        "ADV": 0.8578680203045685,
        "CONJ": 0.8757763975155279,
        "DET": 0.9388235294117647,
        "NOUN": 0.9619047619047619,
        "NUM": 0.8581560283687943,
        "PRON": 0.9715568862275449,
        "PRT": 0.9466019417475728,
        "VERB": 0.9760726072607261,
        "X": 0.9189985272459499,
        "<pad>": 0
    },
    "train_loss": 0.3187654912471771,
    "validation_accuracy": 0.815927515498331,
    "validation_accuracy_per_label": {
        ".": 0.9518072289156626,
        "ADJ": 0.6161616161616161,
        "ADP": 0.9205298013245033,
        "ADV": 0.6744186046511628,
        "CONJ": 0.9285714285714286,
        "DET": 0.9,
        "NOUN": 0.7016806722689075,
        "NUM": 0.6764705882352942,
        "PRON": 0.9479166666666666,
        "PRT": 0.9298245614035088,
        "VERB": 0.8328690807799443,
        "X": 0.7821229050279329,
        "<pad>": 0
    },
    "validation_loss": 0.7350492477416992,
    "epoch_num": 78
}