{
    "train_accuracy": 0.9357347523536635,
    "train_accuracy_per_label": {
        ".": 0.9625,
        "ADJ": 0.8541666666666666,
        "ADP": 0.9104204753199269,
        "ADV": 0.799492385786802,
        "CONJ": 0.84472049689441,
        "DET": 0.9435294117647058,
        "NOUN": 0.9571428571428572,
        "NUM": 0.8226950354609929,
        "PRON": 0.9700598802395209,
        "PRT": 0.941747572815534,
        "VERB": 0.971947194719472,
        "X": 0.9278350515463918,
        "<pad>": 0
    },
    "train_loss": 0.4050823152065277,
    "validation_accuracy": 0.8178350023843586,
    "validation_accuracy_per_label": {
        ".": 0.9518072289156626,
        "ADJ": 0.5959595959595959,
        "ADP": 0.9205298013245033,
        "ADV": 0.6589147286821705,
        "CONJ": 0.9285714285714286,
        "DET": 0.9076923076923077,
        "NOUN": 0.7121848739495799,
        "NUM": 0.6176470588235294,
        "PRON": 0.9479166666666666,
        "PRT": 0.9473684210526315,
        "VERB": 0.8356545961002786,
        "X": 0.7932960893854749,
        "<pad>": 0
    },
    "validation_loss": 0.7613089680671692,
    "epoch_num": 68
}