{
    "train_accuracy": 0.4478100695865739,
    "train_accuracy_per_label": {
        ".": 0.4022727272727273,
        "ADJ": 0.0,
        "ADP": 0.0,
        "ADV": 0.0,
        "CONJ": 0.0,
        "DET": 0.002352941176470588,
        "NOUN": 0.8946428571428572,
        "NUM": 0.0,
        "PRON": 0.04640718562874251,
        "PRT": 0.0,
        "VERB": 0.8721122112211221,
        "X": 0.4948453608247423,
        "<pad>": 0
    },
    "train_loss": 1.666237711906433,
    "validation_accuracy": 0.42775393419170243,
    "validation_accuracy_per_label": {
        ".": 0.46987951807228917,
        "ADJ": 0.0,
        "ADP": 0.0,
        "ADV": 0.0,
        "CONJ": 0.0,
        "DET": 0.0,
        "NOUN": 0.819327731092437,
        "NUM": 0.0,
        "PRON": 0.046875,
        "PRT": 0.0,
        "VERB": 0.8189415041782729,
        "X": 0.4860335195530726,
        "<pad>": 0
    },
    "validation_loss": 1.6981676816940308,
    "epoch_num": 23
}