{
    "train_accuracy": 0.2959476054031928,
    "train_accuracy_per_label": {
        ".": 0.0,
        "ADJ": 0.0,
        "ADP": 0.0,
        "ADV": 0.0,
        "CONJ": 0.0,
        "DET": 0.0,
        "NOUN": 0.8988095238095238,
        "NUM": 0.0,
        "PRON": 0.0,
        "PRT": 0.0,
        "VERB": 0.5437293729372937,
        "X": 0.0,
        "<pad>": 0
    },
    "train_loss": 2.1749982833862305,
    "validation_accuracy": 0.3056747734859323,
    "validation_accuracy_per_label": {
        ".": 0.0,
        "ADJ": 0.0,
        "ADP": 0.0,
        "ADV": 0.0,
        "CONJ": 0.0,
        "DET": 0.0,
        "NOUN": 0.8781512605042017,
        "NUM": 0.0,
        "PRON": 0.0,
        "PRT": 0.0,
        "VERB": 0.6211699164345403,
        "X": 0.0,
        "<pad>": 0
    },
    "validation_loss": 2.1601521968841553,
    "epoch_num": 11
}