{
    "train_accuracy": 0.9426934097421203,
    "train_accuracy_per_label": {
        ".": 0.9727272727272728,
        "ADJ": 0.875,
        "ADP": 0.9140767824497258,
        "ADV": 0.8477157360406091,
        "CONJ": 0.8571428571428571,
        "DET": 0.9482352941176471,
        "NOUN": 0.9601190476190476,
        "NUM": 0.8439716312056738,
        "PRON": 0.9715568862275449,
        "PRT": 0.941747572815534,
        "VERB": 0.9711221122112211,
        "X": 0.930780559646539,
        "<pad>": 0
    },
    "train_loss": 0.33815819025039673,
    "validation_accuracy": 0.8168812589413448,
    "validation_accuracy_per_label": {
        ".": 0.9518072289156626,
        "ADJ": 0.6161616161616161,
        "ADP": 0.9205298013245033,
        "ADV": 0.6744186046511628,
        "CONJ": 0.9285714285714286,
        "DET": 0.9,
        "NOUN": 0.7058823529411765,
        "NUM": 0.6764705882352942,
        "PRON": 0.9479166666666666,
        "PRT": 0.9298245614035088,
        "VERB": 0.83008356545961,
        "X": 0.7877094972067039,
        "<pad>": 0
    },
    "validation_loss": 0.7377252578735352,
    "epoch_num": 75
}