{
    "train_accuracy": 0.6857688634192932,
    "train_accuracy_per_label": {
        ".": 0.9488636363636364,
        "ADJ": 0.020833333333333332,
        "ADP": 0.5959780621572212,
        "ADV": 0.0,
        "CONJ": 0.0,
        "DET": 0.68,
        "NOUN": 0.9363095238095238,
        "NUM": 0.0,
        "PRON": 0.41317365269461076,
        "PRT": 0.05339805825242718,
        "VERB": 0.9216171617161716,
        "X": 0.8718703976435935,
        "<pad>": 0
    },
    "train_loss": 1.0776629447937012,
    "validation_accuracy": 0.6380543633762518,
    "validation_accuracy_per_label": {
        ".": 0.9437751004016064,
        "ADJ": 0.04040404040404041,
        "ADP": 0.7218543046357616,
        "ADV": 0.0,
        "CONJ": 0.0,
        "DET": 0.676923076923077,
        "NOUN": 0.7962184873949579,
        "NUM": 0.0,
        "PRON": 0.421875,
        "PRT": 0.05263157894736842,
        "VERB": 0.8161559888579387,
        "X": 0.8156424581005587,
        "<pad>": 0
    },
    "validation_loss": 1.232782006263733,
    "epoch_num": 37
}