{
    "train_accuracy": 0.5191704188838859,
    "train_accuracy_per_label": {
        ".": 0.7102272727272727,
        "ADJ": 0.0,
        "ADP": 0.0,
        "ADV": 0.0,
        "CONJ": 0.0,
        "DET": 0.19294117647058823,
        "NOUN": 0.8946428571428572,
        "NUM": 0.0,
        "PRON": 0.07784431137724551,
        "PRT": 0.0,
        "VERB": 0.8902640264026402,
        "X": 0.6833578792341679,
        "<pad>": 0
    },
    "train_loss": 1.5233402252197266,
    "validation_accuracy": 0.4868860276585599,
    "validation_accuracy_per_label": {
        ".": 0.7791164658634538,
        "ADJ": 0.0,
        "ADP": 0.0,
        "ADV": 0.0,
        "CONJ": 0.0,
        "DET": 0.23846153846153847,
        "NOUN": 0.7983193277310925,
        "NUM": 0.0,
        "PRON": 0.06770833333333333,
        "PRT": 0.0,
        "VERB": 0.8161559888579387,
        "X": 0.6145251396648045,
        "<pad>": 0
    },
    "validation_loss": 1.574034571647644,
    "epoch_num": 26
}