{
    "train_accuracy": 0.34615909401009687,
    "train_accuracy_per_label": {
        ".": 0.022727272727272728,
        "ADJ": 0.0,
        "ADP": 0.0,
        "ADV": 0.0,
        "CONJ": 0.0,
        "DET": 0.0,
        "NOUN": 0.9047619047619048,
        "NUM": 0.0,
        "PRON": 0.0029940119760479044,
        "PRT": 0.0,
        "VERB": 0.8061056105610561,
        "X": 0.026509572901325478,
        "<pad>": 0
    },
    "train_loss": 1.9472362995147705,
    "validation_accuracy": 0.340963280877444,
    "validation_accuracy_per_label": {
        ".": 0.01606425702811245,
        "ADJ": 0.0,
        "ADP": 0.0,
        "ADV": 0.0,
        "CONJ": 0.0,
        "DET": 0.0,
        "NOUN": 0.8739495798319328,
        "NUM": 0.0,
        "PRON": 0.005208333333333333,
        "PRT": 0.0,
        "VERB": 0.8189415041782729,
        "X": 0.0,
        "<pad>": 0
    },
    "validation_loss": 1.948796033859253,
    "epoch_num": 17
}