{
    "train_accuracy": 0.6412880338381771,
    "train_accuracy_per_label": {
        ".": 0.9420454545454545,
        "ADJ": 0.011904761904761904,
        "ADP": 0.37842778793418647,
        "ADV": 0.0,
        "CONJ": 0.0,
        "DET": 0.7223529411764706,
        "NOUN": 0.9214285714285714,
        "NUM": 0.0,
        "PRON": 0.17065868263473055,
        "PRT": 0.0,
        "VERB": 0.9092409240924092,
        "X": 0.8674521354933726,
        "<pad>": 0
    },
    "train_loss": 1.1811264753341675,
    "validation_accuracy": 0.6013352408202194,
    "validation_accuracy_per_label": {
        ".": 0.9357429718875502,
        "ADJ": 0.0,
        "ADP": 0.48344370860927155,
        "ADV": 0.0,
        "CONJ": 0.0,
        "DET": 0.7230769230769231,
        "NOUN": 0.8046218487394958,
        "NUM": 0.0,
        "PRON": 0.203125,
        "PRT": 0.0,
        "VERB": 0.8161559888579387,
        "X": 0.8156424581005587,
        "<pad>": 0
    },
    "validation_loss": 1.3070917129516602,
    "epoch_num": 34
}