{
    "train_accuracy": 0.3124573611679629,
    "train_accuracy_per_label": {
        ".": 0.0,
        "ADJ": 0.0,
        "ADP": 0.0,
        "ADV": 0.0,
        "CONJ": 0.0,
        "DET": 0.0,
        "NOUN": 0.8892857142857142,
        "NUM": 0.0,
        "PRON": 0.0,
        "PRT": 0.0,
        "VERB": 0.6567656765676567,
        "X": 0.0,
        "<pad>": 0
    },
    "train_loss": 2.1125760078430176,
    "validation_accuracy": 0.32045779685264664,
    "validation_accuracy_per_label": {
        ".": 0.0,
        "ADJ": 0.0,
        "ADP": 0.0,
        "ADV": 0.0,
        "CONJ": 0.0,
        "DET": 0.0,
        "NOUN": 0.8781512605042017,
        "NUM": 0.0,
        "PRON": 0.0,
        "PRT": 0.0,
        "VERB": 0.7075208913649025,
        "X": 0.0,
        "<pad>": 0
    },
    "validation_loss": 2.099952220916748,
    "epoch_num": 13
}