{
    "train_accuracy": 0.9179969982262246,
    "train_accuracy_per_label": {
        ".": 0.9602272727272727,
        "ADJ": 0.8333333333333334,
        "ADP": 0.9012797074954296,
        "ADV": 0.7030456852791879,
        "CONJ": 0.7701863354037267,
        "DET": 0.9270588235294117,
        "NOUN": 0.9529761904761904,
        "NUM": 0.6099290780141844,
        "PRON": 0.9670658682634731,
        "PRT": 0.9077669902912622,
        "VERB": 0.9620462046204621,
        "X": 0.9263622974963182,
        "<pad>": 0
    },
    "train_loss": 0.501417338848114,
    "validation_accuracy": 0.8125894134477826,
    "validation_accuracy_per_label": {
        ".": 0.9518072289156626,
        "ADJ": 0.5656565656565656,
        "ADP": 0.9205298013245033,
        "ADV": 0.6124031007751938,
        "CONJ": 0.9285714285714286,
        "DET": 0.9153846153846154,
        "NOUN": 0.7205882352941176,
        "NUM": 0.5294117647058824,
        "PRON": 0.9479166666666666,
        "PRT": 0.9122807017543859,
        "VERB": 0.8328690807799443,
        "X": 0.7877094972067039,
        "<pad>": 0
    },
    "validation_loss": 0.8123120665550232,
    "epoch_num": 61
}