{
    "train_accuracy": 0.8807477145586028,
    "train_accuracy_per_label": {
        ".": 0.9556818181818182,
        "ADJ": 0.7232142857142857,
        "ADP": 0.8829981718464351,
        "ADV": 0.4543147208121827,
        "CONJ": 0.4720496894409938,
        "DET": 0.9341176470588235,
        "NOUN": 0.95,
        "NUM": 0.19858156028368795,
        "PRON": 0.9655688622754491,
        "PRT": 0.8932038834951457,
        "VERB": 0.9595709570957096,
        "X": 0.9131075110456554,
        "<pad>": 0
    },
    "train_loss": 0.6142178773880005,
    "validation_accuracy": 0.7911301859799714,
    "validation_accuracy_per_label": {
        ".": 0.9518072289156626,
        "ADJ": 0.47474747474747475,
        "ADP": 0.9139072847682119,
        "ADV": 0.46511627906976744,
        "CONJ": 0.5714285714285714,
        "DET": 0.9,
        "NOUN": 0.7310924369747899,
        "NUM": 0.29411764705882354,
        "PRON": 0.9479166666666666,
        "PRT": 0.8771929824561403,
        "VERB": 0.841225626740947,
        "X": 0.8044692737430168,
        "<pad>": 0
    },
    "validation_loss": 0.8866288065910339,
    "epoch_num": 55
}