{
    "train_accuracy": 0.24177923318324465,
    "train_accuracy_per_label": {
        ".": 0.0,
        "ADJ": 0.0,
        "ADP": 0.0,
        "ADV": 0.0,
        "CONJ": 0.0,
        "DET": 0.0,
        "NOUN": 0.9922619047619048,
        "NUM": 0.0,
        "PRON": 0.0,
        "PRT": 0.0,
        "VERB": 0.08663366336633663,
        "X": 0.0,
        "<pad>": 0
    },
    "train_loss": 2.2661232948303223,
    "validation_accuracy": 0.26275631855030995,
    "validation_accuracy_per_label": {
        ".": 0.0,
        "ADJ": 0.0,
        "ADP": 0.0,
        "ADV": 0.0,
        "CONJ": 0.0,
        "DET": 0.0,
        "NOUN": 0.9516806722689075,
        "NUM": 0.0,
        "PRON": 0.0,
        "PRT": 0.0,
        "VERB": 0.27298050139275765,
        "X": 0.0,
        "<pad>": 0
    },
    "validation_loss": 2.2513298988342285,
    "epoch_num": 7
}