{
    "train_accuracy": 0.3834083776777186,
    "train_accuracy_per_label": {
        ".": 0.17272727272727273,
        "ADJ": 0.0,
        "ADP": 0.0,
        "ADV": 0.0,
        "CONJ": 0.0,
        "DET": 0.0,
        "NOUN": 0.8976190476190476,
        "NUM": 0.0,
        "PRON": 0.005988023952095809,
        "PRT": 0.0,
        "VERB": 0.8432343234323433,
        "X": 0.18262150220913106,
        "<pad>": 0
    },
    "train_loss": 1.8554344177246094,
    "validation_accuracy": 0.37005245588936575,
    "validation_accuracy_per_label": {
        ".": 0.18875502008032127,
        "ADJ": 0.0,
        "ADP": 0.0,
        "ADV": 0.0,
        "CONJ": 0.0,
        "DET": 0.0,
        "NOUN": 0.842436974789916,
        "NUM": 0.0,
        "PRON": 0.005208333333333333,
        "PRT": 0.0,
        "VERB": 0.8161559888579387,
        "X": 0.18994413407821228,
        "<pad>": 0
    },
    "validation_loss": 1.8664844036102295,
    "epoch_num": 19
}