{
    "train_accuracy": 0.836676217765043,
    "train_accuracy_per_label": {
        ".": 0.9545454545454546,
        "ADJ": 0.625,
        "ADP": 0.8647166361974405,
        "ADV": 0.13959390862944163,
        "CONJ": 0.18633540372670807,
        "DET": 0.8658823529411764,
        "NOUN": 0.9434523809523809,
        "NUM": 0.0,
        "PRON": 0.9535928143712575,
        "PRT": 0.8106796116504854,
        "VERB": 0.9537953795379538,
        "X": 0.8998527245949927,
        "<pad>": 0
    },
    "train_loss": 0.7058408856391907,
    "validation_accuracy": 0.7582260371959942,
    "validation_accuracy_per_label": {
        ".": 0.9477911646586346,
        "ADJ": 0.42424242424242425,
        "ADP": 0.9006622516556292,
        "ADV": 0.13953488372093023,
        "CONJ": 0.2857142857142857,
        "DET": 0.8846153846153846,
        "NOUN": 0.7478991596638656,
        "NUM": 0.0,
        "PRON": 0.9427083333333334,
        "PRT": 0.8771929824561403,
        "VERB": 0.8384401114206128,
        "X": 0.7988826815642458,
        "<pad>": 0
    },
    "validation_loss": 0.9502919316291809,
    "epoch_num": 51
}