{
    "train_accuracy": 0.9130850047755492,
    "train_accuracy_per_label": {
        ".": 0.9568181818181818,
        "ADJ": 0.8035714285714286,
        "ADP": 0.8884826325411335,
        "ADV": 0.6852791878172588,
        "CONJ": 0.7267080745341615,
        "DET": 0.9317647058823529,
        "NOUN": 0.9541666666666667,
        "NUM": 0.5106382978723404,
        "PRON": 0.9655688622754491,
        "PRT": 0.9223300970873787,
        "VERB": 0.9645214521452146,
        "X": 0.930780559646539,
        "<pad>": 0
    },
    "train_loss": 0.5367786884307861,
    "validation_accuracy": 0.8078206962327134,
    "validation_accuracy_per_label": {
        ".": 0.9518072289156626,
        "ADJ": 0.5252525252525253,
        "ADP": 0.9205298013245033,
        "ADV": 0.5891472868217055,
        "CONJ": 0.8809523809523809,
        "DET": 0.9076923076923077,
        "NOUN": 0.7205882352941176,
        "NUM": 0.4117647058823529,
        "PRON": 0.9479166666666666,
        "PRT": 0.9122807017543859,
        "VERB": 0.841225626740947,
        "X": 0.7932960893854749,
        "<pad>": 0
    },
    "validation_loss": 0.8341199159622192,
    "epoch_num": 59
}