{
    "train_accuracy": 0.9350525310410697,
    "train_accuracy_per_label": {
        ".": 0.9647727272727272,
        "ADJ": 0.8690476190476191,
        "ADP": 0.9122486288848263,
        "ADV": 0.8197969543147208,
        "CONJ": 0.8385093167701864,
        "DET": 0.9482352941176471,
        "NOUN": 0.9535714285714286,
        "NUM": 0.8085106382978723,
        "PRON": 0.9700598802395209,
        "PRT": 0.9223300970873787,
        "VERB": 0.9694719471947195,
        "X": 0.9175257731958762,
        "<pad>": 0
    },
    "train_loss": 0.3963452875614166,
    "validation_accuracy": 0.8173581306628517,
    "validation_accuracy_per_label": {
        ".": 0.9518072289156626,
        "ADJ": 0.5959595959595959,
        "ADP": 0.9205298013245033,
        "ADV": 0.6666666666666666,
        "CONJ": 0.9285714285714286,
        "DET": 0.9076923076923077,
        "NOUN": 0.7121848739495799,
        "NUM": 0.6176470588235294,
        "PRON": 0.9479166666666666,
        "PRT": 0.9473684210526315,
        "VERB": 0.83008356545961,
        "X": 0.7932960893854749,
        "<pad>": 0
    },
    "validation_loss": 0.756083071231842,
    "epoch_num": 69
}