{
    "train_accuracy": 0.6295538272615636,
    "train_accuracy_per_label": {
        ".": 0.9352272727272727,
        "ADJ": 0.002976190476190476,
        "ADP": 0.27787934186471663,
        "ADV": 0.0,
        "CONJ": 0.0,
        "DET": 0.7176470588235294,
        "NOUN": 0.9267857142857143,
        "NUM": 0.0,
        "PRON": 0.15419161676646706,
        "PRT": 0.0,
        "VERB": 0.9042904290429042,
        "X": 0.8497790868924889,
        "<pad>": 0
    },
    "train_loss": 1.2142518758773804,
    "validation_accuracy": 0.5898903195040535,
    "validation_accuracy_per_label": {
        ".": 0.927710843373494,
        "ADJ": 0.0,
        "ADP": 0.3973509933774834,
        "ADV": 0.0,
        "CONJ": 0.0,
        "DET": 0.7230769230769231,
        "NOUN": 0.8088235294117647,
        "NUM": 0.0,
        "PRON": 0.171875,
        "PRT": 0.0,
        "VERB": 0.8133704735376045,
        "X": 0.7932960893854749,
        "<pad>": 0
    },
    "validation_loss": 1.3342952728271484,
    "epoch_num": 33
}