{
    "train_accuracy": 0.9209987720016374,
    "train_accuracy_per_label": {
        ".": 0.9602272727272727,
        "ADJ": 0.8184523809523809,
        "ADP": 0.8957952468007313,
        "ADV": 0.751269035532995,
        "CONJ": 0.8012422360248447,
        "DET": 0.9317647058823529,
        "NOUN": 0.9547619047619048,
        "NUM": 0.6453900709219859,
        "PRON": 0.9700598802395209,
        "PRT": 0.9077669902912622,
        "VERB": 0.9612211221122112,
        "X": 0.9189985272459499,
        "<pad>": 0
    },
    "train_loss": 0.4864722192287445,
    "validation_accuracy": 0.8125894134477826,
    "validation_accuracy_per_label": {
        ".": 0.9518072289156626,
        "ADJ": 0.5555555555555556,
        "ADP": 0.9205298013245033,
        "ADV": 0.6124031007751938,
        "CONJ": 0.9285714285714286,
        "DET": 0.9076923076923077,
        "NOUN": 0.7142857142857143,
        "NUM": 0.5294117647058824,
        "PRON": 0.9479166666666666,
        "PRT": 0.9122807017543859,
        "VERB": 0.8467966573816156,
        "X": 0.7877094972067039,
        "<pad>": 0
    },
    "validation_loss": 0.8029478788375854,
    "epoch_num": 62
}