{
    "train_accuracy": 0.4105607859189521,
    "train_accuracy_per_label": {
        ".": 0.2875,
        "ADJ": 0.0,
        "ADP": 0.0,
        "ADV": 0.0,
        "CONJ": 0.0,
        "DET": 0.0,
        "NOUN": 0.888095238095238,
        "NUM": 0.0,
        "PRON": 0.02245508982035928,
        "PRT": 0.0,
        "VERB": 0.8622112211221122,
        "X": 0.3004418262150221,
        "<pad>": 0
    },
    "train_loss": 1.7615896463394165,
    "validation_accuracy": 0.3943729136862184,
    "validation_accuracy_per_label": {
        ".": 0.3172690763052209,
        "ADJ": 0.0,
        "ADP": 0.0,
        "ADV": 0.0,
        "CONJ": 0.0,
        "DET": 0.0,
        "NOUN": 0.8361344537815126,
        "NUM": 0.0,
        "PRON": 0.041666666666666664,
        "PRT": 0.0,
        "VERB": 0.8133704735376045,
        "X": 0.27932960893854747,
        "<pad>": 0
    },
    "validation_loss": 1.7824090719223022,
    "epoch_num": 21
}