{
    "train_accuracy": 0.2896711693273298,
    "train_accuracy_per_label": {
        ".": 0.0,
        "ADJ": 0.0,
        "ADP": 0.0,
        "ADV": 0.0,
        "CONJ": 0.0,
        "DET": 0.0,
        "NOUN": 0.8964285714285715,
        "NUM": 0.0,
        "PRON": 0.0,
        "PRT": 0.0,
        "VERB": 0.509075907590759,
        "X": 0.0,
        "<pad>": 0
    },
    "train_loss": 2.201975107192993,
    "validation_accuracy": 0.2994754411063424,
    "validation_accuracy_per_label": {
        ".": 0.0,
        "ADJ": 0.0,
        "ADP": 0.0,
        "ADV": 0.0,
        "CONJ": 0.0,
        "DET": 0.0,
        "NOUN": 0.8718487394957983,
        "NUM": 0.0,
        "PRON": 0.0,
        "PRT": 0.0,
        "VERB": 0.5933147632311978,
        "X": 0.0,
        "<pad>": 0
    },
    "validation_loss": 2.1864852905273438,
    "epoch_num": 10
}