{
    "train_accuracy": 0.9062627916496111,
    "train_accuracy_per_label": {
        ".": 0.9568181818181818,
        "ADJ": 0.7857142857142857,
        "ADP": 0.886654478976234,
        "ADV": 0.6421319796954315,
        "CONJ": 0.7391304347826086,
        "DET": 0.9317647058823529,
        "NOUN": 0.9529761904761904,
        "NUM": 0.425531914893617,
        "PRON": 0.968562874251497,
        "PRT": 0.9029126213592233,
        "VERB": 0.9628712871287128,
        "X": 0.9160530191458026,
        "<pad>": 0
    },
    "train_loss": 0.5534806847572327,
    "validation_accuracy": 0.8054363376251789,
    "validation_accuracy_per_label": {
        ".": 0.9518072289156626,
        "ADJ": 0.5050505050505051,
        "ADP": 0.9205298013245033,
        "ADV": 0.5813953488372093,
        "CONJ": 0.8809523809523809,
        "DET": 0.9,
        "NOUN": 0.7226890756302521,
        "NUM": 0.38235294117647056,
        "PRON": 0.9479166666666666,
        "PRT": 0.8947368421052632,
        "VERB": 0.841225626740947,
        "X": 0.7932960893854749,
        "<pad>": 0
    },
    "validation_loss": 0.8446621894836426,
    "epoch_num": 58
}