{
    "train_accuracy": 0.9260472097148315,
    "train_accuracy_per_label": {
        ".": 0.9556818181818182,
        "ADJ": 0.8392857142857143,
        "ADP": 0.903107861060329,
        "ADV": 0.7715736040609137,
        "CONJ": 0.8012422360248447,
        "DET": 0.9317647058823529,
        "NOUN": 0.9577380952380953,
        "NUM": 0.6950354609929078,
        "PRON": 0.9700598802395209,
        "PRT": 0.9174757281553398,
        "VERB": 0.9661716171617162,
        "X": 0.9219440353460973,
        "<pad>": 0
    },
    "train_loss": 0.4582741856575012,
    "validation_accuracy": 0.8144969003338102,
    "validation_accuracy_per_label": {
        ".": 0.9518072289156626,
        "ADJ": 0.5656565656565656,
        "ADP": 0.9205298013245033,
        "ADV": 0.627906976744186,
        "CONJ": 0.9285714285714286,
        "DET": 0.9076923076923077,
        "NOUN": 0.7142857142857143,
        "NUM": 0.5882352941176471,
        "PRON": 0.9479166666666666,
        "PRT": 0.9298245614035088,
        "VERB": 0.841225626740947,
        "X": 0.7877094972067039,
        "<pad>": 0
    },
    "validation_loss": 0.7853652834892273,
    "epoch_num": 64
}