{
    "train_accuracy": 0.9405103015418201,
    "train_accuracy_per_label": {
        ".": 0.9681818181818181,
        "ADJ": 0.8898809523809523,
        "ADP": 0.9177330895795247,
        "ADV": 0.817258883248731,
        "CONJ": 0.8571428571428571,
        "DET": 0.9458823529411765,
        "NOUN": 0.9541666666666667,
        "NUM": 0.8439716312056738,
        "PRON": 0.9730538922155688,
        "PRT": 0.941747572815534,
        "VERB": 0.976897689768977,
        "X": 0.9248895434462445,
        "<pad>": 0
    },
    "train_loss": 0.3637928068637848,
    "validation_accuracy": 0.8178350023843586,
    "validation_accuracy_per_label": {
        ".": 0.9518072289156626,
        "ADJ": 0.6060606060606061,
        "ADP": 0.9205298013245033,
        "ADV": 0.6744186046511628,
        "CONJ": 0.9285714285714286,
        "DET": 0.9,
        "NOUN": 0.7100840336134454,
        "NUM": 0.6764705882352942,
        "PRON": 0.9479166666666666,
        "PRT": 0.9298245614035088,
        "VERB": 0.8328690807799443,
        "X": 0.7877094972067039,
        "<pad>": 0
    },
    "validation_loss": 0.7438516616821289,
    "epoch_num": 72
}