{
    "train_accuracy": 0.8073407013235093,
    "train_accuracy_per_label": {
        ".": 0.9522727272727273,
        "ADJ": 0.46726190476190477,
        "ADP": 0.829981718464351,
        "ADV": 0.0025380710659898475,
        "CONJ": 0.018633540372670808,
        "DET": 0.8352941176470589,
        "NOUN": 0.9398809523809524,
        "NUM": 0.0,
        "PRON": 0.9131736526946108,
        "PRT": 0.7766990291262136,
        "VERB": 0.9488448844884488,
        "X": 0.898379970544919,
        "<pad>": 0
    },
    "train_loss": 0.7971049547195435,
    "validation_accuracy": 0.7424892703862661,
    "validation_accuracy_per_label": {
        ".": 0.9477911646586346,
        "ADJ": 0.32323232323232326,
        "ADP": 0.9006622516556292,
        "ADV": 0.0,
        "CONJ": 0.07142857142857142,
        "DET": 0.8384615384615385,
        "NOUN": 0.7773109243697479,
        "NUM": 0.0,
        "PRON": 0.9114583333333334,
        "PRT": 0.8421052631578947,
        "VERB": 0.8384401114206128,
        "X": 0.8212290502793296,
        "<pad>": 0
    },
    "validation_loss": 1.0215991735458374,
    "epoch_num": 47
}