{
    "train_accuracy": 0.6507026879519716,
    "train_accuracy_per_label": {
        ".": 0.9397727272727273,
        "ADJ": 0.005952380952380952,
        "ADP": 0.42778793418647165,
        "ADV": 0.0,
        "CONJ": 0.0,
        "DET": 0.6611764705882353,
        "NOUN": 0.9339285714285714,
        "NUM": 0.0,
        "PRON": 0.23952095808383234,
        "PRT": 0.0,
        "VERB": 0.9133663366336634,
        "X": 0.8674521354933726,
        "<pad>": 0
    },
    "train_loss": 1.146167516708374,
    "validation_accuracy": 0.6118264186933715,
    "validation_accuracy_per_label": {
        ".": 0.9357429718875502,
        "ADJ": 0.010101010101010102,
        "ADP": 0.5960264900662252,
        "ADV": 0.0,
        "CONJ": 0.0,
        "DET": 0.7230769230769231,
        "NOUN": 0.7962184873949579,
        "NUM": 0.0,
        "PRON": 0.24479166666666666,
        "PRT": 0.0,
        "VERB": 0.8133704735376045,
        "X": 0.8212290502793296,
        "<pad>": 0
    },
    "validation_loss": 1.2812353372573853,
    "epoch_num": 35
}