{
    "train_accuracy": 0.9260472097148315,
    "train_accuracy_per_label": {
        ".": 0.9568181818181818,
        "ADJ": 0.7976190476190477,
        "ADP": 0.906764168190128,
        "ADV": 0.8756345177664975,
        "CONJ": 0.9130434782608695,
        "DET": 0.9647058823529412,
        "NOUN": 0.9351190476190476,
        "NUM": 0.8156028368794326,
        "PRON": 0.9625748502994012,
        "PRT": 0.8737864077669902,
        "VERB": 0.9488448844884488,
        "X": 0.9131075110456554,
        "<pad>": 0
    },
    "train_loss": 0.3203490674495697,
    "validation_accuracy": 0.844062947067239,
    "validation_accuracy_per_label": {
        ".": 0.9558232931726908,
        "ADJ": 0.5353535353535354,
        "ADP": 0.9139072847682119,
        "ADV": 0.6821705426356589,
        "CONJ": 0.9285714285714286,
        "DET": 0.9307692307692308,
        "NOUN": 0.7962184873949579,
        "NUM": 0.7352941176470589,
        "PRON": 0.9427083333333334,
        "PRT": 0.8596491228070176,
        "VERB": 0.8635097493036211,
        "X": 0.8324022346368715,
        "<pad>": 0
    },
    "validation_loss": 0.5435202717781067,
    "epoch_num": 29
}