{
    "train_accuracy": 0.9032610178741984,
    "train_accuracy_per_label": {
        ".": 0.9545454545454546,
        "ADJ": 0.6517857142857143,
        "ADP": 0.8848263254113345,
        "ADV": 0.8248730964467005,
        "CONJ": 0.8881987577639752,
        "DET": 0.9623529411764706,
        "NOUN": 0.9214285714285714,
        "NUM": 0.7163120567375887,
        "PRON": 0.9580838323353293,
        "PRT": 0.8543689320388349,
        "VERB": 0.9273927392739274,
        "X": 0.8998527245949927,
        "<pad>": 0
    },
    "train_loss": 0.4496200680732727,
    "validation_accuracy": 0.8354792560801144,
    "validation_accuracy_per_label": {
        ".": 0.9477911646586346,
        "ADJ": 0.4444444444444444,
        "ADP": 0.9006622516556292,
        "ADV": 0.6511627906976745,
        "CONJ": 0.9285714285714286,
        "DET": 0.9307692307692308,
        "NOUN": 0.8151260504201681,
        "NUM": 0.6176470588235294,
        "PRON": 0.9375,
        "PRT": 0.8596491228070176,
        "VERB": 0.8579387186629527,
        "X": 0.8156424581005587,
        "<pad>": 0
    },
    "validation_loss": 0.6184594035148621,
    "epoch_num": 23
}