{
    "train_accuracy": 0.9084458998499113,
    "train_accuracy_per_label": {
        ".": 0.9545454545454546,
        "ADJ": 0.6934523809523809,
        "ADP": 0.8848263254113345,
        "ADV": 0.8350253807106599,
        "CONJ": 0.906832298136646,
        "DET": 0.9647058823529412,
        "NOUN": 0.9238095238095239,
        "NUM": 0.7375886524822695,
        "PRON": 0.9610778443113772,
        "PRT": 0.8592233009708737,
        "VERB": 0.9315181518151815,
        "X": 0.9013254786450663,
        "<pad>": 0
    },
    "train_loss": 0.42174240946769714,
    "validation_accuracy": 0.8369098712446352,
    "validation_accuracy_per_label": {
        ".": 0.9477911646586346,
        "ADJ": 0.47474747474747475,
        "ADP": 0.9072847682119205,
        "ADV": 0.6511627906976745,
        "CONJ": 0.9285714285714286,
        "DET": 0.9307692307692308,
        "NOUN": 0.8046218487394958,
        "NUM": 0.7058823529411765,
        "PRON": 0.9427083333333334,
        "PRT": 0.8596491228070176,
        "VERB": 0.8579387186629527,
        "X": 0.8156424581005587,
        "<pad>": 0
    },
    "validation_loss": 0.6005941033363342,
    "epoch_num": 24
}