{
    "train_accuracy": 0.40865056624368945,
    "train_accuracy_per_label": {
        ".": 0.3443181818181818,
        "ADJ": 0.0,
        "ADP": 0.0,
        "ADV": 0.0,
        "CONJ": 0.0,
        "DET": 0.0,
        "NOUN": 0.9196428571428571,
        "NUM": 0.0,
        "PRON": 0.3997005988023952,
        "PRT": 0.0,
        "VERB": 0.6179867986798679,
        "X": 0.19293078055964655,
        "<pad>": 0
    },
    "train_loss": 1.8797293901443481,
    "validation_accuracy": 0.43919885550786836,
    "validation_accuracy_per_label": {
        ".": 0.4939759036144578,
        "ADJ": 0.0,
        "ADP": 0.0,
        "ADV": 0.0,
        "CONJ": 0.0,
        "DET": 0.0,
        "NOUN": 0.907563025210084,
        "NUM": 0.0,
        "PRON": 0.5208333333333334,
        "PRT": 0.0,
        "VERB": 0.6406685236768802,
        "X": 0.2011173184357542,
        "<pad>": 0
    },
    "validation_loss": 1.8351367712020874,
    "epoch_num": 5
}