{
    "train_accuracy": 0.8822486014463092,
    "train_accuracy_per_label": {
        ".": 0.9545454545454546,
        "ADJ": 0.5446428571428571,
        "ADP": 0.870201096892139,
        "ADV": 0.7538071065989848,
        "CONJ": 0.7639751552795031,
        "DET": 0.9529411764705882,
        "NOUN": 0.9172619047619047,
        "NUM": 0.6028368794326241,
        "PRON": 0.9446107784431138,
        "PRT": 0.8495145631067961,
        "VERB": 0.9125412541254125,
        "X": 0.8895434462444771,
        "<pad>": 0
    },
    "train_loss": 0.55622398853302,
    "validation_accuracy": 0.8259418216499762,
    "validation_accuracy_per_label": {
        ".": 0.9477911646586346,
        "ADJ": 0.35353535353535354,
        "ADP": 0.8874172185430463,
        "ADV": 0.6511627906976745,
        "CONJ": 0.8095238095238095,
        "DET": 0.9230769230769231,
        "NOUN": 0.8256302521008403,
        "NUM": 0.5,
        "PRON": 0.921875,
        "PRT": 0.8596491228070176,
        "VERB": 0.8523676880222841,
        "X": 0.8212290502793296,
        "<pad>": 0
    },
    "validation_loss": 0.6917985081672668,
    "epoch_num": 20
}