{
    "train_accuracy": 0.2282712511938873,
    "train_accuracy_per_label": {
        ".": 0.03977272727272727,
        "ADJ": 0.0,
        "ADP": 0.20475319926873858,
        "ADV": 0.15736040609137056,
        "CONJ": 0.0,
        "DET": 0.0,
        "NOUN": 0.6083333333333333,
        "NUM": 0.02127659574468085,
        "PRON": 0.019461077844311378,
        "PRT": 0.0,
        "VERB": 0.2268976897689769,
        "X": 0.22238586156111928,
        "<pad>": 0
    },
    "train_loss": 2.474064826965332,
    "validation_accuracy": 0.29232236528373867,
    "validation_accuracy_per_label": {
        ".": 0.01606425702811245,
        "ADJ": 0.0,
        "ADP": 0.006622516556291391,
        "ADV": 0.0,
        "CONJ": 0.0,
        "DET": 0.0,
        "NOUN": 0.8718487394957983,
        "NUM": 0.0,
        "PRON": 0.0,
        "PRT": 0.0,
        "VERB": 0.467966573816156,
        "X": 0.13966480446927373,
        "<pad>": 0
    },
    "validation_loss": 2.4016811847686768,
    "epoch_num": 0
}