{
    "train_accuracy": 0.9230454359394188,
    "train_accuracy_per_label": {
        ".": 0.9568181818181818,
        "ADJ": 0.7767857142857143,
        "ADP": 0.9012797074954296,
        "ADV": 0.8756345177664975,
        "CONJ": 0.9130434782608695,
        "DET": 0.9647058823529412,
        "NOUN": 0.9327380952380953,
        "NUM": 0.8014184397163121,
        "PRON": 0.9625748502994012,
        "PRT": 0.8737864077669902,
        "VERB": 0.9455445544554455,
        "X": 0.9101620029455081,
        "<pad>": 0
    },
    "train_loss": 0.33669716119766235,
    "validation_accuracy": 0.8421554601812112,
    "validation_accuracy_per_label": {
        ".": 0.9558232931726908,
        "ADJ": 0.5252525252525253,
        "ADP": 0.9139072847682119,
        "ADV": 0.6744186046511628,
        "CONJ": 0.9285714285714286,
        "DET": 0.9307692307692308,
        "NOUN": 0.7962184873949579,
        "NUM": 0.7058823529411765,
        "PRON": 0.9427083333333334,
        "PRT": 0.8596491228070176,
        "VERB": 0.8635097493036211,
        "X": 0.8268156424581006,
        "<pad>": 0
    },
    "validation_loss": 0.5516458749771118,
    "epoch_num": 28
}