{
    "train_accuracy": 0.8347659980897804,
    "train_accuracy_per_label": {
        ".": 0.9534090909090909,
        "ADJ": 0.31547619047619047,
        "ADP": 0.829981718464351,
        "ADV": 0.5126903553299492,
        "CONJ": 0.5962732919254659,
        "DET": 0.9435294117647058,
        "NOUN": 0.8994047619047619,
        "NUM": 0.46099290780141844,
        "PRON": 0.9116766467065869,
        "PRT": 0.7815533980582524,
        "VERB": 0.8943894389438944,
        "X": 0.8689248895434463,
        "<pad>": 0
    },
    "train_loss": 0.7078721523284912,
    "validation_accuracy": 0.7958989031950405,
    "validation_accuracy_per_label": {
        ".": 0.9477911646586346,
        "ADJ": 0.23232323232323232,
        "ADP": 0.8675496688741722,
        "ADV": 0.5193798449612403,
        "CONJ": 0.6190476190476191,
        "DET": 0.9076923076923077,
        "NOUN": 0.8298319327731093,
        "NUM": 0.4117647058823529,
        "PRON": 0.875,
        "PRT": 0.8070175438596491,
        "VERB": 0.8384401114206128,
        "X": 0.8044692737430168,
        "<pad>": 0
    },
    "validation_loss": 0.8057354688644409,
    "epoch_num": 17
}