{
    "train_accuracy": 0.35393641697366623,
    "train_accuracy_per_label": {
        ".": 0.2125,
        "ADJ": 0.0,
        "ADP": 0.0,
        "ADV": 0.0,
        "CONJ": 0.0,
        "DET": 0.0,
        "NOUN": 0.9321428571428572,
        "NUM": 0.0,
        "PRON": 0.16167664670658682,
        "PRT": 0.0,
        "VERB": 0.5693069306930693,
        "X": 0.06332842415316642,
        "<pad>": 0
    },
    "train_loss": 1.9949034452438354,
    "validation_accuracy": 0.38149737720553173,
    "validation_accuracy_per_label": {
        ".": 0.2570281124497992,
        "ADJ": 0.0,
        "ADP": 0.0,
        "ADV": 0.0,
        "CONJ": 0.0,
        "DET": 0.0,
        "NOUN": 0.9243697478991597,
        "NUM": 0.0,
        "PRON": 0.3229166666666667,
        "PRT": 0.0,
        "VERB": 0.6100278551532033,
        "X": 0.08379888268156424,
        "<pad>": 0
    },
    "validation_loss": 1.9475657939910889,
    "epoch_num": 4
}