{
    "train_accuracy": 0.46513849092645654,
    "train_accuracy_per_label": {
        ".": 0.5704545454545454,
        "ADJ": 0.0,
        "ADP": 0.009140767824497258,
        "ADV": 0.0,
        "CONJ": 0.0,
        "DET": 0.011764705882352941,
        "NOUN": 0.9071428571428571,
        "NUM": 0.0,
        "PRON": 0.5239520958083832,
        "PRT": 0.0,
        "VERB": 0.665016501650165,
        "X": 0.31958762886597936,
        "<pad>": 0
    },
    "train_loss": 1.758175015449524,
    "validation_accuracy": 0.49642346208869814,
    "validation_accuracy_per_label": {
        ".": 0.751004016064257,
        "ADJ": 0.0,
        "ADP": 0.026490066225165563,
        "ADV": 0.0,
        "CONJ": 0.0,
        "DET": 0.09230769230769231,
        "NOUN": 0.8739495798319328,
        "NUM": 0.0,
        "PRON": 0.5729166666666666,
        "PRT": 0.0,
        "VERB": 0.6824512534818942,
        "X": 0.3743016759776536,
        "<pad>": 0
    },
    "validation_loss": 1.7192000150680542,
    "epoch_num": 6
}