{
    "train_accuracy": 0.7815527357074635,
    "train_accuracy_per_label": {
        ".": 0.9511363636363637,
        "ADJ": 0.14285714285714285,
        "ADP": 0.8043875685557587,
        "ADV": 0.2131979695431472,
        "CONJ": 0.2484472049689441,
        "DET": 0.9294117647058824,
        "NOUN": 0.8886904761904761,
        "NUM": 0.2695035460992908,
        "PRON": 0.8727544910179641,
        "PRT": 0.5825242718446602,
        "VERB": 0.8828382838283828,
        "X": 0.8541973490427098,
        "<pad>": 0
    },
    "train_loss": 0.8384929299354553,
    "validation_accuracy": 0.7567954220314735,
    "validation_accuracy_per_label": {
        ".": 0.9437751004016064,
        "ADJ": 0.13131313131313133,
        "ADP": 0.8278145695364238,
        "ADV": 0.23255813953488372,
        "CONJ": 0.40476190476190477,
        "DET": 0.9,
        "NOUN": 0.8277310924369747,
        "NUM": 0.2647058823529412,
        "PRON": 0.8645833333333334,
        "PRT": 0.7543859649122807,
        "VERB": 0.8272980501392758,
        "X": 0.7877094972067039,
        "<pad>": 0
    },
    "validation_loss": 0.9104897379875183,
    "epoch_num": 15
}