{
    "train_accuracy": 0.9443307408923455,
    "train_accuracy_per_label": {
        ".": 0.9590909090909091,
        "ADJ": 0.8630952380952381,
        "ADP": 0.9159049360146252,
        "ADV": 0.8934010152284264,
        "CONJ": 0.9192546583850931,
        "DET": 0.971764705882353,
        "NOUN": 0.9535714285714286,
        "NUM": 0.8581560283687943,
        "PRON": 0.9775449101796407,
        "PRT": 0.9368932038834952,
        "VERB": 0.9661716171617162,
        "X": 0.9322533136966127,
        "<pad>": 0
    },
    "train_loss": 0.23776984214782715,
    "validation_accuracy": 0.8478779208392943,
    "validation_accuracy_per_label": {
        ".": 0.9518072289156626,
        "ADJ": 0.5858585858585859,
        "ADP": 0.9139072847682119,
        "ADV": 0.7209302325581395,
        "CONJ": 0.9285714285714286,
        "DET": 0.9230769230769231,
        "NOUN": 0.7962184873949579,
        "NUM": 0.7647058823529411,
        "PRON": 0.9479166666666666,
        "PRT": 0.8596491228070176,
        "VERB": 0.8607242339832869,
        "X": 0.8268156424581006,
        "<pad>": 0
    },
    "validation_loss": 0.5123616456985474,
    "epoch_num": 36
}