{
    "train_accuracy": 0.5891663255560103,
    "train_accuracy_per_label": {
        ".": 0.9068181818181819,
        "ADJ": 0.0,
        "ADP": 0.24862888482632542,
        "ADV": 0.0,
        "CONJ": 0.0,
        "DET": 0.39294117647058824,
        "NOUN": 0.8744047619047619,
        "NUM": 0.0,
        "PRON": 0.625748502994012,
        "PRT": 0.0,
        "VERB": 0.7475247524752475,
        "X": 0.6244477172312224,
        "<pad>": 0
    },
    "train_loss": 1.5105682611465454,
    "validation_accuracy": 0.5913209346685742,
    "validation_accuracy_per_label": {
        ".": 0.9116465863453815,
        "ADJ": 0.0,
        "ADP": 0.32450331125827814,
        "ADV": 0.0,
        "CONJ": 0.0,
        "DET": 0.4307692307692308,
        "NOUN": 0.8445378151260504,
        "NUM": 0.0,
        "PRON": 0.6510416666666666,
        "PRT": 0.0,
        "VERB": 0.7520891364902507,
        "X": 0.6201117318435754,
        "<pad>": 0
    },
    "validation_loss": 1.4909553527832031,
    "epoch_num": 8
}