{
    "train_accuracy": 0.7044617273843635,
    "train_accuracy_per_label": {
        ".": 0.946590909090909,
        "ADJ": 0.0,
        "ADP": 0.7294332723948812,
        "ADV": 0.0,
        "CONJ": 0.0,
        "DET": 0.8564705882352941,
        "NOUN": 0.8779761904761905,
        "NUM": 0.0,
        "PRON": 0.7919161676646707,
        "PRT": 0.0,
        "VERB": 0.8391089108910891,
        "X": 0.8041237113402062,
        "<pad>": 0
    },
    "train_loss": 1.0808086395263672,
    "validation_accuracy": 0.6809728183118741,
    "validation_accuracy_per_label": {
        ".": 0.9437751004016064,
        "ADJ": 0.010101010101010102,
        "ADP": 0.7748344370860927,
        "ADV": 0.0,
        "CONJ": 0.0,
        "DET": 0.8461538461538461,
        "NOUN": 0.8235294117647058,
        "NUM": 0.0,
        "PRON": 0.78125,
        "PRT": 0.0,
        "VERB": 0.7966573816155988,
        "X": 0.7653631284916201,
        "<pad>": 0
    },
    "validation_loss": 1.114200234413147,
    "epoch_num": 12
}