{
    "train_accuracy": 0.5332241779233183,
    "train_accuracy_per_label": {
        ".": 0.8125,
        "ADJ": 0.0,
        "ADP": 0.09506398537477148,
        "ADV": 0.0,
        "CONJ": 0.0,
        "DET": 0.14588235294117646,
        "NOUN": 0.8892857142857142,
        "NUM": 0.0,
        "PRON": 0.5718562874251497,
        "PRT": 0.0,
        "VERB": 0.7103960396039604,
        "X": 0.5036818851251841,
        "<pad>": 0
    },
    "train_loss": 1.6337735652923584,
    "validation_accuracy": 0.5445875059608966,
    "validation_accuracy_per_label": {
        ".": 0.8875502008032129,
        "ADJ": 0.0,
        "ADP": 0.12582781456953643,
        "ADV": 0.0,
        "CONJ": 0.0,
        "DET": 0.27692307692307694,
        "NOUN": 0.8613445378151261,
        "NUM": 0.0,
        "PRON": 0.59375,
        "PRT": 0.0,
        "VERB": 0.7186629526462396,
        "X": 0.4692737430167598,
        "<pad>": 0
    },
    "validation_loss": 1.6032427549362183,
    "epoch_num": 7
}