{
    "train_accuracy": 0.8893437030972847,
    "train_accuracy_per_label": {
        ".": 0.9545454545454546,
        "ADJ": 0.5773809523809523,
        "ADP": 0.8720292504570384,
        "ADV": 0.7868020304568528,
        "CONJ": 0.8136645962732919,
        "DET": 0.9552941176470588,
        "NOUN": 0.9184523809523809,
        "NUM": 0.6382978723404256,
        "PRON": 0.9491017964071856,
        "PRT": 0.8543689320388349,
        "VERB": 0.9158415841584159,
        "X": 0.8939617083946981,
        "<pad>": 0
    },
    "train_loss": 0.5163479447364807,
    "validation_accuracy": 0.8302336671435384,
    "validation_accuracy_per_label": {
        ".": 0.9477911646586346,
        "ADJ": 0.3939393939393939,
        "ADP": 0.8940397350993378,
        "ADV": 0.6434108527131783,
        "CONJ": 0.8333333333333334,
        "DET": 0.9307692307692308,
        "NOUN": 0.819327731092437,
        "NUM": 0.5882352941176471,
        "PRON": 0.9322916666666666,
        "PRT": 0.8596491228070176,
        "VERB": 0.8551532033426184,
        "X": 0.8212290502793296,
        "<pad>": 0
    },
    "validation_loss": 0.6635867953300476,
    "epoch_num": 21
}