{
    "train_accuracy": 0.936007640878701,
    "train_accuracy_per_label": {
        ".": 0.9579545454545455,
        "ADJ": 0.8333333333333334,
        "ADP": 0.9122486288848263,
        "ADV": 0.8781725888324873,
        "CONJ": 0.9130434782608695,
        "DET": 0.9694117647058823,
        "NOUN": 0.9482142857142857,
        "NUM": 0.8156028368794326,
        "PRON": 0.9670658682634731,
        "PRT": 0.912621359223301,
        "VERB": 0.9612211221122112,
        "X": 0.9219440353460973,
        "<pad>": 0
    },
    "train_loss": 0.2792581617832184,
    "validation_accuracy": 0.8469241773962805,
    "validation_accuracy_per_label": {
        ".": 0.9518072289156626,
        "ADJ": 0.5858585858585859,
        "ADP": 0.9139072847682119,
        "ADV": 0.7054263565891473,
        "CONJ": 0.9285714285714286,
        "DET": 0.9307692307692308,
        "NOUN": 0.792016806722689,
        "NUM": 0.7352941176470589,
        "PRON": 0.9427083333333334,
        "PRT": 0.8596491228070176,
        "VERB": 0.8635097493036211,
        "X": 0.8379888268156425,
        "<pad>": 0
    },
    "validation_loss": 0.5256205797195435,
    "epoch_num": 32
}