{
    "train_accuracy": 0.9128121162505116,
    "train_accuracy_per_label": {
        ".": 0.9545454545454546,
        "ADJ": 0.7232142857142857,
        "ADP": 0.8903107861060329,
        "ADV": 0.8527918781725888,
        "CONJ": 0.9130434782608695,
        "DET": 0.9647058823529412,
        "NOUN": 0.925,
        "NUM": 0.75177304964539,
        "PRON": 0.9610778443113772,
        "PRT": 0.8592233009708737,
        "VERB": 0.9364686468646864,
        "X": 0.9027982326951399,
        "<pad>": 0
    },
    "train_loss": 0.39690420031547546,
    "validation_accuracy": 0.837863614687649,
    "validation_accuracy_per_label": {
        ".": 0.9477911646586346,
        "ADJ": 0.47474747474747475,
        "ADP": 0.9072847682119205,
        "ADV": 0.6511627906976745,
        "CONJ": 0.9285714285714286,
        "DET": 0.9307692307692308,
        "NOUN": 0.8067226890756303,
        "NUM": 0.7058823529411765,
        "PRON": 0.9427083333333334,
        "PRT": 0.8596491228070176,
        "VERB": 0.8579387186629527,
        "X": 0.8212290502793296,
        "<pad>": 0
    },
    "validation_loss": 0.5853190422058105,
    "epoch_num": 25
}