{
    "train_accuracy": 0.6717151043798608,
    "train_accuracy_per_label": {
        ".": 0.9409090909090909,
        "ADJ": 0.0,
        "ADP": 0.5795246800731262,
        "ADV": 0.0,
        "CONJ": 0.0,
        "DET": 0.7505882352941177,
        "NOUN": 0.8708333333333333,
        "NUM": 0.0,
        "PRON": 0.7604790419161677,
        "PRT": 0.0,
        "VERB": 0.7986798679867987,
        "X": 0.7658321060382917,
        "<pad>": 0
    },
    "train_loss": 1.2801754474639893,
    "validation_accuracy": 0.6518836432999523,
    "validation_accuracy_per_label": {
        ".": 0.9397590361445783,
        "ADJ": 0.0,
        "ADP": 0.6357615894039735,
        "ADV": 0.0,
        "CONJ": 0.0,
        "DET": 0.7307692307692307,
        "NOUN": 0.8235294117647058,
        "NUM": 0.0,
        "PRON": 0.7395833333333334,
        "PRT": 0.0,
        "VERB": 0.7771587743732591,
        "X": 0.7206703910614525,
        "<pad>": 0
    },
    "validation_loss": 1.2865257263183594,
    "epoch_num": 10
}