{
    "train_accuracy": 0.9290489834902442,
    "train_accuracy_per_label": {
        ".": 0.9568181818181818,
        "ADJ": 0.8065476190476191,
        "ADP": 0.9122486288848263,
        "ADV": 0.8781725888324873,
        "CONJ": 0.9130434782608695,
        "DET": 0.9694117647058823,
        "NOUN": 0.9375,
        "NUM": 0.8156028368794326,
        "PRON": 0.9625748502994012,
        "PRT": 0.8737864077669902,
        "VERB": 0.9554455445544554,
        "X": 0.914580265095729,
        "<pad>": 0
    },
    "train_loss": 0.30544552206993103,
    "validation_accuracy": 0.8454935622317596,
    "validation_accuracy_per_label": {
        ".": 0.9558232931726908,
        "ADJ": 0.5555555555555556,
        "ADP": 0.9139072847682119,
        "ADV": 0.6976744186046512,
        "CONJ": 0.9285714285714286,
        "DET": 0.9307692307692308,
        "NOUN": 0.7899159663865546,
        "NUM": 0.7647058823529411,
        "PRON": 0.9427083333333334,
        "PRT": 0.8596491228070176,
        "VERB": 0.8662952646239555,
        "X": 0.8324022346368715,
        "<pad>": 0
    },
    "validation_loss": 0.5365777611732483,
    "epoch_num": 30
}