{
    "train_accuracy": 0.6938190749079001,
    "train_accuracy_per_label": {
        ".": 0.946590909090909,
        "ADJ": 0.0,
        "ADP": 0.6855575868372943,
        "ADV": 0.0,
        "CONJ": 0.0,
        "DET": 0.8282352941176471,
        "NOUN": 0.875,
        "NUM": 0.0,
        "PRON": 0.781437125748503,
        "PRT": 0.0,
        "VERB": 0.8226072607260726,
        "X": 0.7893961708394698,
        "<pad>": 0
    },
    "train_loss": 1.1762938499450684,
    "validation_accuracy": 0.6723891273247496,
    "validation_accuracy_per_label": {
        ".": 0.9437751004016064,
        "ADJ": 0.0,
        "ADP": 0.7284768211920529,
        "ADV": 0.0,
        "CONJ": 0.0,
        "DET": 0.8307692307692308,
        "NOUN": 0.8298319327731093,
        "NUM": 0.0,
        "PRON": 0.7604166666666666,
        "PRT": 0.0,
        "VERB": 0.7799442896935933,
        "X": 0.7597765363128491,
        "<pad>": 0
    },
    "validation_loss": 1.1962741613388062,
    "epoch_num": 11
}