{
    "train_accuracy": 0.8552084536320591,
    "train_accuracy_per_label": {
        "B-company": 0.373134328358209,
        "B-facility": 0.05263157894736842,
        "B-geo-loc": 0.06532663316582915,
        "B-movie": 0.0,
        "B-musicartist": 0.023809523809523808,
        "B-other": 0.018518518518518517,
        "B-person": 0.0058997050147492625,
        "B-product": 0.05128205128205128,
        "B-sportsteam": 0.0,
        "B-tvshow": 0.0,
        "I-company": 0.0,
        "I-facility": 0.0,
        "I-geo-loc": 0.02857142857142857,
        "I-movie": 0.0,
        "I-musicartist": 0.021739130434782608,
        "I-other": 0.012552301255230125,
        "I-person": 0.0915032679738562,
        "I-product": 0.0,
        "I-sportsteam": 0.0,
        "I-tvshow": 0.0,
        "O": 0.9000975550271325,
        "<pad>": 0
    },
    "train_loss": 0.9762106537818909,
    "validation_accuracy": 0.9021606551664053,
    "validation_accuracy_per_label": {
        "B-company": 0.25,
        "B-facility": 0.0,
        "B-geo-loc": 0.07792207792207792,
        "B-movie": 0.0,
        "B-musicartist": 0.0,
        "B-other": 0.0,
        "B-person": 0.0,
        "B-product": 0.0,
        "B-sportsteam": 0.0,
        "B-tvshow": 0.0,
        "I-company": 0.0,
        "I-facility": 0.0,
        "I-geo-loc": 0.07142857142857142,
        "I-movie": 0.0,
        "I-musicartist": 0.06666666666666667,
        "I-other": 0.0,
        "I-person": 0.0,
        "I-product": 0.0,
        "I-sportsteam": 0.0,
        "I-tvshow": 0.0,
        "O": 0.952196739430782,
        "<pad>": 0
    },
    "validation_loss": 0.7767533659934998,
    "epoch_num": 5
}