{
    "train_accuracy": 0.20025407090888092,
    "train_accuracy_per_label": {
        "B-company": 0.208955223880597,
        "B-facility": 0.09210526315789473,
        "B-geo-loc": 0.06030150753768844,
        "B-movie": 0.0,
        "B-musicartist": 0.0,
        "B-other": 0.037037037037037035,
        "B-person": 0.04424778761061947,
        "B-product": 0.038461538461538464,
        "B-sportsteam": 0.025,
        "B-tvshow": 0.08695652173913043,
        "I-company": 0.0,
        "I-facility": 0.013333333333333334,
        "I-geo-loc": 0.11428571428571428,
        "I-movie": 0.02857142857142857,
        "I-musicartist": 0.13043478260869565,
        "I-other": 0.10460251046025104,
        "I-person": 0.0392156862745098,
        "I-product": 0.015625,
        "I-sportsteam": 0.0,
        "I-tvshow": 0.0,
        "O": 0.2078531796841656,
        "<pad>": 0
    },
    "train_loss": 2.9213931560516357,
    "validation_accuracy": 0.3765464366614393,
    "validation_accuracy_per_label": {
        "B-company": 0.16666666666666666,
        "B-facility": 0.07142857142857142,
        "B-geo-loc": 0.03896103896103896,
        "B-movie": 0.0,
        "B-musicartist": 0.0,
        "B-other": 0.0,
        "B-person": 0.0,
        "B-product": 0.0,
        "B-sportsteam": 0.0,
        "B-tvshow": 0.0,
        "I-company": 0.0,
        "I-facility": 0.0,
        "I-geo-loc": 0.0,
        "I-movie": 0.0,
        "I-musicartist": 0.2,
        "I-other": 0.09876543209876543,
        "I-person": 0.0,
        "I-product": 0.0625,
        "I-sportsteam": 0.0,
        "I-tvshow": 0.0,
        "O": 0.3959657363912683,
        "<pad>": 0
    },
    "validation_loss": 2.615492343902588,
    "epoch_num": 0
}