{
  "best_epoch": 23,
  "peak_worker_0_memory_MB": 418.625,
  "training_duration": "0:04:22.391940",
  "training_start_epoch": 0,
  "training_epochs": 28,
  "epoch": 28,
  "training_accuracy": 0.9791595099049583,
  "training_accuracy3": 0.9907534638726669,
  "training_loss": 0.10828710772227823,
  "training_worker_0_memory_MB": 418.625,
  "validation_accuracy": 0.952674005374014,
  "validation_accuracy3": 0.9687093698535147,
  "validation_loss": 0.3442882213153337,
  "best_validation_accuracy": 0.9524139724365086,
  "best_validation_accuracy3": 0.9684493369160093,
  "best_validation_loss": 0.342841080144832
}