{
  "best_epoch": 6,
  "peak_worker_0_memory_MB": 418.3359375,
  "training_duration": "0:01:01.760656",
  "training_start_epoch": 0,
  "training_epochs": 6,
  "epoch": 6,
  "training_accuracy": 0.9535096759418299,
  "training_accuracy3": 0.9712298179319822,
  "training_loss": 0.2821362494376668,
  "training_worker_0_memory_MB": 418.3359375,
  "validation_accuracy": 0.9479934124989166,
  "validation_accuracy3": 0.9670624945826471,
  "validation_loss": 0.3854880027080837,
  "best_validation_accuracy": 0.9479934124989166,
  "best_validation_accuracy3": 0.9670624945826471,
  "best_validation_loss": 0.3854880027080837
}