{
<<<<<<< HEAD
    "train_accuracy": 0.9215844785772029,
    "train_accuracy_per_label": {
        "B-company": 0.5,
        "B-facility": 0.05263157894736842,
        "B-geo-loc": 0.20603015075376885,
        "B-movie": 0.0,
        "B-musicartist": 0.09523809523809523,
        "B-other": 0.037037037037037035,
        "B-person": 0.30678466076696165,
        "B-product": 0.1794871794871795,
        "B-sportsteam": 0.0,
        "B-tvshow": 0.043478260869565216,
        "I-company": 0.0,
        "I-facility": 0.14666666666666667,
        "I-geo-loc": 0.14285714285714285,
        "I-movie": 0.0,
        "I-musicartist": 0.0,
        "I-other": 0.0502092050209205,
        "I-person": 0.2549019607843137,
        "I-product": 0.0,
        "I-sportsteam": 0.0,
        "I-tvshow": 0.0,
        "O": 0.9637217242851046,
        "<pad>": 0
    },
    "train_loss": 0.4626014232635498,
    "validation_accuracy": 0.9355288377766161,
    "validation_accuracy_per_label": {
        "B-company": 0.25,
        "B-facility": 0.0,
        "B-geo-loc": 0.09090909090909091,
        "B-movie": 0.0,
        "B-musicartist": 0.0,
        "B-other": 0.015873015873015872,
        "B-person": 0.24074074074074073,
        "B-product": 0.15789473684210525,
        "B-sportsteam": 0.0,
        "B-tvshow": 0.0,
        "I-company": 0.0,
        "I-facility": 0.13793103448275862,
        "I-geo-loc": 0.07142857142857142,
        "I-movie": 0.0,
        "I-musicartist": 0.0,
        "I-other": 0.012345679012345678,
        "I-person": 0.11475409836065574,
        "I-product": 0.0,
        "I-sportsteam": 0.0,
        "I-tvshow": 0.0,
        "O": 0.9836050474348347,
        "<pad>": 0
    },
    "validation_loss": 0.42611292004585266,
    "epoch_num": 12
=======
  "best_epoch": 10,
  "peak_worker_0_memory_MB": 2455.0078125,
  "peak_gpu_0_memory_MB": 0,
  "training_duration": "0:00:14.095556",
  "training_start_epoch": 0,
  "training_epochs": 12,
  "epoch": 12,
  "training_accuracy": 0.9606378106034581,
  "training_accuracy3": 0.976153669987404,
  "training_loss": 0.20026731569516032,
  "training_worker_0_memory_MB": 2455.0078125,
  "training_gpu_0_memory_MB": 0.0,
  "validation_accuracy": 0.9505070642281356,
  "validation_accuracy3": 0.9665424287076363,
  "validation_loss": 0.3575928791573173,
  "best_validation_accuracy": 0.949553610123949,
  "best_validation_accuracy3": 0.966369073415966,
  "best_validation_loss": 0.355885837423174
>>>>>>> d836ce1692fa664e81db2dece590eb0f684bcec4
}