{
  "best_epoch": 1,
  "peak_worker_0_memory_MB": 407.78515625,
  "training_duration": "0:00:17.934329",
  "training_start_epoch": 0,
  "training_epochs": 1,
  "epoch": 1,
  "training_accuracy": 0.9483568075117371,
  "training_accuracy3": 0.9594068475896027,
  "training_loss": 1.7264871450892665,
  "training_worker_0_memory_MB": 407.78515625,
  "validation_accuracy": 0.9471266360405651,
  "validation_accuracy3": 0.960735026436682,
  "validation_loss": 1.137319897350512,
  "best_validation_accuracy": 0.9471266360405651,
  "best_validation_accuracy3": 0.960735026436682,
  "best_validation_loss": 1.137319897350512
}