{
  "best_epoch": 22,
  "peak_worker_0_memory_MB": 2458.52734375,
  "peak_gpu_0_memory_MB": 0,
  "training_duration": "0:00:30.592977",
  "training_start_epoch": 0,
  "training_epochs": 29,
  "epoch": 29,
  "training_accuracy": 0.979560288560632,
  "training_accuracy3": 0.99129737776251,
  "training_loss": 0.10390640027298216,
  "training_worker_0_memory_MB": 2458.52734375,
  "training_gpu_0_memory_MB": 0.0,
  "validation_accuracy": 0.952674005374014,
  "validation_accuracy3": 0.9681026263326689,
  "validation_loss": 0.34594073813212545,
  "best_validation_accuracy": 0.9524139724365086,
  "best_validation_accuracy3": 0.9683626592701742,
  "best_validation_loss": 0.34175575485354975
}