{
  "best_epoch": 8,
  "peak_worker_0_memory_MB": 418.57421875,
  "training_duration": "0:01:19.006958",
  "training_start_epoch": 0,
  "training_epochs": 8,
  "epoch": 8,
  "training_accuracy": 0.9549696553303562,
  "training_accuracy3": 0.9738921332875301,
  "training_loss": 0.2382648568927196,
  "training_worker_0_memory_MB": 418.57421875,
  "validation_accuracy": 0.948253445436422,
  "validation_accuracy3": 0.9678425933951634,
  "validation_loss": 0.36622558926281173,
  "best_validation_accuracy": 0.948253445436422,
  "best_validation_accuracy3": 0.9678425933951634,
  "best_validation_loss": 0.36622558926281173
}