{
  "best_epoch": 23,
  "peak_worker_0_memory_MB": 418.625,
  "training_duration": "0:03:35.595412",
  "training_start_epoch": 0,
  "training_epochs": 23,
  "epoch": 23,
  "training_accuracy": 0.9752089774418871,
  "training_accuracy3": 0.9866884232222604,
  "training_loss": 0.13268895329613434,
  "training_worker_0_memory_MB": 418.625,
  "validation_accuracy": 0.9524139724365086,
  "validation_accuracy3": 0.9684493369160093,
  "validation_loss": 0.342841080144832,
  "best_validation_accuracy": 0.9524139724365086,
  "best_validation_accuracy3": 0.9684493369160093,
  "best_validation_loss": 0.342841080144832
}