{
<<<<<<< HEAD
    "train_accuracy": 0.9383589329021828,
    "train_accuracy_per_label": {
        "B-company": 0.6492537313432836,
        "B-facility": 0.09210526315789473,
        "B-geo-loc": 0.41708542713567837,
        "B-movie": 0.0,
        "B-musicartist": 0.21428571428571427,
        "B-other": 0.09876543209876543,
        "B-person": 0.4837758112094395,
        "B-product": 0.2948717948717949,
        "B-sportsteam": 0.025,
        "B-tvshow": 0.08695652173913043,
        "I-company": 0.0,
        "I-facility": 0.17333333333333334,
        "I-geo-loc": 0.14285714285714285,
        "I-movie": 0.0,
        "I-musicartist": 0.0,
        "I-other": 0.058577405857740586,
        "I-person": 0.39215686274509803,
        "I-product": 0.0,
        "I-sportsteam": 0.0,
        "I-tvshow": 0.0,
        "O": 0.9760685324065606,
        "<pad>": 0
    },
    "train_loss": 0.35381799936294556,
    "validation_accuracy": 0.9417145844223732,
    "validation_accuracy_per_label": {
        "B-company": 0.3611111111111111,
        "B-facility": 0.0,
        "B-geo-loc": 0.16883116883116883,
        "B-movie": 0.0,
        "B-musicartist": 0.07692307692307693,
        "B-other": 0.06349206349206349,
        "B-person": 0.2962962962962963,
        "B-product": 0.21052631578947367,
        "B-sportsteam": 0.0,
        "B-tvshow": 0.0,
        "I-company": 0.0,
        "I-facility": 0.13793103448275862,
        "I-geo-loc": 0.07142857142857142,
        "I-movie": 0.0,
        "I-musicartist": 0.0,
        "I-other": 0.012345679012345678,
        "I-person": 0.11475409836065574,
        "I-product": 0.0,
        "I-sportsteam": 0.0,
        "I-tvshow": 0.0,
        "O": 0.9882103711890946,
        "<pad>": 0
    },
    "validation_loss": 0.36934182047843933,
    "epoch_num": 16
=======
  "best_epoch": 16,
  "peak_worker_0_memory_MB": 2458.4921875,
  "peak_gpu_0_memory_MB": 0,
  "training_duration": "0:00:18.012430",
  "training_start_epoch": 0,
  "training_epochs": 16,
  "epoch": 16,
  "training_accuracy": 0.9654185274247109,
  "training_accuracy3": 0.9807912515744875,
  "training_loss": 0.1724081432871651,
  "training_worker_0_memory_MB": 2458.4921875,
  "training_gpu_0_memory_MB": 0.0,
  "validation_accuracy": 0.9518939065614977,
  "validation_accuracy3": 0.9674092051659877,
  "validation_loss": 0.34414128410188777,
  "best_validation_accuracy": 0.9518939065614977,
  "best_validation_accuracy3": 0.9674092051659877,
  "best_validation_loss": 0.34414128410188777
>>>>>>> d836ce1692fa664e81db2dece590eb0f684bcec4
}