{
  "best_epoch": 18,
  "peak_worker_0_memory_MB": 418.59765625,
  "training_duration": "0:02:51.330082",
  "training_start_epoch": 0,
  "training_epochs": 18,
  "epoch": 18,
  "training_accuracy": 0.968624756670102,
  "training_accuracy3": 0.9833104316958663,
  "training_loss": 0.16152451370368925,
  "training_worker_0_memory_MB": 418.59765625,
  "validation_accuracy": 0.9518072289156626,
  "validation_accuracy3": 0.9687093698535147,
  "validation_loss": 0.3449589963022031,
  "best_validation_accuracy": 0.9518072289156626,
  "best_validation_accuracy3": 0.9687093698535147,
  "best_validation_loss": 0.3449589963022031
}