{
  "best_epoch": 1,
  "peak_worker_0_memory_MB": 2454.84375,
  "peak_gpu_0_memory_MB": 0,
  "training_duration": "0:00:03.447384",
  "training_start_epoch": 0,
  "training_epochs": 1,
  "epoch": 1,
  "training_accuracy": 0.9484140616054048,
  "training_accuracy3": 0.9597503721516089,
  "training_loss": 1.7292013534328394,
  "training_worker_0_memory_MB": 2454.84375,
  "training_gpu_0_memory_MB": 0.0,
  "validation_accuracy": 0.94703995839473,
  "validation_accuracy3": 0.9608217040825171,
  "validation_loss": 1.1410711407661438,
  "best_validation_accuracy": 0.94703995839473,
  "best_validation_accuracy3": 0.9608217040825171,
  "best_validation_loss": 1.1410711407661438
}