{
<<<<<<< HEAD
    "train_accuracy": 0.8210243677098972,
    "train_accuracy_per_label": {
        "B-company": 0.31343283582089554,
        "B-facility": 0.05263157894736842,
        "B-geo-loc": 0.035175879396984924,
        "B-movie": 0.0,
        "B-musicartist": 0.023809523809523808,
        "B-other": 0.018518518518518517,
        "B-person": 0.0029498525073746312,
        "B-product": 0.05128205128205128,
        "B-sportsteam": 0.05,
        "B-tvshow": 0.0,
        "I-company": 0.0,
        "I-facility": 0.0,
        "I-geo-loc": 0.0,
        "I-movie": 0.0,
        "I-musicartist": 0.043478260869565216,
        "I-other": 0.008368200836820083,
        "I-person": 0.0392156862745098,
        "I-product": 0.0,
        "I-sportsteam": 0.0,
        "I-tvshow": 0.0,
        "O": 0.8646728857996464,
        "<pad>": 0
    },
    "train_loss": 1.1759064197540283,
    "validation_accuracy": 0.8887436835685659,
    "validation_accuracy_per_label": {
        "B-company": 0.25,
        "B-facility": 0.0,
        "B-geo-loc": 0.012987012987012988,
        "B-movie": 0.0,
        "B-musicartist": 0.0,
        "B-other": 0.0,
        "B-person": 0.0,
        "B-product": 0.0,
        "B-sportsteam": 0.0,
        "B-tvshow": 0.0,
        "I-company": 0.0,
        "I-facility": 0.0,
        "I-geo-loc": 0.0,
        "I-movie": 0.0,
        "I-musicartist": 0.06666666666666667,
        "I-other": 0.0,
        "I-person": 0.0,
        "I-product": 0.0,
        "I-sportsteam": 0.0,
        "I-tvshow": 0.0,
        "O": 0.9385649811181727,
        "<pad>": 0
    },
    "validation_loss": 0.9354286193847656,
    "epoch_num": 4
=======
  "best_epoch": 4,
  "peak_worker_0_memory_MB": 2454.93359375,
  "peak_gpu_0_memory_MB": 0,
  "training_duration": "0:00:06.328694",
  "training_start_epoch": 0,
  "training_epochs": 4,
  "epoch": 4,
  "training_accuracy": 0.952164204740639,
  "training_accuracy3": 0.9685388755296004,
  "training_loss": 0.37839124547807795,
  "training_worker_0_memory_MB": 2454.93359375,
  "training_gpu_0_memory_MB": 0.0,
  "validation_accuracy": 0.947646701915576,
  "validation_accuracy3": 0.9647221981450984,
  "validation_loss": 0.44066963227171646,
  "best_validation_accuracy": 0.947646701915576,
  "best_validation_accuracy3": 0.9647221981450984,
  "best_validation_loss": 0.44066963227171646
>>>>>>> d836ce1692fa664e81db2dece590eb0f684bcec4
}