{
    "train_accuracy": 0.55147823074258,
    "train_accuracy_per_label": {
        "B-company": 0.22388059701492538,
        "B-facility": 0.05263157894736842,
        "B-geo-loc": 0.03015075376884422,
        "B-movie": 0.0,
        "B-musicartist": 0.0,
        "B-other": 0.024691358024691357,
        "B-person": 0.02064896755162242,
        "B-product": 0.01282051282051282,
        "B-sportsteam": 0.025,
        "B-tvshow": 0.043478260869565216,
        "I-company": 0.0,
        "I-facility": 0.013333333333333334,
        "I-geo-loc": 0.02857142857142857,
        "I-movie": 0.02857142857142857,
        "I-musicartist": 0.08695652173913043,
        "I-other": 0.06276150627615062,
        "I-person": 0.032679738562091505,
        "I-product": 0.015625,
        "I-sportsteam": 0.0,
        "I-tvshow": 0.0,
        "O": 0.57981220657277,
        "<pad>": 0
    },
    "train_loss": 2.4164175987243652,
    "validation_accuracy": 0.725474821397456,
    "validation_accuracy_per_label": {
        "B-company": 0.16666666666666666,
        "B-facility": 0.07142857142857142,
        "B-geo-loc": 0.025974025974025976,
        "B-movie": 0.0,
        "B-musicartist": 0.0,
        "B-other": 0.0,
        "B-person": 0.0,
        "B-product": 0.0,
        "B-sportsteam": 0.0,
        "B-tvshow": 0.0,
        "I-company": 0.0,
        "I-facility": 0.0,
        "I-geo-loc": 0.0,
        "I-movie": 0.0,
        "I-musicartist": 0.06666666666666667,
        "I-other": 0.0,
        "I-person": 0.0,
        "I-product": 0.0625,
        "I-sportsteam": 0.0,
        "I-tvshow": 0.0,
        "O": 0.7658653403334255,
        "<pad>": 0
    },
    "validation_loss": 2.0707170963287354,
    "epoch_num": 1
}