{
<<<<<<< HEAD
    "train_accuracy": 0.9165608037879662,
    "train_accuracy_per_label": {
        "B-company": 0.48507462686567165,
        "B-facility": 0.05263157894736842,
        "B-geo-loc": 0.17587939698492464,
        "B-movie": 0.0,
        "B-musicartist": 0.07142857142857142,
        "B-other": 0.037037037037037035,
        "B-person": 0.26843657817109146,
        "B-product": 0.1794871794871795,
        "B-sportsteam": 0.0,
        "B-tvshow": 0.043478260869565216,
        "I-company": 0.0,
        "I-facility": 0.13333333333333333,
        "I-geo-loc": 0.11428571428571428,
        "I-movie": 0.0,
        "I-musicartist": 0.0,
        "I-other": 0.0502092050209205,
        "I-person": 0.2549019607843137,
        "I-product": 0.0,
        "I-sportsteam": 0.0,
        "I-tvshow": 0.0,
        "O": 0.959148832388269,
        "<pad>": 0
    },
    "train_loss": 0.4996589720249176,
    "validation_accuracy": 0.9339606203171285,
    "validation_accuracy_per_label": {
        "B-company": 0.25,
        "B-facility": 0.0,
        "B-geo-loc": 0.09090909090909091,
        "B-movie": 0.0,
        "B-musicartist": 0.0,
        "B-other": 0.015873015873015872,
        "B-person": 0.21296296296296297,
        "B-product": 0.05263157894736842,
        "B-sportsteam": 0.0,
        "B-tvshow": 0.0,
        "I-company": 0.0,
        "I-facility": 0.13793103448275862,
        "I-geo-loc": 0.07142857142857142,
        "I-movie": 0.0,
        "I-musicartist": 0.0,
        "I-other": 0.012345679012345678,
        "I-person": 0.09836065573770492,
        "I-product": 0.0,
        "I-sportsteam": 0.0,
        "I-tvshow": 0.0,
        "O": 0.9824997697338123,
        "<pad>": 0
    },
    "validation_loss": 0.4475018084049225,
    "epoch_num": 11
=======
  "best_epoch": 10,
  "peak_worker_0_memory_MB": 2455.00390625,
  "peak_gpu_0_memory_MB": 0,
  "training_duration": "0:00:13.134771",
  "training_start_epoch": 0,
  "training_epochs": 11,
  "epoch": 11,
  "training_accuracy": 0.9596072369174395,
  "training_accuracy3": 0.9756670101912287,
  "training_loss": 0.20558256080798937,
  "training_worker_0_memory_MB": 2455.00390625,
  "training_gpu_0_memory_MB": 0.0,
  "validation_accuracy": 0.9497269654156193,
  "validation_accuracy3": 0.9666291063534714,
  "validation_loss": 0.3617763738883169,
  "best_validation_accuracy": 0.949553610123949,
  "best_validation_accuracy3": 0.966369073415966,
  "best_validation_loss": 0.355885837423174
>>>>>>> d836ce1692fa664e81db2dece590eb0f684bcec4
}