{
<<<<<<< HEAD
    "train_accuracy": 0.9032798244600994,
    "train_accuracy_per_label": {
        "B-company": 0.4552238805970149,
        "B-facility": 0.02631578947368421,
        "B-geo-loc": 0.12060301507537688,
        "B-movie": 0.0,
        "B-musicartist": 0.11904761904761904,
        "B-other": 0.043209876543209874,
        "B-person": 0.13569321533923304,
        "B-product": 0.11538461538461539,
        "B-sportsteam": 0.0,
        "B-tvshow": 0.043478260869565216,
        "I-company": 0.0,
        "I-facility": 0.05333333333333334,
        "I-geo-loc": 0.08571428571428572,
        "I-movie": 0.0,
        "I-musicartist": 0.021739130434782608,
        "I-other": 0.04184100418410042,
        "I-person": 0.2222222222222222,
        "I-product": 0.0,
        "I-sportsteam": 0.0,
        "I-tvshow": 0.0,
        "O": 0.9474727150783488,
        "<pad>": 0
    },
    "train_loss": 0.5936875939369202,
    "validation_accuracy": 0.9284718592089214,
    "validation_accuracy_per_label": {
        "B-company": 0.25,
        "B-facility": 0.0,
        "B-geo-loc": 0.07792207792207792,
        "B-movie": 0.0,
        "B-musicartist": 0.0,
        "B-other": 0.015873015873015872,
        "B-person": 0.10185185185185185,
        "B-product": 0.0,
        "B-sportsteam": 0.0,
        "B-tvshow": 0.0,
        "I-company": 0.0,
        "I-facility": 0.13793103448275862,
        "I-geo-loc": 0.07142857142857142,
        "I-movie": 0.0,
        "I-musicartist": 0.0,
        "I-other": 0.012345679012345678,
        "I-person": 0.09836065573770492,
        "I-product": 0.0,
        "I-sportsteam": 0.0,
        "I-tvshow": 0.0,
        "O": 0.9779865524546376,
        "<pad>": 0
    },
    "validation_loss": 0.505132257938385,
    "epoch_num": 9
=======
  "best_epoch": 8,
  "peak_worker_0_memory_MB": 2454.97265625,
  "peak_gpu_0_memory_MB": 0,
  "training_duration": "0:00:11.194868",
  "training_start_epoch": 0,
  "training_epochs": 9,
  "epoch": 9,
  "training_accuracy": 0.956515515859384,
  "training_accuracy3": 0.9742929119432039,
  "training_loss": 0.22425835592704907,
  "training_worker_0_memory_MB": 2454.97265625,
  "training_gpu_0_memory_MB": 0.0,
  "validation_accuracy": 0.948253445436422,
  "validation_accuracy3": 0.966369073415966,
  "validation_loss": 0.36767378920002985,
  "best_validation_accuracy": 0.9480800901447517,
  "best_validation_accuracy3": 0.9679292710409986,
  "best_validation_loss": 0.36529088334033366
>>>>>>> d836ce1692fa664e81db2dece590eb0f684bcec4
}