{
  "best_epoch": 14,
  "peak_worker_0_memory_MB": 418.58984375,
  "training_duration": "0:02:12.392990",
  "training_start_epoch": 0,
  "training_epochs": 14,
  "epoch": 14,
  "training_accuracy": 0.9634146341463414,
  "training_accuracy3": 0.978071682125272,
  "training_loss": 0.18458504974842072,
  "training_worker_0_memory_MB": 418.58984375,
  "validation_accuracy": 0.9509404524573113,
  "validation_accuracy3": 0.967582560457658,
  "validation_loss": 0.3488999871831191,
  "best_validation_accuracy": 0.9509404524573113,
  "best_validation_accuracy3": 0.967582560457658,
  "best_validation_loss": 0.3488999871831191
}