{
  "best_epoch": 23,
  "peak_worker_0_memory_MB": 418.859375,
  "training_duration": "0:04:31.130373",
  "training_start_epoch": 0,
  "training_epochs": 29,
  "epoch": 29,
  "training_accuracy": 0.9797034237948014,
  "training_accuracy3": 0.9913832589030116,
  "training_loss": 0.10428636762918088,
  "training_worker_0_memory_MB": 418.859375,
  "validation_accuracy": 0.9528473606656843,
  "validation_accuracy3": 0.9685360145618445,
  "validation_loss": 0.34497597892033427,
  "best_validation_accuracy": 0.9524139724365086,
  "best_validation_accuracy3": 0.9684493369160093,
  "best_validation_loss": 0.342841080144832
}