{
  "best_epoch": 15,
  "peak_worker_0_memory_MB": 418.58984375,
  "training_duration": "0:02:22.358616",
  "training_start_epoch": 0,
  "training_epochs": 15,
  "epoch": 15,
  "training_accuracy": 0.9643879537386923,
  "training_accuracy3": 0.9797893049353029,
  "training_loss": 0.17837965749857718,
  "training_worker_0_memory_MB": 418.58984375,
  "validation_accuracy": 0.9519805842073329,
  "validation_accuracy3": 0.967582560457658,
  "validation_loss": 0.34762729390671376,
  "best_validation_accuracy": 0.9519805842073329,
  "best_validation_accuracy3": 0.967582560457658,
  "best_validation_loss": 0.34762729390671376
}