{
  "best_epoch": 22,
  "peak_worker_0_memory_MB": 2458.52734375,
  "peak_gpu_0_memory_MB": 0,
  "training_duration": "0:00:28.665450",
  "training_start_epoch": 0,
  "training_epochs": 27,
  "epoch": 27,
  "training_accuracy": 0.9785297148746135,
  "training_accuracy3": 0.9897228901866484,
  "training_loss": 0.11368167047437869,
  "training_worker_0_memory_MB": 2458.52734375,
  "training_gpu_0_memory_MB": 0.0,
  "validation_accuracy": 0.9528473606656843,
  "validation_accuracy3": 0.9686226922076796,
  "validation_loss": 0.3506830154280913,
  "best_validation_accuracy": 0.9524139724365086,
  "best_validation_accuracy3": 0.9683626592701742,
  "best_validation_loss": 0.34175575485354975
}