{
  "best_epoch": 16,
  "peak_worker_0_memory_MB": 2458.5078125,
  "peak_gpu_0_memory_MB": 0,
  "training_duration": "0:00:21.854640",
  "training_start_epoch": 0,
  "training_epochs": 20,
  "epoch": 20,
  "training_accuracy": 0.9722317645711669,
  "training_accuracy3": 0.984684529943891,
  "training_loss": 0.15172998267307616,
  "training_worker_0_memory_MB": 2458.5078125,
  "training_gpu_0_memory_MB": 0.0,
  "validation_accuracy": 0.952067261853168,
  "validation_accuracy3": 0.9687960474993499,
  "validation_loss": 0.34685956882803065,
  "best_validation_accuracy": 0.9518939065614977,
  "best_validation_accuracy3": 0.9674092051659877,
  "best_validation_loss": 0.34414128410188777
}