{
  "best_epoch": 7,
  "peak_worker_0_memory_MB": 418.45703125,
  "training_duration": "0:01:10.387953",
  "training_start_epoch": 0,
  "training_epochs": 7,
  "epoch": 7,
  "training_accuracy": 0.9542826062063438,
  "training_accuracy3": 0.9729188136951792,
  "training_loss": 0.25628148620588737,
  "training_worker_0_memory_MB": 418.45703125,
  "validation_accuracy": 0.9480800901447517,
  "validation_accuracy3": 0.9678425933951634,
  "validation_loss": 0.37394189050323084,
  "best_validation_accuracy": 0.9480800901447517,
  "best_validation_accuracy3": 0.9678425933951634,
  "best_validation_loss": 0.37394189050323084
}