{
<<<<<<< HEAD
    "train_accuracy": 0.8863321399699734,
    "train_accuracy_per_label": {
        "B-company": 0.44029850746268656,
        "B-facility": 0.02631578947368421,
        "B-geo-loc": 0.07537688442211055,
        "B-movie": 0.0,
        "B-musicartist": 0.047619047619047616,
        "B-other": 0.037037037037037035,
        "B-person": 0.07669616519174041,
        "B-product": 0.10256410256410256,
        "B-sportsteam": 0.0,
        "B-tvshow": 0.0,
        "I-company": 0.0,
        "I-facility": 0.0,
        "I-geo-loc": 0.08571428571428572,
        "I-movie": 0.0,
        "I-musicartist": 0.021739130434782608,
        "I-other": 0.029288702928870293,
        "I-person": 0.12418300653594772,
        "I-product": 0.0,
        "I-sportsteam": 0.0,
        "I-tvshow": 0.0,
        "O": 0.9313761356014877,
        "<pad>": 0
    },
    "train_loss": 0.7335501909255981,
    "validation_accuracy": 0.9179299529534762,
    "validation_accuracy_per_label": {
        "B-company": 0.25,
        "B-facility": 0.0,
        "B-geo-loc": 0.07792207792207792,
        "B-movie": 0.0,
        "B-musicartist": 0.0,
        "B-other": 0.015873015873015872,
        "B-person": 0.07407407407407407,
        "B-product": 0.0,
        "B-sportsteam": 0.0,
        "B-tvshow": 0.0,
        "I-company": 0.0,
        "I-facility": 0.0,
        "I-geo-loc": 0.07142857142857142,
        "I-movie": 0.0,
        "I-musicartist": 0.0,
        "I-other": 0.012345679012345678,
        "I-person": 0.0,
        "I-product": 0.0,
        "I-sportsteam": 0.0,
        "I-tvshow": 0.0,
        "O": 0.9680390531454361,
        "<pad>": 0
    },
    "validation_loss": 0.598164439201355,
    "epoch_num": 7
=======
  "best_epoch": 7,
  "peak_worker_0_memory_MB": 2454.97265625,
  "peak_gpu_0_memory_MB": 0,
  "training_duration": "0:00:09.263651",
  "training_start_epoch": 0,
  "training_epochs": 7,
  "epoch": 7,
  "training_accuracy": 0.9544543684873469,
  "training_accuracy3": 0.97277567846101,
  "training_loss": 0.2599501953574649,
  "training_worker_0_memory_MB": 2454.97265625,
  "training_gpu_0_memory_MB": 0.0,
  "validation_accuracy": 0.948253445436422,
  "validation_accuracy3": 0.9679292710409986,
  "validation_loss": 0.37403979740644755,
  "best_validation_accuracy": 0.948253445436422,
  "best_validation_accuracy3": 0.9679292710409986,
  "best_validation_loss": 0.37403979740644755
>>>>>>> d836ce1692fa664e81db2dece590eb0f684bcec4
}