{
  "best_epoch": 15,
  "peak_worker_0_memory_MB": 2458.484375,
  "peak_gpu_0_memory_MB": 0,
  "training_duration": "0:00:17.022271",
  "training_start_epoch": 0,
  "training_epochs": 15,
  "epoch": 15,
  "training_accuracy": 0.9643306996450246,
  "training_accuracy3": 0.9794171533264628,
  "training_loss": 0.18002189146844963,
  "training_worker_0_memory_MB": 2458.484375,
  "training_gpu_0_memory_MB": 0.0,
  "validation_accuracy": 0.9516338736239923,
  "validation_accuracy3": 0.9670624945826471,
  "validation_loss": 0.34728269749566126,
  "best_validation_accuracy": 0.9516338736239923,
  "best_validation_accuracy3": 0.9670624945826471,
  "best_validation_loss": 0.34728269749566126
}