{
  "best_epoch": 23,
  "peak_worker_0_memory_MB": 418.625,
  "training_duration": "0:03:53.954684",
  "training_start_epoch": 0,
  "training_epochs": 25,
  "epoch": 25,
  "training_accuracy": 0.9770124813924196,
  "training_accuracy3": 0.9886350624069621,
  "training_loss": 0.12222172313353472,
  "training_worker_0_memory_MB": 418.625,
  "validation_accuracy": 0.952674005374014,
  "validation_accuracy3": 0.9686226922076796,
  "validation_loss": 0.34296580913819763,
  "best_validation_accuracy": 0.9524139724365086,
  "best_validation_accuracy3": 0.9684493369160093,
  "best_validation_loss": 0.342841080144832
}