{
  "best_epoch": 23,
  "peak_worker_0_memory_MB": 418.9609375,
  "training_duration": "0:04:57.974204",
  "training_start_epoch": 0,
  "training_epochs": 32,
  "epoch": 32,
  "training_accuracy": 0.9807339974808199,
  "training_accuracy3": 0.9930722546662086,
  "training_loss": 0.09384839936045178,
  "training_worker_0_memory_MB": 418.9609375,
  "validation_accuracy": 0.9523272947906735,
  "validation_accuracy3": 0.9687960474993499,
  "validation_loss": 0.347853201000314,
  "best_validation_accuracy": 0.9524139724365086,
  "best_validation_accuracy3": 0.9684493369160093,
  "best_validation_loss": 0.342841080144832
}