{
<<<<<<< HEAD
    "train_accuracy": 0.9417946645109135,
    "train_accuracy_per_label": {
        "B-company": 0.6567164179104478,
        "B-facility": 0.09210526315789473,
        "B-geo-loc": 0.457286432160804,
        "B-movie": 0.0,
        "B-musicartist": 0.23809523809523808,
        "B-other": 0.10493827160493827,
        "B-person": 0.5368731563421829,
        "B-product": 0.3076923076923077,
        "B-sportsteam": 0.025,
        "B-tvshow": 0.08695652173913043,
        "I-company": 0.0,
        "I-facility": 0.21333333333333335,
        "I-geo-loc": 0.11428571428571428,
        "I-movie": 0.0,
        "I-musicartist": 0.0,
        "I-other": 0.058577405857740586,
        "I-person": 0.41830065359477125,
        "I-product": 0.0,
        "I-sportsteam": 0.0,
        "I-tvshow": 0.0,
        "O": 0.9785988659228095,
        "<pad>": 0
    },
    "train_loss": 0.33325105905532837,
    "validation_accuracy": 0.9426729395365047,
    "validation_accuracy_per_label": {
        "B-company": 0.3611111111111111,
        "B-facility": 0.0,
        "B-geo-loc": 0.16883116883116883,
        "B-movie": 0.0,
        "B-musicartist": 0.07692307692307693,
        "B-other": 0.06349206349206349,
        "B-person": 0.3055555555555556,
        "B-product": 0.21052631578947367,
        "B-sportsteam": 0.0,
        "B-tvshow": 0.0,
        "I-company": 0.0,
        "I-facility": 0.13793103448275862,
        "I-geo-loc": 0.0,
        "I-movie": 0.0,
        "I-musicartist": 0.0,
        "I-other": 0.012345679012345678,
        "I-person": 0.13114754098360656,
        "I-product": 0.0,
        "I-sportsteam": 0.0,
        "I-tvshow": 0.0,
        "O": 0.9891314359399466,
        "<pad>": 0
    },
    "validation_loss": 0.35987111926078796,
    "epoch_num": 17
=======
  "best_epoch": 16,
  "peak_worker_0_memory_MB": 2458.4921875,
  "peak_gpu_0_memory_MB": 0,
  "training_duration": "0:00:18.982002",
  "training_start_epoch": 0,
  "training_epochs": 17,
  "epoch": 17,
  "training_accuracy": 0.9668785068132372,
  "training_accuracy3": 0.9823084850566816,
  "training_loss": 0.1700640058046893,
  "training_worker_0_memory_MB": 2458.4921875,
  "training_gpu_0_memory_MB": 0.0,
  "validation_accuracy": 0.9518939065614977,
  "validation_accuracy3": 0.9673225275201526,
  "validation_loss": 0.35345121982850525,
  "best_validation_accuracy": 0.9518939065614977,
  "best_validation_accuracy3": 0.9674092051659877,
  "best_validation_loss": 0.34414128410188777
>>>>>>> d836ce1692fa664e81db2dece590eb0f684bcec4
}