{
  "best_epoch": 5,
  "peak_worker_0_memory_MB": 418.32421875,
  "training_duration": "0:00:53.155933",
  "training_start_epoch": 0,
  "training_epochs": 5,
  "epoch": 5,
  "training_accuracy": 0.9529657620519867,
  "training_accuracy3": 0.9697698385434559,
  "training_loss": 0.31958881726390437,
  "training_worker_0_memory_MB": 418.32421875,
  "validation_accuracy": 0.9477333795614111,
  "validation_accuracy3": 0.9662823957701309,
  "validation_loss": 0.4033897754393126,
  "best_validation_accuracy": 0.9477333795614111,
  "best_validation_accuracy3": 0.9662823957701309,
  "best_validation_loss": 0.4033897754393126
}