{
  "best_epoch": 7,
  "peak_worker_0_memory_MB": 2454.97265625,
  "peak_gpu_0_memory_MB": 0,
  "training_duration": "0:00:09.263651",
  "training_start_epoch": 0,
  "training_epochs": 7,
  "epoch": 7,
  "training_accuracy": 0.9544543684873469,
  "training_accuracy3": 0.97277567846101,
  "training_loss": 0.2599501953574649,
  "training_worker_0_memory_MB": 2454.97265625,
  "training_gpu_0_memory_MB": 0.0,
  "validation_accuracy": 0.948253445436422,
  "validation_accuracy3": 0.9679292710409986,
  "validation_loss": 0.37403979740644755,
  "best_validation_accuracy": 0.948253445436422,
  "best_validation_accuracy3": 0.9679292710409986,
  "best_validation_loss": 0.37403979740644755
}