{
  "best_epoch": 22,
  "peak_worker_0_memory_MB": 2458.5546875,
  "peak_gpu_0_memory_MB": 0,
  "training_duration": "0:00:31.557341",
  "training_start_epoch": 0,
  "training_epochs": 30,
  "epoch": 30,
  "training_accuracy": 0.9804190999656476,
  "training_accuracy3": 0.9920416809801901,
  "training_loss": 0.10110878473833988,
  "training_worker_0_memory_MB": 2458.5546875,
  "training_gpu_0_memory_MB": 0.0,
  "validation_accuracy": 0.952674005374014,
  "validation_accuracy3": 0.9681893039785039,
  "validation_loss": 0.3530726134777069,
  "best_validation_accuracy": 0.9524139724365086,
  "best_validation_accuracy3": 0.9683626592701742,
  "best_validation_loss": 0.34175575485354975
}