{
<<<<<<< HEAD
    "train_accuracy": 0.7793047696038804,
    "train_accuracy_per_label": {
        "B-company": 0.30597014925373134,
        "B-facility": 0.05263157894736842,
        "B-geo-loc": 0.020100502512562814,
        "B-movie": 0.0,
        "B-musicartist": 0.023809523809523808,
        "B-other": 0.018518518518518517,
        "B-person": 0.0029498525073746312,
        "B-product": 0.01282051282051282,
        "B-sportsteam": 0.05,
        "B-tvshow": 0.0,
        "I-company": 0.0,
        "I-facility": 0.0,
        "I-geo-loc": 0.0,
        "I-movie": 0.0,
        "I-musicartist": 0.06521739130434782,
        "I-other": 0.0041841004184100415,
        "I-person": 0.032679738562091505,
        "I-product": 0.0,
        "I-sportsteam": 0.0,
        "I-tvshow": 0.0,
        "O": 0.8208645814279617,
        "<pad>": 0
    },
    "train_loss": 1.4713003635406494,
    "validation_accuracy": 0.8545042690364175,
    "validation_accuracy_per_label": {
        "B-company": 0.25,
        "B-facility": 0.07142857142857142,
        "B-geo-loc": 0.0,
        "B-movie": 0.0,
        "B-musicartist": 0.0,
        "B-other": 0.0,
        "B-person": 0.0,
        "B-product": 0.0,
        "B-sportsteam": 0.0,
        "B-tvshow": 0.0,
        "I-company": 0.0,
        "I-facility": 0.0,
        "I-geo-loc": 0.0,
        "I-movie": 0.0,
        "I-musicartist": 0.06666666666666667,
        "I-other": 0.0,
        "I-person": 0.0,
        "I-product": 0.0,
        "I-sportsteam": 0.0,
        "I-tvshow": 0.0,
        "O": 0.9022750299346044,
        "<pad>": 0
    },
    "validation_loss": 1.1807520389556885,
    "epoch_num": 3
=======
  "best_epoch": 3,
  "peak_worker_0_memory_MB": 2454.890625,
  "peak_gpu_0_memory_MB": 0,
  "training_duration": "0:00:05.365550",
  "training_start_epoch": 0,
  "training_epochs": 3,
  "epoch": 3,
  "training_accuracy": 0.9508759876331158,
  "training_accuracy3": 0.9672220313752433,
  "training_loss": 0.4903069823457484,
  "training_worker_0_memory_MB": 2454.890625,
  "training_gpu_0_memory_MB": 0.0,
  "validation_accuracy": 0.9471266360405651,
  "validation_accuracy3": 0.9639420993325821,
  "validation_loss": 0.5049266485791457,
  "best_validation_accuracy": 0.9471266360405651,
  "best_validation_accuracy3": 0.9639420993325821,
  "best_validation_loss": 0.5049266485791457
>>>>>>> d836ce1692fa664e81db2dece590eb0f684bcec4
}