{
  "best_epoch": 8,
  "peak_worker_0_memory_MB": 2454.97265625,
  "peak_gpu_0_memory_MB": 0,
  "training_duration": "0:00:11.194868",
  "training_start_epoch": 0,
  "training_epochs": 9,
  "epoch": 9,
  "training_accuracy": 0.956515515859384,
  "training_accuracy3": 0.9742929119432039,
  "training_loss": 0.22425835592704907,
  "training_worker_0_memory_MB": 2454.97265625,
  "training_gpu_0_memory_MB": 0.0,
  "validation_accuracy": 0.948253445436422,
  "validation_accuracy3": 0.966369073415966,
  "validation_loss": 0.36767378920002985,
  "best_validation_accuracy": 0.9480800901447517,
  "best_validation_accuracy3": 0.9679292710409986,
  "best_validation_loss": 0.36529088334033366
}