{
  "best_epoch": 16,
  "peak_worker_0_memory_MB": 2458.4921875,
  "peak_gpu_0_memory_MB": 0,
  "training_duration": "0:00:18.982002",
  "training_start_epoch": 0,
  "training_epochs": 17,
  "epoch": 17,
  "training_accuracy": 0.9668785068132372,
  "training_accuracy3": 0.9823084850566816,
  "training_loss": 0.1700640058046893,
  "training_worker_0_memory_MB": 2458.4921875,
  "training_gpu_0_memory_MB": 0.0,
  "validation_accuracy": 0.9518939065614977,
  "validation_accuracy3": 0.9673225275201526,
  "validation_loss": 0.35345121982850525,
  "best_validation_accuracy": 0.9518939065614977,
  "best_validation_accuracy3": 0.9674092051659877,
  "best_validation_loss": 0.34414128410188777
}