{
  "best_epoch": 10,
  "peak_worker_0_memory_MB": 418.58203125,
  "training_duration": "0:01:37.435442",
  "training_start_epoch": 0,
  "training_epochs": 10,
  "epoch": 10,
  "training_accuracy": 0.9581186304820795,
  "training_accuracy3": 0.9749799610672163,
  "training_loss": 0.21385982436569115,
  "training_worker_0_memory_MB": 418.58203125,
  "validation_accuracy": 0.9492935771864436,
  "validation_accuracy3": 0.9664557510618011,
  "validation_loss": 0.3571230322122574,
  "best_validation_accuracy": 0.9492935771864436,
  "best_validation_accuracy3": 0.9664557510618011,
  "best_validation_loss": 0.3571230322122574
}