{
  "best_epoch": 22,
  "peak_worker_0_memory_MB": 2458.5546875,
  "peak_gpu_0_memory_MB": 0,
  "training_duration": "0:00:32.517533",
  "training_start_epoch": 0,
  "training_epochs": 31,
  "epoch": 31,
  "training_accuracy": 0.9804763540593152,
  "training_accuracy3": 0.9923565784953624,
  "training_loss": 0.09749929953301162,
  "training_worker_0_memory_MB": 2458.5546875,
  "training_gpu_0_memory_MB": 0.0,
  "validation_accuracy": 0.9525006500823437,
  "validation_accuracy3": 0.9681026263326689,
  "validation_loss": 0.3501164521041669,
  "best_validation_accuracy": 0.9524139724365086,
  "best_validation_accuracy3": 0.9683626592701742,
  "best_validation_loss": 0.34175575485354975
}