{
  "best_epoch": 23,
  "peak_worker_0_memory_MB": 418.859375,
  "training_duration": "0:04:48.541907",
  "training_start_epoch": 0,
  "training_epochs": 31,
  "epoch": 31,
  "training_accuracy": 0.9804190999656476,
  "training_accuracy3": 0.9923279514485286,
  "training_loss": 0.09720114677360184,
  "training_worker_0_memory_MB": 418.859375,
  "validation_accuracy": 0.9524139724365086,
  "validation_accuracy3": 0.9687093698535147,
  "validation_loss": 0.34672756649945913,
  "best_validation_accuracy": 0.9524139724365086,
  "best_validation_accuracy3": 0.9684493369160093,
  "best_validation_loss": 0.342841080144832
}