{
<<<<<<< HEAD
    "train_accuracy": 0.9311410093544289,
    "train_accuracy_per_label": {
        "B-company": 0.5522388059701493,
        "B-facility": 0.07894736842105263,
        "B-geo-loc": 0.31155778894472363,
        "B-movie": 0.0,
        "B-musicartist": 0.16666666666666666,
        "B-other": 0.05555555555555555,
        "B-person": 0.3952802359882006,
        "B-product": 0.2564102564102564,
        "B-sportsteam": 0.025,
        "B-tvshow": 0.08695652173913043,
        "I-company": 0.0,
        "I-facility": 0.14666666666666667,
        "I-geo-loc": 0.14285714285714285,
        "I-movie": 0.0,
        "I-musicartist": 0.0,
        "I-other": 0.058577405857740586,
        "I-person": 0.35294117647058826,
        "I-product": 0.0,
        "I-sportsteam": 0.0,
        "I-tvshow": 0.0,
        "O": 0.9710383513200415,
        "<pad>": 0
    },
    "train_loss": 0.40187251567840576,
    "validation_accuracy": 0.9388395190799791,
    "validation_accuracy_per_label": {
        "B-company": 0.3055555555555556,
        "B-facility": 0.0,
        "B-geo-loc": 0.1038961038961039,
        "B-movie": 0.0,
        "B-musicartist": 0.07692307692307693,
        "B-other": 0.015873015873015872,
        "B-person": 0.28703703703703703,
        "B-product": 0.21052631578947367,
        "B-sportsteam": 0.0,
        "B-tvshow": 0.0,
        "I-company": 0.0,
        "I-facility": 0.13793103448275862,
        "I-geo-loc": 0.07142857142857142,
        "I-movie": 0.0,
        "I-musicartist": 0.0,
        "I-other": 0.012345679012345678,
        "I-person": 0.11475409836065574,
        "I-product": 0.0,
        "I-sportsteam": 0.0,
        "I-tvshow": 0.0,
        "O": 0.9861840287372202,
        "<pad>": 0
    },
    "validation_loss": 0.39316293597221375,
    "epoch_num": 14
=======
  "best_epoch": 14,
  "peak_worker_0_memory_MB": 2458.484375,
  "peak_gpu_0_memory_MB": 0,
  "training_duration": "0:00:16.029832",
  "training_start_epoch": 0,
  "training_epochs": 14,
  "epoch": 14,
  "training_accuracy": 0.963128363678003,
  "training_accuracy3": 0.9781575632657735,
  "training_loss": 0.18580750127633414,
  "training_worker_0_memory_MB": 2458.484375,
  "training_gpu_0_memory_MB": 0.0,
  "validation_accuracy": 0.9511138077489816,
  "validation_accuracy3": 0.9677559157493283,
  "validation_loss": 0.3496275332413222,
  "best_validation_accuracy": 0.9511138077489816,
  "best_validation_accuracy3": 0.9677559157493283,
  "best_validation_loss": 0.3496275332413222
>>>>>>> d836ce1692fa664e81db2dece590eb0f684bcec4
}