{
  "best_epoch": 22,
  "peak_worker_0_memory_MB": 2458.51953125,
  "peak_gpu_0_memory_MB": 0,
  "training_duration": "0:00:24.772816",
  "training_start_epoch": 0,
  "training_epochs": 23,
  "epoch": 23,
  "training_accuracy": 0.9754379938165579,
  "training_accuracy3": 0.9866884232222604,
  "training_loss": 0.1333785981201289,
  "training_worker_0_memory_MB": 2458.51953125,
  "training_gpu_0_memory_MB": 0.0,
  "validation_accuracy": 0.9524139724365086,
  "validation_accuracy3": 0.9687960474993499,
  "validation_loss": 0.34597693932683843,
  "best_validation_accuracy": 0.9524139724365086,
  "best_validation_accuracy3": 0.9683626592701742,
  "best_validation_loss": 0.34175575485354975
}