{
  "best_epoch": 22,
  "peak_worker_0_memory_MB": 2458.51953125,
  "peak_gpu_0_memory_MB": 0,
  "training_duration": "0:00:27.683860",
  "training_start_epoch": 0,
  "training_epochs": 26,
  "epoch": 26,
  "training_accuracy": 0.9778999198442688,
  "training_accuracy3": 0.9890644681094698,
  "training_loss": 0.11685340534568879,
  "training_worker_0_memory_MB": 2458.51953125,
  "training_gpu_0_memory_MB": 0.0,
  "validation_accuracy": 0.9527606830198492,
  "validation_accuracy3": 0.9681026263326689,
  "validation_loss": 0.34381501768764694,
  "best_validation_accuracy": 0.9524139724365086,
  "best_validation_accuracy3": 0.9683626592701742,
  "best_validation_loss": 0.34175575485354975
}