{
  "best_epoch": 5,
  "peak_worker_0_memory_MB": 2454.93359375,
  "peak_gpu_0_memory_MB": 0,
  "training_duration": "0:00:07.297453",
  "training_start_epoch": 0,
  "training_epochs": 5,
  "epoch": 5,
  "training_accuracy": 0.953108897286156,
  "training_accuracy3": 0.969741211496622,
  "training_loss": 0.32173318324381844,
  "training_worker_0_memory_MB": 2454.93359375,
  "training_gpu_0_memory_MB": 0.0,
  "validation_accuracy": 0.9478200572072463,
  "validation_accuracy3": 0.9662823957701309,
  "validation_loss": 0.4065008500688954,
  "best_validation_accuracy": 0.9478200572072463,
  "best_validation_accuracy3": 0.9662823957701309,
  "best_validation_loss": 0.4065008500688954
}