{
  "best_epoch": 23,
  "peak_worker_0_memory_MB": 418.625,
  "training_duration": "0:03:44.892934",
  "training_start_epoch": 0,
  "training_epochs": 24,
  "epoch": 24,
  "training_accuracy": 0.9760677888469026,
  "training_accuracy3": 0.9875472346272759,
  "training_loss": 0.12715794361735644,
  "training_worker_0_memory_MB": 418.625,
  "validation_accuracy": 0.952674005374014,
  "validation_accuracy3": 0.9685360145618445,
  "validation_loss": 0.3428841201882613,
  "best_validation_accuracy": 0.9524139724365086,
  "best_validation_accuracy3": 0.9684493369160093,
  "best_validation_loss": 0.342841080144832
}