{
  "best_epoch": 16,
  "peak_worker_0_memory_MB": 2458.50390625,
  "peak_gpu_0_memory_MB": 0,
  "training_duration": "0:00:20.907923",
  "training_start_epoch": 0,
  "training_epochs": 19,
  "epoch": 19,
  "training_accuracy": 0.9708004122294744,
  "training_accuracy3": 0.9839688537730448,
  "training_loss": 0.15473990603105017,
  "training_worker_0_memory_MB": 2458.50390625,
  "training_gpu_0_memory_MB": 0.0,
  "validation_accuracy": 0.9518072289156626,
  "validation_accuracy3": 0.9686226922076796,
  "validation_loss": 0.3535764923221187,
  "best_validation_accuracy": 0.9518939065614977,
  "best_validation_accuracy3": 0.9674092051659877,
  "best_validation_loss": 0.34414128410188777
}