{
  "best_epoch": 22,
  "peak_worker_0_memory_MB": 2458.51171875,
  "peak_gpu_0_memory_MB": 0,
  "training_duration": "0:00:23.801093",
  "training_start_epoch": 0,
  "training_epochs": 22,
  "epoch": 22,
  "training_accuracy": 0.9743501660368716,
  "training_accuracy3": 0.9858009847704111,
  "training_loss": 0.13777320100027218,
  "training_worker_0_memory_MB": 2458.51171875,
  "training_gpu_0_memory_MB": 0.0,
  "validation_accuracy": 0.9524139724365086,
  "validation_accuracy3": 0.9683626592701742,
  "validation_loss": 0.34175575485354975,
  "best_validation_accuracy": 0.9524139724365086,
  "best_validation_accuracy3": 0.9683626592701742,
  "best_validation_loss": 0.34175575485354975
}