{
  "best_epoch": 16,
  "peak_worker_0_memory_MB": 2458.51171875,
  "peak_gpu_0_memory_MB": 0,
  "training_duration": "0:00:22.817236",
  "training_start_epoch": 0,
  "training_epochs": 21,
  "epoch": 21,
  "training_accuracy": 0.9731192030230161,
  "training_accuracy3": 0.9851139356463987,
  "training_loss": 0.14434592157863735,
  "training_worker_0_memory_MB": 2458.51171875,
  "training_gpu_0_memory_MB": 0.0,
  "validation_accuracy": 0.9523272947906735,
  "validation_accuracy3": 0.9683626592701742,
  "validation_loss": 0.3453064882441571,
  "best_validation_accuracy": 0.9518939065614977,
  "best_validation_accuracy3": 0.9674092051659877,
  "best_validation_loss": 0.34414128410188777
}