{
<<<<<<< HEAD
    "train_accuracy": 0.944652962235824,
    "train_accuracy_per_label": {
        "B-company": 0.6567164179104478,
        "B-facility": 0.14473684210526316,
        "B-geo-loc": 0.48743718592964824,
        "B-movie": 0.0,
        "B-musicartist": 0.2857142857142857,
        "B-other": 0.11728395061728394,
        "B-person": 0.5634218289085545,
        "B-product": 0.32051282051282054,
        "B-sportsteam": 0.025,
        "B-tvshow": 0.08695652173913043,
        "I-company": 0.0,
        "I-facility": 0.22666666666666666,
        "I-geo-loc": 0.05714285714285714,
        "I-movie": 0.0,
        "I-musicartist": 0.0,
        "I-other": 0.058577405857740586,
        "I-person": 0.41830065359477125,
        "I-product": 0.015625,
        "I-sportsteam": 0.0,
        "I-tvshow": 0.0,
        "O": 0.9808853118712274,
        "<pad>": 0
    },
    "train_loss": 0.3145520091056824,
    "validation_accuracy": 0.9438055410350236,
    "validation_accuracy_per_label": {
        "B-company": 0.3611111111111111,
        "B-facility": 0.0,
        "B-geo-loc": 0.16883116883116883,
        "B-movie": 0.0,
        "B-musicartist": 0.07692307692307693,
        "B-other": 0.07936507936507936,
        "B-person": 0.3055555555555556,
        "B-product": 0.21052631578947367,
        "B-sportsteam": 0.0,
        "B-tvshow": 0.0,
        "I-company": 0.0,
        "I-facility": 0.13793103448275862,
        "I-geo-loc": 0.0,
        "I-movie": 0.0,
        "I-musicartist": 0.0,
        "I-other": 0.012345679012345678,
        "I-person": 0.13114754098360656,
        "I-product": 0.0,
        "I-sportsteam": 0.0,
        "I-tvshow": 0.0,
        "O": 0.990236713640969,
        "<pad>": 0
    },
    "validation_loss": 0.3516811728477478,
    "epoch_num": 18
=======
  "best_epoch": 16,
  "peak_worker_0_memory_MB": 2458.49609375,
  "peak_gpu_0_memory_MB": 0,
  "training_duration": "0:00:19.940837",
  "training_start_epoch": 0,
  "training_epochs": 18,
  "epoch": 18,
  "training_accuracy": 0.9690255353257758,
  "training_accuracy3": 0.9834821939768693,
  "training_loss": 0.16200413228126995,
  "training_worker_0_memory_MB": 2458.49609375,
  "training_gpu_0_memory_MB": 0.0,
  "validation_accuracy": 0.9517205512698275,
  "validation_accuracy3": 0.9678425933951634,
  "validation_loss": 0.34692949605615514,
  "best_validation_accuracy": 0.9518939065614977,
  "best_validation_accuracy3": 0.9674092051659877,
  "best_validation_loss": 0.34414128410188777
>>>>>>> d836ce1692fa664e81db2dece590eb0f684bcec4
}