{
  "best_epoch": 22,
  "peak_worker_0_memory_MB": 2458.51953125,
  "peak_gpu_0_memory_MB": 0,
  "training_duration": "0:00:25.727817",
  "training_start_epoch": 0,
  "training_epochs": 24,
  "epoch": 24,
  "training_accuracy": 0.9762109240810718,
  "training_accuracy3": 0.9875472346272759,
  "training_loss": 0.12815317505022936,
  "training_worker_0_memory_MB": 2458.51953125,
  "training_gpu_0_memory_MB": 0.0,
  "validation_accuracy": 0.9527606830198492,
  "validation_accuracy3": 0.9684493369160093,
  "validation_loss": 0.3455771098011418,
  "best_validation_accuracy": 0.9524139724365086,
  "best_validation_accuracy3": 0.9683626592701742,
  "best_validation_loss": 0.34175575485354975
}