{
    "train_accuracy": 0.9268679986141587,
    "train_accuracy_per_label": {
        "B-company": 0.5223880597014925,
        "B-facility": 0.07894736842105263,
        "B-geo-loc": 0.2562814070351759,
        "B-movie": 0.0,
        "B-musicartist": 0.16666666666666666,
        "B-other": 0.037037037037037035,
        "B-person": 0.35103244837758113,
        "B-product": 0.20512820512820512,
        "B-sportsteam": 0.0,
        "B-tvshow": 0.08695652173913043,
        "I-company": 0.0,
        "I-facility": 0.14666666666666667,
        "I-geo-loc": 0.14285714285714285,
        "I-movie": 0.0,
        "I-musicartist": 0.0,
        "I-other": 0.0502092050209205,
        "I-person": 0.29411764705882354,
        "I-product": 0.0,
        "I-sportsteam": 0.0,
        "I-tvshow": 0.0,
        "O": 0.96802024266813,
        "<pad>": 0
    },
    "train_loss": 0.4303200840950012,
    "validation_accuracy": 0.9377940407736539,
    "validation_accuracy_per_label": {
        "B-company": 0.3055555555555556,
        "B-facility": 0.0,
        "B-geo-loc": 0.09090909090909091,
        "B-movie": 0.0,
        "B-musicartist": 0.07692307692307693,
        "B-other": 0.015873015873015872,
        "B-person": 0.24074074074074073,
        "B-product": 0.21052631578947367,
        "B-sportsteam": 0.0,
        "B-tvshow": 0.0,
        "I-company": 0.0,
        "I-facility": 0.13793103448275862,
        "I-geo-loc": 0.07142857142857142,
        "I-movie": 0.0,
        "I-musicartist": 0.0,
        "I-other": 0.012345679012345678,
        "I-person": 0.11475409836065574,
        "I-product": 0.0,
        "I-sportsteam": 0.0,
        "I-tvshow": 0.0,
        "O": 0.9856313898867091,
        "<pad>": 0
    },
    "validation_loss": 0.40824082493782043,
    "epoch_num": 13
}