{
  "best_epoch": 22,
  "peak_worker_0_memory_MB": 2458.52734375,
  "peak_gpu_0_memory_MB": 0,
  "training_duration": "0:00:29.633163",
  "training_start_epoch": 0,
  "training_epochs": 28,
  "epoch": 28,
  "training_accuracy": 0.9789877476239551,
  "training_accuracy3": 0.9904958204511622,
  "training_loss": 0.10872543371168145,
  "training_worker_0_memory_MB": 2458.52734375,
  "training_gpu_0_memory_MB": 0.0,
  "validation_accuracy": 0.952674005374014,
  "validation_accuracy3": 0.9684493369160093,
  "validation_loss": 0.3472908421566612,
  "best_validation_accuracy": 0.9524139724365086,
  "best_validation_accuracy3": 0.9683626592701742,
  "best_validation_loss": 0.34175575485354975
}