{
  "best_epoch": 23,
  "peak_worker_0_memory_MB": 418.9609375,
  "training_duration": "0:05:07.682864",
  "training_start_epoch": 0,
  "training_epochs": 33,
  "epoch": 33,
  "training_accuracy": 0.9809630138554907,
  "training_accuracy3": 0.9939024390243902,
  "training_loss": 0.09086559908954721,
  "training_worker_0_memory_MB": 418.9609375,
  "validation_accuracy": 0.9522406171448383,
  "validation_accuracy3": 0.9687960474993499,
  "validation_loss": 0.3490877198545556,
  "best_validation_accuracy": 0.9524139724365086,
  "best_validation_accuracy3": 0.9684493369160093,
  "best_validation_loss": 0.342841080144832
}