{
  "best_epoch": 22,
  "peak_worker_0_memory_MB": 2458.51953125,
  "peak_gpu_0_memory_MB": 0,
  "training_duration": "0:00:26.680451",
  "training_start_epoch": 0,
  "training_epochs": 25,
  "epoch": 25,
  "training_accuracy": 0.9769552272987518,
  "training_accuracy3": 0.9884060460322913,
  "training_loss": 0.12433080231411416,
  "training_worker_0_memory_MB": 2458.51953125,
  "training_gpu_0_memory_MB": 0.0,
  "validation_accuracy": 0.9527606830198492,
  "validation_accuracy3": 0.968275981624339,
  "validation_loss": 0.34834679490641546,
  "best_validation_accuracy": 0.9524139724365086,
  "best_validation_accuracy3": 0.9683626592701742,
  "best_validation_loss": 0.34175575485354975
}