{
    "train_accuracy": 0.9158138900259244,
    "train_accuracy_per_label": {
        ".": 0.9545454545454546,
        "ADJ": 0.7202380952380952,
        "ADP": 0.886654478976234,
        "ADV": 0.8578680203045685,
        "CONJ": 0.9254658385093167,
        "DET": 0.9623529411764706,
        "NOUN": 0.9333333333333333,
        "NUM": 0.8156028368794326,
        "PRON": 0.9565868263473054,
        "PRT": 0.8883495145631068,
        "VERB": 0.9381188118811881,
        "X": 0.8939617083946981,
        "<pad>": 0
    },
    "train_loss": 210.7158203125,
    "validation_accuracy": 0.8311874105865522,
    "validation_accuracy_per_label": {
        ".": 0.9518072289156626,
        "ADJ": 0.494949494949495,
        "ADP": 0.9271523178807947,
        "ADV": 0.6589147286821705,
        "CONJ": 0.9285714285714286,
        "DET": 0.9153846153846154,
        "NOUN": 0.7710084033613446,
        "NUM": 0.7647058823529411,
        "PRON": 0.9375,
        "PRT": 0.9298245614035088,
        "VERB": 0.8495821727019499,
        "X": 0.7988826815642458,
        "<pad>": 0
    },
    "validation_loss": 304.9951171875,
    "epoch_num": 24
}