{
    "train_accuracy": 0.8504570882794379,
    "train_accuracy_per_label": {
        ".": 0.9488636363636364,
        "ADJ": 0.37797619047619047,
        "ADP": 0.7915904936014625,
        "ADV": 0.7385786802030457,
        "CONJ": 0.8322981366459627,
        "DET": 0.9341176470588235,
        "NOUN": 0.8946428571428572,
        "NUM": 0.5531914893617021,
        "PRON": 0.9161676646706587,
        "PRT": 0.8592233009708737,
        "VERB": 0.8902640264026402,
        "X": 0.8350515463917526,
        "<pad>": 0
    },
    "train_loss": 367.09869384765625,
    "validation_accuracy": 0.7949451597520267,
    "validation_accuracy_per_label": {
        ".": 0.9518072289156626,
        "ADJ": 0.26262626262626265,
        "ADP": 0.847682119205298,
        "ADV": 0.6124031007751938,
        "CONJ": 0.8095238095238095,
        "DET": 0.9153846153846154,
        "NOUN": 0.7836134453781513,
        "NUM": 0.5294117647058824,
        "PRON": 0.9010416666666666,
        "PRT": 0.8771929824561403,
        "VERB": 0.8161559888579387,
        "X": 0.7653631284916201,
        "<pad>": 0
    },
    "validation_loss": 396.31719970703125,
    "epoch_num": 16
}