{
    "train_accuracy": 0.9390094146541138,
    "train_accuracy_per_label": {
        ".": 0.9590909090909091,
        "ADJ": 0.8392857142857143,
        "ADP": 0.9140767824497258,
        "ADV": 0.8934010152284264,
        "CONJ": 0.937888198757764,
        "DET": 0.9741176470588235,
        "NOUN": 0.9458333333333333,
        "NUM": 0.8581560283687943,
        "PRON": 0.9715568862275449,
        "PRT": 0.9514563106796117,
        "VERB": 0.9579207920792079,
        "X": 0.9175257731958762,
        "<pad>": 0
    },
    "train_loss": 150.59617614746094,
    "validation_accuracy": 0.8383404864091559,
    "validation_accuracy_per_label": {
        ".": 0.9518072289156626,
        "ADJ": 0.6060606060606061,
        "ADP": 0.9139072847682119,
        "ADV": 0.689922480620155,
        "CONJ": 0.9285714285714286,
        "DET": 0.9153846153846154,
        "NOUN": 0.773109243697479,
        "NUM": 0.7352941176470589,
        "PRON": 0.9479166666666666,
        "PRT": 0.9298245614035088,
        "VERB": 0.8467966573816156,
        "X": 0.8044692737430168,
        "<pad>": 0
    },
    "validation_loss": 285.2807922363281,
    "epoch_num": 31
}