{
    "train_accuracy": 0.8847045981716469,
    "train_accuracy_per_label": {
        ".": 0.9511363636363637,
        "ADJ": 0.5386904761904762,
        "ADP": 0.8464351005484461,
        "ADV": 0.8045685279187818,
        "CONJ": 0.9130434782608695,
        "DET": 0.9552941176470588,
        "NOUN": 0.9142857142857143,
        "NUM": 0.7446808510638298,
        "PRON": 0.937125748502994,
        "PRT": 0.8689320388349514,
        "VERB": 0.9100660066006601,
        "X": 0.8600883652430045,
        "<pad>": 0
    },
    "train_loss": 289.0351257324219,
    "validation_accuracy": 0.8168812589413448,
    "validation_accuracy_per_label": {
        ".": 0.9518072289156626,
        "ADJ": 0.37373737373737376,
        "ADP": 0.9072847682119205,
        "ADV": 0.627906976744186,
        "CONJ": 0.9285714285714286,
        "DET": 0.9076923076923077,
        "NOUN": 0.7857142857142857,
        "NUM": 0.6764705882352942,
        "PRON": 0.9114583333333334,
        "PRT": 0.8947368421052632,
        "VERB": 0.8356545961002786,
        "X": 0.7877094972067039,
        "<pad>": 0
    },
    "validation_loss": 346.4471740722656,
    "epoch_num": 19
}