{
    "train_accuracy": 0.6674853322417792,
    "train_accuracy_per_label": {
        ".": 0.9329545454545455,
        "ADJ": 0.017857142857142856,
        "ADP": 0.6307129798903108,
        "ADV": 0.06598984771573604,
        "CONJ": 0.012422360248447204,
        "DET": 0.6752941176470588,
        "NOUN": 0.8410714285714286,
        "NUM": 0.0851063829787234,
        "PRON": 0.7410179640718563,
        "PRT": 0.32038834951456313,
        "VERB": 0.7566006600660066,
        "X": 0.7393225331369662,
        "<pad>": 0
    },
    "train_loss": 739.9698486328125,
    "validation_accuracy": 0.6475917978063901,
    "validation_accuracy_per_label": {
        ".": 0.9317269076305221,
        "ADJ": 0.010101010101010102,
        "ADP": 0.7019867549668874,
        "ADV": 0.03875968992248062,
        "CONJ": 0.0,
        "DET": 0.6692307692307692,
        "NOUN": 0.7689075630252101,
        "NUM": 0.14705882352941177,
        "PRON": 0.6979166666666666,
        "PRT": 0.47368421052631576,
        "VERB": 0.7520891364902507,
        "X": 0.6983240223463687,
        "<pad>": 0
    },
    "validation_loss": 674.2623901367188,
    "epoch_num": 9
}