{
    "train_accuracy": 0.949788511393096,
    "train_accuracy_per_label": {
        ".": 0.9625,
        "ADJ": 0.8898809523809523,
        "ADP": 0.9360146252285192,
        "ADV": 0.8984771573604061,
        "CONJ": 0.937888198757764,
        "DET": 0.9858823529411764,
        "NOUN": 0.9529761904761904,
        "NUM": 0.8865248226950354,
        "PRON": 0.9745508982035929,
        "PRT": 0.9514563106796117,
        "VERB": 0.971947194719472,
        "X": 0.9248895434462445,
        "<pad>": 0
    },
    "train_loss": 119.76236724853516,
    "validation_accuracy": 0.837863614687649,
    "validation_accuracy_per_label": {
        ".": 0.9518072289156626,
        "ADJ": 0.6262626262626263,
        "ADP": 0.9139072847682119,
        "ADV": 0.689922480620155,
        "CONJ": 0.9285714285714286,
        "DET": 0.9230769230769231,
        "NOUN": 0.7710084033613446,
        "NUM": 0.6764705882352942,
        "PRON": 0.9479166666666666,
        "PRT": 0.9298245614035088,
        "VERB": 0.8440111420612814,
        "X": 0.8044692737430168,
        "<pad>": 0
    },
    "validation_loss": 283.20587158203125,
    "epoch_num": 37
}