{
    "train_accuracy": 0.9248192113521626,
    "train_accuracy_per_label": {
        ".": 0.9556818181818182,
        "ADJ": 0.7886904761904762,
        "ADP": 0.8976234003656307,
        "ADV": 0.8629441624365483,
        "CONJ": 0.937888198757764,
        "DET": 0.9670588235294117,
        "NOUN": 0.9392857142857143,
        "NUM": 0.8156028368794326,
        "PRON": 0.9655688622754491,
        "PRT": 0.9077669902912622,
        "VERB": 0.9438943894389439,
        "X": 0.898379970544919,
        "<pad>": 0
    },
    "train_loss": 189.5476837158203,
    "validation_accuracy": 0.8326180257510729,
    "validation_accuracy_per_label": {
        ".": 0.9518072289156626,
        "ADJ": 0.5151515151515151,
        "ADP": 0.9271523178807947,
        "ADV": 0.689922480620155,
        "CONJ": 0.9285714285714286,
        "DET": 0.9153846153846154,
        "NOUN": 0.7647058823529411,
        "NUM": 0.7647058823529411,
        "PRON": 0.9375,
        "PRT": 0.9298245614035088,
        "VERB": 0.8495821727019499,
        "X": 0.7988826815642458,
        "<pad>": 0
    },
    "validation_loss": 296.3324279785156,
    "epoch_num": 26
}