{
    "train_accuracy": 0.5640605812525583,
    "train_accuracy_per_label": {
        ".": 0.9045454545454545,
        "ADJ": 0.008928571428571428,
        "ADP": 0.3619744058500914,
        "ADV": 0.012690355329949238,
        "CONJ": 0.0,
        "DET": 0.08941176470588236,
        "NOUN": 0.8428571428571429,
        "NUM": 0.0,
        "PRON": 0.6347305389221557,
        "PRT": 0.0048543689320388345,
        "VERB": 0.6815181518151815,
        "X": 0.6288659793814433,
        "<pad>": 0
    },
    "train_loss": 910.3787231445312,
    "validation_accuracy": 0.5674773485932284,
    "validation_accuracy_per_label": {
        ".": 0.8995983935742972,
        "ADJ": 0.0,
        "ADP": 0.4966887417218543,
        "ADV": 0.007751937984496124,
        "CONJ": 0.0,
        "DET": 0.3,
        "NOUN": 0.7689075630252101,
        "NUM": 0.029411764705882353,
        "PRON": 0.65625,
        "PRT": 0.03508771929824561,
        "VERB": 0.6740947075208914,
        "X": 0.6368715083798883,
        "<pad>": 0
    },
    "validation_loss": 808.4172973632812,
    "epoch_num": 7
}