{
    "train_accuracy": 0.9111747851002865,
    "train_accuracy_per_label": {
        ".": 0.9534090909090909,
        "ADJ": 0.6964285714285714,
        "ADP": 0.8848263254113345,
        "ADV": 0.850253807106599,
        "CONJ": 0.9192546583850931,
        "DET": 0.9623529411764706,
        "NOUN": 0.9303571428571429,
        "NUM": 0.8156028368794326,
        "PRON": 0.9520958083832335,
        "PRT": 0.8883495145631068,
        "VERB": 0.9323432343234324,
        "X": 0.8865979381443299,
        "<pad>": 0
    },
    "train_loss": 223.01092529296875,
    "validation_accuracy": 0.8307105388650453,
    "validation_accuracy_per_label": {
        ".": 0.9518072289156626,
        "ADJ": 0.48484848484848486,
        "ADP": 0.9205298013245033,
        "ADV": 0.6589147286821705,
        "CONJ": 0.9285714285714286,
        "DET": 0.9153846153846154,
        "NOUN": 0.7773109243697479,
        "NUM": 0.7647058823529411,
        "PRON": 0.9375,
        "PRT": 0.9298245614035088,
        "VERB": 0.8495821727019499,
        "X": 0.7877094972067039,
        "<pad>": 0
    },
    "validation_loss": 310.6522521972656,
    "epoch_num": 23
}