{
    "train_accuracy": 0.39159503342884433,
    "train_accuracy_per_label": {
        ".": 0.45795454545454545,
        "ADJ": 0.002976190476190476,
        "ADP": 0.005484460694698354,
        "ADV": 0.01015228426395939,
        "CONJ": 0.0,
        "DET": 0.0,
        "NOUN": 0.8672619047619048,
        "NUM": 0.0,
        "PRON": 0.36976047904191617,
        "PRT": 0.0,
        "VERB": 0.5272277227722773,
        "X": 0.17083946980854198,
        "<pad>": 0
    },
    "train_loss": 1194.506591796875,
    "validation_accuracy": 0.4263233190271817,
    "validation_accuracy_per_label": {
        ".": 0.5943775100401606,
        "ADJ": 0.0,
        "ADP": 0.013245033112582781,
        "ADV": 0.0,
        "CONJ": 0.0,
        "DET": 0.0,
        "NOUN": 0.8319327731092437,
        "NUM": 0.0,
        "PRON": 0.4635416666666667,
        "PRT": 0.0,
        "VERB": 0.5738161559888579,
        "X": 0.29608938547486036,
        "<pad>": 0
    },
    "validation_loss": 1048.36376953125,
    "epoch_num": 4
}