{
    "train_accuracy": 0.9536089507436212,
    "train_accuracy_per_label": {
        ".": 0.9625,
        "ADJ": 0.9107142857142857,
        "ADP": 0.9378427787934186,
        "ADV": 0.9060913705583756,
        "CONJ": 0.937888198757764,
        "DET": 0.9858823529411764,
        "NOUN": 0.9571428571428572,
        "NUM": 0.900709219858156,
        "PRON": 0.9745508982035929,
        "PRT": 0.9514563106796117,
        "VERB": 0.9752475247524752,
        "X": 0.930780559646539,
        "<pad>": 0
    },
    "train_loss": 111.86951446533203,
    "validation_accuracy": 0.8369098712446352,
    "validation_accuracy_per_label": {
        ".": 0.9518072289156626,
        "ADJ": 0.6262626262626263,
        "ADP": 0.9139072847682119,
        "ADV": 0.689922480620155,
        "CONJ": 0.9285714285714286,
        "DET": 0.9153846153846154,
        "NOUN": 0.7689075630252101,
        "NUM": 0.6764705882352942,
        "PRON": 0.9479166666666666,
        "PRT": 0.9473684210526315,
        "VERB": 0.841225626740947,
        "X": 0.8044692737430168,
        "<pad>": 0
    },
    "validation_loss": 283.99664306640625,
    "epoch_num": 39
}