{
    "train_accuracy": 0.8744712784827398,
    "train_accuracy_per_label": {
        ".": 0.95,
        "ADJ": 0.49107142857142855,
        "ADP": 0.8281535648994516,
        "ADV": 0.7842639593908629,
        "CONJ": 0.906832298136646,
        "DET": 0.9482352941176471,
        "NOUN": 0.9053571428571429,
        "NUM": 0.7021276595744681,
        "PRON": 0.937125748502994,
        "PRT": 0.8640776699029126,
        "VERB": 0.9026402640264026,
        "X": 0.8527245949926362,
        "<pad>": 0
    },
    "train_loss": 311.5042724609375,
    "validation_accuracy": 0.8125894134477826,
    "validation_accuracy_per_label": {
        ".": 0.9518072289156626,
        "ADJ": 0.3434343434343434,
        "ADP": 0.9006622516556292,
        "ADV": 0.6201550387596899,
        "CONJ": 0.9285714285714286,
        "DET": 0.9076923076923077,
        "NOUN": 0.7878151260504201,
        "NUM": 0.5882352941176471,
        "PRON": 0.90625,
        "PRT": 0.8947368421052632,
        "VERB": 0.8328690807799443,
        "X": 0.7877094972067039,
        "<pad>": 0
    },
    "validation_loss": 360.1350402832031,
    "epoch_num": 18
}