{
    "train_accuracy": 0.09864920180106426,
    "train_accuracy_per_label": {
        ".": 0.175,
        "ADJ": 0.5029761904761905,
        "ADP": 0.09689213893967093,
        "ADV": 0.0,
        "CONJ": 0.0,
        "DET": 0.0,
        "NOUN": 0.15833333333333333,
        "NUM": 0.0,
        "PRON": 0.0014970059880239522,
        "PRT": 0.0,
        "VERB": 0.06518151815181518,
        "X": 0.0014727540500736377,
        "<pad>": 0
    },
    "train_loss": 1577.8956298828125,
    "validation_accuracy": 0.18979494515975204,
    "validation_accuracy_per_label": {
        ".": 0.24899598393574296,
        "ADJ": 0.050505050505050504,
        "ADP": 0.07947019867549669,
        "ADV": 0.0,
        "CONJ": 0.0,
        "DET": 0.0,
        "NOUN": 0.5504201680672269,
        "NUM": 0.029411764705882353,
        "PRON": 0.0,
        "PRT": 0.0,
        "VERB": 0.15041782729805014,
        "X": 0.0111731843575419,
        "<pad>": 0
    },
    "validation_loss": 1359.9813232421875,
    "epoch_num": 0
}