{
    "train_accuracy": 0.9220903261017874,
    "train_accuracy_per_label": {
        ".": 0.9568181818181818,
        "ADJ": 0.7708333333333334,
        "ADP": 0.8921389396709324,
        "ADV": 0.8604060913705583,
        "CONJ": 0.9316770186335404,
        "DET": 0.9647058823529412,
        "NOUN": 0.9375,
        "NUM": 0.8156028368794326,
        "PRON": 0.9595808383233533,
        "PRT": 0.9029126213592233,
        "VERB": 0.9438943894389439,
        "X": 0.8969072164948454,
        "<pad>": 0
    },
    "train_loss": 199.6171417236328,
    "validation_accuracy": 0.8340486409155937,
    "validation_accuracy_per_label": {
        ".": 0.9518072289156626,
        "ADJ": 0.5151515151515151,
        "ADP": 0.9271523178807947,
        "ADV": 0.6821705426356589,
        "CONJ": 0.9285714285714286,
        "DET": 0.9153846153846154,
        "NOUN": 0.773109243697479,
        "NUM": 0.7647058823529411,
        "PRON": 0.9375,
        "PRT": 0.9298245614035088,
        "VERB": 0.8495821727019499,
        "X": 0.7988826815642458,
        "<pad>": 0
    },
    "validation_loss": 300.2658996582031,
    "epoch_num": 25
}