{
    "train_accuracy": 0.3177786874061946,
    "train_accuracy_per_label": {
        ".": 0.19090909090909092,
        "ADJ": 0.0,
        "ADP": 0.0,
        "ADV": 0.007614213197969543,
        "CONJ": 0.0,
        "DET": 0.0,
        "NOUN": 0.8732142857142857,
        "NUM": 0.0,
        "PRON": 0.1497005988023952,
        "PRT": 0.0,
        "VERB": 0.47277227722772275,
        "X": 0.026509572901325478,
        "<pad>": 0
    },
    "train_loss": 1278.4996337890625,
    "validation_accuracy": 0.35717691940867907,
    "validation_accuracy_per_label": {
        ".": 0.3333333333333333,
        "ADJ": 0.0,
        "ADP": 0.0,
        "ADV": 0.007751937984496124,
        "CONJ": 0.0,
        "DET": 0.0,
        "NOUN": 0.842436974789916,
        "NUM": 0.0,
        "PRON": 0.2864583333333333,
        "PRT": 0.0,
        "VERB": 0.5459610027855153,
        "X": 0.07262569832402235,
        "<pad>": 0
    },
    "validation_loss": 1124.4578857421875,
    "epoch_num": 3
}