{
    "train_accuracy": 0.9511529540182835,
    "train_accuracy_per_label": {
        ".": 0.9625,
        "ADJ": 0.8928571428571429,
        "ADP": 0.9378427787934186,
        "ADV": 0.9035532994923858,
        "CONJ": 0.937888198757764,
        "DET": 0.9858823529411764,
        "NOUN": 0.9535714285714286,
        "NUM": 0.8936170212765957,
        "PRON": 0.9745508982035929,
        "PRT": 0.9514563106796117,
        "VERB": 0.9744224422442245,
        "X": 0.9263622974963182,
        "<pad>": 0
    },
    "train_loss": 115.70001220703125,
    "validation_accuracy": 0.8373867429661421,
    "validation_accuracy_per_label": {
        ".": 0.9518072289156626,
        "ADJ": 0.6262626262626263,
        "ADP": 0.9139072847682119,
        "ADV": 0.689922480620155,
        "CONJ": 0.9285714285714286,
        "DET": 0.9230769230769231,
        "NOUN": 0.7689075630252101,
        "NUM": 0.6764705882352942,
        "PRON": 0.9479166666666666,
        "PRT": 0.9473684210526315,
        "VERB": 0.841225626740947,
        "X": 0.8044692737430168,
        "<pad>": 0
    },
    "validation_loss": 283.5350646972656,
    "epoch_num": 38
}