{
    "train_accuracy": 0.2159912675671988,
    "train_accuracy_per_label": {
        ".": 0.1590909090909091,
        "ADJ": 0.017857142857142856,
        "ADP": 0.03290676416819013,
        "ADV": 0.0025380710659898475,
        "CONJ": 0.0,
        "DET": 0.0,
        "NOUN": 0.731547619047619,
        "NUM": 0.0,
        "PRON": 0.005988023952095809,
        "PRT": 0.0,
        "VERB": 0.14356435643564355,
        "X": 0.016200294550810016,
        "<pad>": 0
    },
    "train_loss": 1449.25927734375,
    "validation_accuracy": 0.23605150214592274,
    "validation_accuracy_per_label": {
        ".": 0.07228915662650602,
        "ADJ": 0.0,
        "ADP": 0.0,
        "ADV": 0.0,
        "CONJ": 0.0,
        "DET": 0.0,
        "NOUN": 0.8256302521008403,
        "NUM": 0.0,
        "PRON": 0.010416666666666666,
        "PRT": 0.0,
        "VERB": 0.22841225626740946,
        "X": 0.0,
        "<pad>": 0
    },
    "validation_loss": 1264.5029296875,
    "epoch_num": 1
}