{
    "train_accuracy": 0.9340974212034384,
    "train_accuracy_per_label": {
        ".": 0.9579545454545455,
        "ADJ": 0.8214285714285714,
        "ADP": 0.9085923217550275,
        "ADV": 0.8781725888324873,
        "CONJ": 0.937888198757764,
        "DET": 0.9694117647058823,
        "NOUN": 0.9458333333333333,
        "NUM": 0.8368794326241135,
        "PRON": 0.968562874251497,
        "PRT": 0.941747572815534,
        "VERB": 0.9537953795379538,
        "X": 0.9086892488954345,
        "<pad>": 0
    },
    "train_loss": 164.2640838623047,
    "validation_accuracy": 0.8359561278016213,
    "validation_accuracy_per_label": {
        ".": 0.9518072289156626,
        "ADJ": 0.5959595959595959,
        "ADP": 0.9139072847682119,
        "ADV": 0.689922480620155,
        "CONJ": 0.9285714285714286,
        "DET": 0.9153846153846154,
        "NOUN": 0.7668067226890757,
        "NUM": 0.7647058823529411,
        "PRON": 0.9375,
        "PRT": 0.9298245614035088,
        "VERB": 0.8467966573816156,
        "X": 0.8044692737430168,
        "<pad>": 0
    },
    "validation_loss": 288.28717041015625,
    "epoch_num": 29
}