{
    "train_accuracy": 0.928639650702688,
    "train_accuracy_per_label": {
        ".": 0.9556818181818182,
        "ADJ": 0.7976190476190477,
        "ADP": 0.9012797074954296,
        "ADV": 0.8654822335025381,
        "CONJ": 0.937888198757764,
        "DET": 0.9694117647058823,
        "NOUN": 0.9422619047619047,
        "NUM": 0.8226950354609929,
        "PRON": 0.968562874251497,
        "PRT": 0.9271844660194175,
        "VERB": 0.9488448844884488,
        "X": 0.9027982326951399,
        "<pad>": 0
    },
    "train_loss": 180.370361328125,
    "validation_accuracy": 0.8354792560801144,
    "validation_accuracy_per_label": {
        ".": 0.9518072289156626,
        "ADJ": 0.5555555555555556,
        "ADP": 0.9139072847682119,
        "ADV": 0.689922480620155,
        "CONJ": 0.9285714285714286,
        "DET": 0.9153846153846154,
        "NOUN": 0.7710084033613446,
        "NUM": 0.7647058823529411,
        "PRON": 0.9375,
        "PRT": 0.9298245614035088,
        "VERB": 0.8495821727019499,
        "X": 0.8044692737430168,
        "<pad>": 0
    },
    "validation_loss": 293.08447265625,
    "epoch_num": 27
}