{
    "train_accuracy": 0.8188020193750852,
    "train_accuracy_per_label": {
        ".": 0.9477272727272728,
        "ADJ": 0.24404761904761904,
        "ADP": 0.773308957952468,
        "ADV": 0.6040609137055838,
        "CONJ": 0.7267080745341615,
        "DET": 0.9247058823529412,
        "NOUN": 0.8761904761904762,
        "NUM": 0.49645390070921985,
        "PRON": 0.8892215568862275,
        "PRT": 0.8446601941747572,
        "VERB": 0.8622112211221122,
        "X": 0.8232695139911634,
        "<pad>": 0
    },
    "train_loss": 441.2362976074219,
    "validation_accuracy": 0.7734859322842156,
    "validation_accuracy_per_label": {
        ".": 0.9397590361445783,
        "ADJ": 0.13131313131313133,
        "ADP": 0.8278145695364238,
        "ADV": 0.5038759689922481,
        "CONJ": 0.7380952380952381,
        "DET": 0.9076923076923077,
        "NOUN": 0.7962184873949579,
        "NUM": 0.47058823529411764,
        "PRON": 0.859375,
        "PRT": 0.8421052631578947,
        "VERB": 0.8105849582172702,
        "X": 0.7653631284916201,
        "<pad>": 0
    },
    "validation_loss": 448.1769714355469,
    "epoch_num": 14
}