{
    "train_accuracy": 0.26347387092372765,
    "train_accuracy_per_label": {
        ".": 0.08181818181818182,
        "ADJ": 0.0,
        "ADP": 0.0,
        "ADV": 0.005076142131979695,
        "CONJ": 0.0,
        "DET": 0.0,
        "NOUN": 0.8636904761904762,
        "NUM": 0.0,
        "PRON": 0.02844311377245509,
        "PRT": 0.0,
        "VERB": 0.3118811881188119,
        "X": 0.013254786450662739,
        "<pad>": 0
    },
    "train_loss": 1356.420654296875,
    "validation_accuracy": 0.2865999046256557,
    "validation_accuracy_per_label": {
        ".": 0.07630522088353414,
        "ADJ": 0.0,
        "ADP": 0.0,
        "ADV": 0.007751937984496124,
        "CONJ": 0.0,
        "DET": 0.0,
        "NOUN": 0.8718487394957983,
        "NUM": 0.0,
        "PRON": 0.057291666666666664,
        "PRT": 0.0,
        "VERB": 0.42618384401114207,
        "X": 0.0111731843575419,
        "<pad>": 0
    },
    "validation_loss": 1193.9022216796875,
    "epoch_num": 2
}