{
    "train_accuracy": 0.834902442352299,
    "train_accuracy_per_label": {
        ".": 0.9477272727272728,
        "ADJ": 0.31845238095238093,
        "ADP": 0.7806215722120659,
        "ADV": 0.6573604060913706,
        "CONJ": 0.7950310559006211,
        "DET": 0.9317647058823529,
        "NOUN": 0.8869047619047619,
        "NUM": 0.5319148936170213,
        "PRON": 0.9041916167664671,
        "PRT": 0.8495145631067961,
        "VERB": 0.8762376237623762,
        "X": 0.8276877761413843,
        "<pad>": 0
    },
    "train_loss": 401.5090637207031,
    "validation_accuracy": 0.7835002384358608,
    "validation_accuracy_per_label": {
        ".": 0.9437751004016064,
        "ADJ": 0.21212121212121213,
        "ADP": 0.847682119205298,
        "ADV": 0.5658914728682171,
        "CONJ": 0.7857142857142857,
        "DET": 0.9076923076923077,
        "NOUN": 0.7857142857142857,
        "NUM": 0.47058823529411764,
        "PRON": 0.875,
        "PRT": 0.8596491228070176,
        "VERB": 0.8133704735376045,
        "X": 0.7597765363128491,
        "<pad>": 0
    },
    "validation_loss": 419.98712158203125,
    "epoch_num": 15
}