{
    "train_accuracy": 0.9068085686996862,
    "train_accuracy_per_label": {
        ".": 0.9534090909090909,
        "ADJ": 0.6845238095238095,
        "ADP": 0.8775137111517367,
        "ADV": 0.8401015228426396,
        "CONJ": 0.9192546583850931,
        "DET": 0.96,
        "NOUN": 0.9279761904761905,
        "NUM": 0.8014184397163121,
        "PRON": 0.9505988023952096,
        "PRT": 0.8786407766990292,
        "VERB": 0.9282178217821783,
        "X": 0.8792341678939617,
        "<pad>": 0
    },
    "train_loss": 236.7063751220703,
    "validation_accuracy": 0.8297567954220315,
    "validation_accuracy_per_label": {
        ".": 0.9518072289156626,
        "ADJ": 0.46464646464646464,
        "ADP": 0.9205298013245033,
        "ADV": 0.6434108527131783,
        "CONJ": 0.9285714285714286,
        "DET": 0.9153846153846154,
        "NOUN": 0.7836134453781513,
        "NUM": 0.7352941176470589,
        "PRON": 0.9375,
        "PRT": 0.9122807017543859,
        "VERB": 0.8523676880222841,
        "X": 0.7877094972067039,
        "<pad>": 0
    },
    "validation_loss": 317.3996887207031,
    "epoch_num": 22
}