{
    "train_accuracy": 0.941192522854414,
    "train_accuracy_per_label": {
        ".": 0.9602272727272727,
        "ADJ": 0.8541666666666666,
        "ADP": 0.9177330895795247,
        "ADV": 0.8934010152284264,
        "CONJ": 0.937888198757764,
        "DET": 0.9764705882352941,
        "NOUN": 0.9464285714285714,
        "NUM": 0.8723404255319149,
        "PRON": 0.9715568862275449,
        "PRT": 0.9514563106796117,
        "VERB": 0.9603960396039604,
        "X": 0.9189985272459499,
        "<pad>": 0
    },
    "train_loss": 144.51358032226562,
    "validation_accuracy": 0.8369098712446352,
    "validation_accuracy_per_label": {
        ".": 0.9518072289156626,
        "ADJ": 0.6161616161616161,
        "ADP": 0.9139072847682119,
        "ADV": 0.689922480620155,
        "CONJ": 0.9285714285714286,
        "DET": 0.9153846153846154,
        "NOUN": 0.7710084033613446,
        "NUM": 0.7352941176470589,
        "PRON": 0.9479166666666666,
        "PRT": 0.9298245614035088,
        "VERB": 0.841225626740947,
        "X": 0.7988826815642458,
        "<pad>": 0
    },
    "validation_loss": 284.3094787597656,
    "epoch_num": 32
}