{
    "train_accuracy": 0.7994269340974212,
    "train_accuracy_per_label": {
        ".": 0.9477272727272728,
        "ADJ": 0.17559523809523808,
        "ADP": 0.773308957952468,
        "ADV": 0.49238578680203043,
        "CONJ": 0.6645962732919255,
        "DET": 0.8964705882352941,
        "NOUN": 0.8690476190476191,
        "NUM": 0.46808510638297873,
        "PRON": 0.8682634730538922,
        "PRT": 0.8155339805825242,
        "VERB": 0.8556105610561056,
        "X": 0.8100147275405007,
        "<pad>": 0
    },
    "train_loss": 486.956298828125,
    "validation_accuracy": 0.7572722937529804,
    "validation_accuracy_per_label": {
        ".": 0.9357429718875502,
        "ADJ": 0.09090909090909091,
        "ADP": 0.8278145695364238,
        "ADV": 0.4573643410852713,
        "CONJ": 0.6428571428571429,
        "DET": 0.9076923076923077,
        "NOUN": 0.7878151260504201,
        "NUM": 0.4117647058823529,
        "PRON": 0.8385416666666666,
        "PRT": 0.8070175438596491,
        "VERB": 0.7938718662952646,
        "X": 0.7597765363128491,
        "<pad>": 0
    },
    "validation_loss": 481.45538330078125,
    "epoch_num": 13
}