{
    "train_accuracy": 0.7074635011597762,
    "train_accuracy_per_label": {
        ".": 0.9409090909090909,
        "ADJ": 0.03869047619047619,
        "ADP": 0.7020109689213894,
        "ADV": 0.13451776649746192,
        "CONJ": 0.055900621118012424,
        "DET": 0.7976470588235294,
        "NOUN": 0.8511904761904762,
        "NUM": 0.14184397163120568,
        "PRON": 0.7544910179640718,
        "PRT": 0.5533980582524272,
        "VERB": 0.7929042904290429,
        "X": 0.780559646539028,
        "<pad>": 0
    },
    "train_loss": 665.6226196289062,
    "validation_accuracy": 0.6843109203624225,
    "validation_accuracy_per_label": {
        ".": 0.9357429718875502,
        "ADJ": 0.020202020202020204,
        "ADP": 0.7417218543046358,
        "ADV": 0.13178294573643412,
        "CONJ": 0.14285714285714285,
        "DET": 0.7769230769230769,
        "NOUN": 0.7689075630252101,
        "NUM": 0.2647058823529412,
        "PRON": 0.7395833333333334,
        "PRT": 0.7017543859649122,
        "VERB": 0.766016713091922,
        "X": 0.7374301675977654,
        "<pad>": 0
    },
    "validation_loss": 616.5709838867188,
    "epoch_num": 10
}