{
    "train_accuracy": 0.7703643061809251,
    "train_accuracy_per_label": {
        ".": 0.9443181818181818,
        "ADJ": 0.09523809523809523,
        "ADP": 0.7586837294332724,
        "ADV": 0.3604060913705584,
        "CONJ": 0.5403726708074534,
        "DET": 0.8729411764705882,
        "NOUN": 0.8648809523809524,
        "NUM": 0.3900709219858156,
        "PRON": 0.8368263473053892,
        "PRT": 0.7330097087378641,
        "VERB": 0.83003300330033,
        "X": 0.801178203240059,
        "<pad>": 0
    },
    "train_loss": 539.2891845703125,
    "validation_accuracy": 0.7362899380066762,
    "validation_accuracy_per_label": {
        ".": 0.9357429718875502,
        "ADJ": 0.0707070707070707,
        "ADP": 0.8211920529801324,
        "ADV": 0.31007751937984496,
        "CONJ": 0.5476190476190477,
        "DET": 0.8769230769230769,
        "NOUN": 0.7710084033613446,
        "NUM": 0.38235294117647056,
        "PRON": 0.8177083333333334,
        "PRT": 0.8070175438596491,
        "VERB": 0.7910863509749304,
        "X": 0.7597765363128491,
        "<pad>": 0
    },
    "validation_loss": 520.3535766601562,
    "epoch_num": 12
}