{
    "train_accuracy": 0.9357347523536635,
    "train_accuracy_per_label": {
        ".": 0.9579545454545455,
        "ADJ": 0.8273809523809523,
        "ADP": 0.9122486288848263,
        "ADV": 0.8807106598984772,
        "CONJ": 0.937888198757764,
        "DET": 0.9694117647058823,
        "NOUN": 0.9458333333333333,
        "NUM": 0.8368794326241135,
        "PRON": 0.968562874251497,
        "PRT": 0.941747572815534,
        "VERB": 0.9570957095709571,
        "X": 0.9131075110456554,
        "<pad>": 0
    },
    "train_loss": 157.1603546142578,
    "validation_accuracy": 0.837863614687649,
    "validation_accuracy_per_label": {
        ".": 0.9518072289156626,
        "ADJ": 0.6060606060606061,
        "ADP": 0.9139072847682119,
        "ADV": 0.689922480620155,
        "CONJ": 0.9285714285714286,
        "DET": 0.9153846153846154,
        "NOUN": 0.7710084033613446,
        "NUM": 0.7647058823529411,
        "PRON": 0.9427083333333334,
        "PRT": 0.9298245614035088,
        "VERB": 0.8467966573816156,
        "X": 0.8044692737430168,
        "<pad>": 0
    },
    "validation_loss": 286.5897216796875,
    "epoch_num": 30
}