{
    "train_accuracy": 0.8643744030563515,
    "train_accuracy_per_label": {
        ".": 0.95,
        "ADJ": 0.4375,
        "ADP": 0.8080438756855576,
        "ADV": 0.7639593908629442,
        "CONJ": 0.9006211180124224,
        "DET": 0.9435294117647058,
        "NOUN": 0.9005952380952381,
        "NUM": 0.624113475177305,
        "PRON": 0.9311377245508982,
        "PRT": 0.8640776699029126,
        "VERB": 0.8985148514851485,
        "X": 0.8438880706921944,
        "<pad>": 0
    },
    "train_loss": 337.3189392089844,
    "validation_accuracy": 0.8059132093466858,
    "validation_accuracy_per_label": {
        ".": 0.9518072289156626,
        "ADJ": 0.32323232323232326,
        "ADP": 0.8807947019867549,
        "ADV": 0.6201550387596899,
        "CONJ": 0.8809523809523809,
        "DET": 0.9076923076923077,
        "NOUN": 0.7815126050420168,
        "NUM": 0.5882352941176471,
        "PRON": 0.90625,
        "PRT": 0.8947368421052632,
        "VERB": 0.8272980501392758,
        "X": 0.776536312849162,
        "<pad>": 0
    },
    "validation_loss": 376.5689392089844,
    "epoch_num": 17
}