{
    "train_accuracy": 0.45422294992495565,
    "train_accuracy_per_label": {
        ".": 0.6590909090909091,
        "ADJ": 0.002976190476190476,
        "ADP": 0.04204753199268738,
        "ADV": 0.012690355329949238,
        "CONJ": 0.0,
        "DET": 0.0,
        "NOUN": 0.8523809523809524,
        "NUM": 0.0,
        "PRON": 0.5,
        "PRT": 0.0,
        "VERB": 0.5783828382838284,
        "X": 0.37260677466863035,
        "<pad>": 0
    },
    "train_loss": 1102.22705078125,
    "validation_accuracy": 0.4716261325703386,
    "validation_accuracy_per_label": {
        ".": 0.7630522088353414,
        "ADJ": 0.0,
        "ADP": 0.09271523178807947,
        "ADV": 0.0,
        "CONJ": 0.0,
        "DET": 0.0,
        "NOUN": 0.7962184873949579,
        "NUM": 0.0,
        "PRON": 0.5416666666666666,
        "PRT": 0.0,
        "VERB": 0.6211699164345403,
        "X": 0.441340782122905,
        "<pad>": 0
    },
    "validation_loss": 966.8550415039062,
    "epoch_num": 5
}