{
    "train_accuracy": 0.9308227589029882,
    "train_accuracy_per_label": {
        ".": 0.9556818181818182,
        "ADJ": 0.8154761904761905,
        "ADP": 0.9012797074954296,
        "ADV": 0.8756345177664975,
        "CONJ": 0.937888198757764,
        "DET": 0.9694117647058823,
        "NOUN": 0.9434523809523809,
        "NUM": 0.8297872340425532,
        "PRON": 0.968562874251497,
        "PRT": 0.9368932038834952,
        "VERB": 0.9488448844884488,
        "X": 0.9042709867452136,
        "<pad>": 0
    },
    "train_loss": 171.97410583496094,
    "validation_accuracy": 0.8359561278016213,
    "validation_accuracy_per_label": {
        ".": 0.9518072289156626,
        "ADJ": 0.5858585858585859,
        "ADP": 0.9139072847682119,
        "ADV": 0.689922480620155,
        "CONJ": 0.9285714285714286,
        "DET": 0.9153846153846154,
        "NOUN": 0.7689075630252101,
        "NUM": 0.7647058823529411,
        "PRON": 0.9375,
        "PRT": 0.9298245614035088,
        "VERB": 0.8467966573816156,
        "X": 0.8044692737430168,
        "<pad>": 0
    },
    "validation_loss": 290.4289245605469,
    "epoch_num": 28
}