{
    "train_accuracy": 0.8937099194978851,
    "train_accuracy_per_label": {
        ".": 0.9511363636363637,
        "ADJ": 0.5892857142857143,
        "ADP": 0.8647166361974405,
        "ADV": 0.8147208121827412,
        "CONJ": 0.9130434782608695,
        "DET": 0.96,
        "NOUN": 0.919047619047619,
        "NUM": 0.7801418439716312,
        "PRON": 0.9446107784431138,
        "PRT": 0.8689320388349514,
        "VERB": 0.9166666666666666,
        "X": 0.8703976435935199,
        "<pad>": 0
    },
    "train_loss": 269.3722839355469,
    "validation_accuracy": 0.8230805913209347,
    "validation_accuracy_per_label": {
        ".": 0.9518072289156626,
        "ADJ": 0.41414141414141414,
        "ADP": 0.9139072847682119,
        "ADV": 0.627906976744186,
        "CONJ": 0.9285714285714286,
        "DET": 0.9153846153846154,
        "NOUN": 0.7836134453781513,
        "NUM": 0.7352941176470589,
        "PRON": 0.921875,
        "PRT": 0.8947368421052632,
        "VERB": 0.8467966573816156,
        "X": 0.7877094972067039,
        "<pad>": 0
    },
    "validation_loss": 335.01348876953125,
    "epoch_num": 20
}