{
    "train_accuracy": 0.5119388729703916,
    "train_accuracy_per_label": {
        ".": 0.8181818181818182,
        "ADJ": 0.005952380952380952,
        "ADP": 0.170018281535649,
        "ADV": 0.012690355329949238,
        "CONJ": 0.0,
        "DET": 0.002352941176470588,
        "NOUN": 0.844047619047619,
        "NUM": 0.0,
        "PRON": 0.5823353293413174,
        "PRT": 0.0,
        "VERB": 0.6221122112211221,
        "X": 0.5449189985272459,
        "<pad>": 0
    },
    "train_loss": 1005.2866821289062,
    "validation_accuracy": 0.514067715784454,
    "validation_accuracy_per_label": {
        ".": 0.8795180722891566,
        "ADJ": 0.0,
        "ADP": 0.24503311258278146,
        "ADV": 0.0,
        "CONJ": 0.0,
        "DET": 0.023076923076923078,
        "NOUN": 0.7773109243697479,
        "NUM": 0.0,
        "PRON": 0.609375,
        "PRT": 0.0,
        "VERB": 0.6462395543175488,
        "X": 0.5586592178770949,
        "<pad>": 0
    },
    "validation_loss": 885.0955200195312,
    "epoch_num": 6
}