{
    "train_accuracy": 0.944603629417383,
    "train_accuracy_per_label": {
        ".": 0.9602272727272727,
        "ADJ": 0.875,
        "ADP": 0.9213893967093236,
        "ADV": 0.8959390862944162,
        "CONJ": 0.937888198757764,
        "DET": 0.9835294117647059,
        "NOUN": 0.9482142857142857,
        "NUM": 0.8794326241134752,
        "PRON": 0.9730538922155688,
        "PRT": 0.9514563106796117,
        "VERB": 0.9636963696369637,
        "X": 0.9234167893961709,
        "<pad>": 0
    },
    "train_loss": 133.5986785888672,
    "validation_accuracy": 0.8383404864091559,
    "validation_accuracy_per_label": {
        ".": 0.9518072289156626,
        "ADJ": 0.6262626262626263,
        "ADP": 0.9139072847682119,
        "ADV": 0.689922480620155,
        "CONJ": 0.9285714285714286,
        "DET": 0.9153846153846154,
        "NOUN": 0.7752100840336135,
        "NUM": 0.7058823529411765,
        "PRON": 0.9479166666666666,
        "PRT": 0.9298245614035088,
        "VERB": 0.8440111420612814,
        "X": 0.7988826815642458,
        "<pad>": 0
    },
    "validation_loss": 283.2152099609375,
    "epoch_num": 34
}