{
    "train_accuracy": 0.7399372356392414,
    "train_accuracy_per_label": {
        ".": 0.9420454545454545,
        "ADJ": 0.05654761904761905,
        "ADP": 0.7330895795246801,
        "ADV": 0.22081218274111675,
        "CONJ": 0.2732919254658385,
        "DET": 0.8494117647058823,
        "NOUN": 0.8571428571428571,
        "NUM": 0.2907801418439716,
        "PRON": 0.8098802395209581,
        "PRT": 0.6601941747572816,
        "VERB": 0.8118811881188119,
        "X": 0.7952871870397643,
        "<pad>": 0
    },
    "train_loss": 598.7367553710938,
    "validation_accuracy": 0.7153075822603719,
    "validation_accuracy_per_label": {
        ".": 0.9357429718875502,
        "ADJ": 0.030303030303030304,
        "ADP": 0.7880794701986755,
        "ADV": 0.21705426356589147,
        "CONJ": 0.47619047619047616,
        "DET": 0.823076923076923,
        "NOUN": 0.773109243697479,
        "NUM": 0.3235294117647059,
        "PRON": 0.796875,
        "PRT": 0.7543859649122807,
        "VERB": 0.7771587743732591,
        "X": 0.7597765363128491,
        "<pad>": 0
    },
    "validation_loss": 565.2979736328125,
    "epoch_num": 11
}