{
    "train_accuracy": 0.6183653977350252,
    "train_accuracy_per_label": {
        ".": 0.9238636363636363,
        "ADJ": 0.011904761904761904,
        "ADP": 0.5137111517367459,
        "ADV": 0.025380710659898477,
        "CONJ": 0.0,
        "DET": 0.43058823529411766,
        "NOUN": 0.8398809523809524,
        "NUM": 0.03546099290780142,
        "PRON": 0.7005988023952096,
        "PRT": 0.07766990291262135,
        "VERB": 0.721947194719472,
        "X": 0.6863033873343152,
        "<pad>": 0
    },
    "train_loss": 821.6141967773438,
    "validation_accuracy": 0.6070577014783023,
    "validation_accuracy_per_label": {
        ".": 0.9196787148594378,
        "ADJ": 0.0,
        "ADP": 0.6026490066225165,
        "ADV": 0.015503875968992248,
        "CONJ": 0.0,
        "DET": 0.5230769230769231,
        "NOUN": 0.7542016806722689,
        "NUM": 0.058823529411764705,
        "PRON": 0.6875,
        "PRT": 0.17543859649122806,
        "VERB": 0.7214484679665738,
        "X": 0.6759776536312849,
        "<pad>": 0
    },
    "validation_loss": 738.2318725585938,
    "epoch_num": 8
}