{
    "train_accuracy": 0.9016236867239733,
    "train_accuracy_per_label": {
        ".": 0.9522727272727273,
        "ADJ": 0.6577380952380952,
        "ADP": 0.8738574040219378,
        "ADV": 0.8274111675126904,
        "CONJ": 0.9192546583850931,
        "DET": 0.96,
        "NOUN": 0.9238095238095239,
        "NUM": 0.7872340425531915,
        "PRON": 0.9461077844311377,
        "PRT": 0.8737864077669902,
        "VERB": 0.9240924092409241,
        "X": 0.8748159057437408,
        "<pad>": 0
    },
    "train_loss": 252.05584716796875,
    "validation_accuracy": 0.8264186933714831,
    "validation_accuracy_per_label": {
        ".": 0.9518072289156626,
        "ADJ": 0.41414141414141414,
        "ADP": 0.9205298013245033,
        "ADV": 0.6356589147286822,
        "CONJ": 0.9285714285714286,
        "DET": 0.9153846153846154,
        "NOUN": 0.7878151260504201,
        "NUM": 0.7352941176470589,
        "PRON": 0.9322916666666666,
        "PRT": 0.8947368421052632,
        "VERB": 0.8495821727019499,
        "X": 0.7877094972067039,
        "<pad>": 0
    },
    "validation_loss": 325.4365539550781,
    "epoch_num": 21
}