{
    "train_accuracy": 0.946923181880202,
    "train_accuracy_per_label": {
        ".": 0.9625,
        "ADJ": 0.8809523809523809,
        "ADP": 0.926873857404022,
        "ADV": 0.8984771573604061,
        "CONJ": 0.937888198757764,
        "DET": 0.9835294117647059,
        "NOUN": 0.9511904761904761,
        "NUM": 0.8794326241134752,
        "PRON": 0.9745508982035929,
        "PRT": 0.9514563106796117,
        "VERB": 0.9661716171617162,
        "X": 0.9234167893961709,
        "<pad>": 0
    },
    "train_loss": 128.68287658691406,
    "validation_accuracy": 0.837863614687649,
    "validation_accuracy_per_label": {
        ".": 0.9518072289156626,
        "ADJ": 0.6262626262626263,
        "ADP": 0.9139072847682119,
        "ADV": 0.689922480620155,
        "CONJ": 0.9285714285714286,
        "DET": 0.9153846153846154,
        "NOUN": 0.773109243697479,
        "NUM": 0.6764705882352942,
        "PRON": 0.9479166666666666,
        "PRT": 0.9298245614035088,
        "VERB": 0.8440111420612814,
        "X": 0.8044692737430168,
        "<pad>": 0
    },
    "validation_loss": 283.0228576660156,
    "epoch_num": 35
}