{
    "train_accuracy": 0.9426934097421203,
    "train_accuracy_per_label": {
        ".": 0.9602272727272727,
        "ADJ": 0.8601190476190477,
        "ADP": 0.9195612431444241,
        "ADV": 0.8959390862944162,
        "CONJ": 0.937888198757764,
        "DET": 0.9811764705882353,
        "NOUN": 0.9470238095238095,
        "NUM": 0.8794326241134752,
        "PRON": 0.9715568862275449,
        "PRT": 0.9514563106796117,
        "VERB": 0.9620462046204621,
        "X": 0.9204712812960235,
        "<pad>": 0
    },
    "train_loss": 138.86248779296875,
    "validation_accuracy": 0.8369098712446352,
    "validation_accuracy_per_label": {
        ".": 0.9518072289156626,
        "ADJ": 0.6161616161616161,
        "ADP": 0.9139072847682119,
        "ADV": 0.689922480620155,
        "CONJ": 0.9285714285714286,
        "DET": 0.9153846153846154,
        "NOUN": 0.773109243697479,
        "NUM": 0.7058823529411765,
        "PRON": 0.9479166666666666,
        "PRT": 0.9298245614035088,
        "VERB": 0.841225626740947,
        "X": 0.7988826815642458,
        "<pad>": 0
    },
    "validation_loss": 283.6337585449219,
    "epoch_num": 33
}