{
    "train_accuracy": 0.6152271796970937,
    "train_accuracy_per_label": {
        ".": 0.9272727272727272,
        "ADJ": 0.002976190476190476,
        "ADP": 0.5100548446069469,
        "ADV": 0.0,
        "CONJ": 0.0,
        "DET": 0.24941176470588236,
        "NOUN": 0.825595238095238,
        "NUM": 0.014184397163120567,
        "PRON": 0.7020958083832335,
        "PRT": 0.0,
        "VERB": 0.754950495049505,
        "X": 0.7864506627393225,
        "<pad>": 0
    },
    "train_loss": 1.3394194841384888,
    "validation_accuracy": 0.6132570338578922,
    "validation_accuracy_per_label": {
        ".": 0.927710843373494,
        "ADJ": 0.0,
        "ADP": 0.5827814569536424,
        "ADV": 0.015503875968992248,
        "CONJ": 0.0,
        "DET": 0.47692307692307695,
        "NOUN": 0.7647058823529411,
        "NUM": 0.08823529411764706,
        "PRON": 0.71875,
        "PRT": 0.0,
        "VERB": 0.7520891364902507,
        "X": 0.7150837988826816,
        "<pad>": 0
    },
    "validation_loss": 1.3272018432617188,
    "epoch_num": 8
}