{
    "train_accuracy": 0.5371810615363624,
    "train_accuracy_per_label": {
        ".": 0.8784090909090909,
        "ADJ": 0.0,
        "ADP": 0.15722120658135283,
        "ADV": 0.0,
        "CONJ": 0.0,
        "DET": 0.0,
        "NOUN": 0.8375,
        "NUM": 0.0,
        "PRON": 0.5374251497005988,
        "PRT": 0.0,
        "VERB": 0.7013201320132013,
        "X": 0.6804123711340206,
        "<pad>": 0
    },
    "train_loss": 1.6261577606201172,
    "validation_accuracy": 0.5407725321888412,
    "validation_accuracy_per_label": {
        ".": 0.9116465863453815,
        "ADJ": 0.0,
        "ADP": 0.23841059602649006,
        "ADV": 0.0,
        "CONJ": 0.0,
        "DET": 0.0,
        "NOUN": 0.8025210084033614,
        "NUM": 0.0,
        "PRON": 0.5989583333333334,
        "PRT": 0.0,
        "VERB": 0.7158774373259053,
        "X": 0.6536312849162011,
        "<pad>": 0
    },
    "validation_loss": 1.5826903581619263,
    "epoch_num": 6
}