{
    "train_accuracy": 0.8677855096193205,
    "train_accuracy_per_label": {
        ".": 0.9522727272727273,
        "ADJ": 0.41964285714285715,
        "ADP": 0.8117001828153565,
        "ADV": 0.751269035532995,
        "CONJ": 0.9130434782608695,
        "DET": 0.9552941176470588,
        "NOUN": 0.8970238095238096,
        "NUM": 0.624113475177305,
        "PRON": 0.9356287425149701,
        "PRT": 0.8495145631067961,
        "VERB": 0.9092409240924092,
        "X": 0.8703976435935199,
        "<pad>": 0
    },
    "train_loss": 0.5536304116249084,
    "validation_accuracy": 0.8059132093466858,
    "validation_accuracy_per_label": {
        ".": 0.9518072289156626,
        "ADJ": 0.2727272727272727,
        "ADP": 0.9006622516556292,
        "ADV": 0.6201550387596899,
        "CONJ": 0.9285714285714286,
        "DET": 0.9153846153846154,
        "NOUN": 0.7815126050420168,
        "NUM": 0.5882352941176471,
        "PRON": 0.9010416666666666,
        "PRT": 0.8947368421052632,
        "VERB": 0.8356545961002786,
        "X": 0.7597765363128491,
        "<pad>": 0
    },
    "validation_loss": 0.6766706705093384,
    "epoch_num": 17
}