{
    "train_accuracy": 0.6672124437167417,
    "train_accuracy_per_label": {
        ".": 0.9329545454545455,
        "ADJ": 0.008928571428571428,
        "ADP": 0.6270566727605119,
        "ADV": 0.04568527918781726,
        "CONJ": 0.0,
        "DET": 0.6447058823529411,
        "NOUN": 0.830952380952381,
        "NUM": 0.0851063829787234,
        "PRON": 0.7709580838323353,
        "PRT": 0.06796116504854369,
        "VERB": 0.7821782178217822,
        "X": 0.8041237113402062,
        "<pad>": 0
    },
    "train_loss": 1.2104525566101074,
    "validation_accuracy": 0.6518836432999523,
    "validation_accuracy_per_label": {
        ".": 0.927710843373494,
        "ADJ": 0.010101010101010102,
        "ADP": 0.6821192052980133,
        "ADV": 0.06976744186046512,
        "CONJ": 0.0,
        "DET": 0.7,
        "NOUN": 0.7710084033613446,
        "NUM": 0.17647058823529413,
        "PRON": 0.7395833333333334,
        "PRT": 0.19298245614035087,
        "VERB": 0.766016713091922,
        "X": 0.7318435754189944,
        "<pad>": 0
    },
    "validation_loss": 1.214521050453186,
    "epoch_num": 9
}