{
    "train_accuracy": 0.13644426251876107,
    "train_accuracy_per_label": {
        ".": 0.39204545454545453,
        "ADJ": 0.2916666666666667,
        "ADP": 0.08226691042047532,
        "ADV": 0.0,
        "CONJ": 0.0,
        "DET": 0.0,
        "NOUN": 0.21428571428571427,
        "NUM": 0.18439716312056736,
        "PRON": 0.0029940119760479044,
        "PRT": 0.0,
        "VERB": 0.09983498349834984,
        "X": 0.004418262150220913,
        "<pad>": 0
    },
    "train_loss": 2.519207000732422,
    "validation_accuracy": 0.24892703862660945,
    "validation_accuracy_per_label": {
        ".": 0.3534136546184739,
        "ADJ": 0.050505050505050504,
        "ADP": 0.039735099337748346,
        "ADV": 0.0,
        "CONJ": 0.0,
        "DET": 0.0,
        "NOUN": 0.5357142857142857,
        "NUM": 0.029411764705882353,
        "PRON": 0.005208333333333333,
        "PRT": 0.0,
        "VERB": 0.4596100278551532,
        "X": 0.00558659217877095,
        "<pad>": 0
    },
    "validation_loss": 2.400482654571533,
    "epoch_num": 0
}