{
    "train_accuracy": 0.8784281620957839,
    "train_accuracy_per_label": {
        ".": 0.9534090909090909,
        "ADJ": 0.49107142857142855,
        "ADP": 0.8482632541133455,
        "ADV": 0.7715736040609137,
        "CONJ": 0.9130434782608695,
        "DET": 0.9576470588235294,
        "NOUN": 0.8994047619047619,
        "NUM": 0.6950354609929078,
        "PRON": 0.937125748502994,
        "PRT": 0.8495145631067961,
        "VERB": 0.9133663366336634,
        "X": 0.8762886597938144,
        "<pad>": 0
    },
    "train_loss": 0.5111966729164124,
    "validation_accuracy": 0.8097281831187411,
    "validation_accuracy_per_label": {
        ".": 0.9518072289156626,
        "ADJ": 0.30303030303030304,
        "ADP": 0.9072847682119205,
        "ADV": 0.627906976744186,
        "CONJ": 0.9285714285714286,
        "DET": 0.9153846153846154,
        "NOUN": 0.7815126050420168,
        "NUM": 0.6470588235294118,
        "PRON": 0.9114583333333334,
        "PRT": 0.8947368421052632,
        "VERB": 0.83008356545961,
        "X": 0.7653631284916201,
        "<pad>": 0
    },
    "validation_loss": 0.6470732092857361,
    "epoch_num": 18
}