{
    "train_accuracy": 0.9473325146677583,
    "train_accuracy_per_label": {
        ".": 0.9590909090909091,
        "ADJ": 0.8839285714285714,
        "ADP": 0.9287020109689214,
        "ADV": 0.8984771573604061,
        "CONJ": 0.937888198757764,
        "DET": 0.9811764705882353,
        "NOUN": 0.9488095238095238,
        "NUM": 0.8865248226950354,
        "PRON": 0.9730538922155688,
        "PRT": 0.9514563106796117,
        "VERB": 0.9702970297029703,
        "X": 0.9293078055964654,
        "<pad>": 0
    },
    "train_loss": 0.20460832118988037,
    "validation_accuracy": 0.8421554601812112,
    "validation_accuracy_per_label": {
        ".": 0.9558232931726908,
        "ADJ": 0.6363636363636364,
        "ADP": 0.9139072847682119,
        "ADV": 0.6976744186046512,
        "CONJ": 0.9285714285714286,
        "DET": 0.9307692307692308,
        "NOUN": 0.7773109243697479,
        "NUM": 0.7352941176470589,
        "PRON": 0.9479166666666666,
        "PRT": 0.9122807017543859,
        "VERB": 0.8440111420612814,
        "X": 0.8100558659217877,
        "<pad>": 0
    },
    "validation_loss": 0.5080426931381226,
    "epoch_num": 36
}