{
    "train_accuracy": 0.3147769136307818,
    "train_accuracy_per_label": {
        ".": 0.04318181818181818,
        "ADJ": 0.0,
        "ADP": 0.0018281535648994515,
        "ADV": 0.0,
        "CONJ": 0.0,
        "DET": 0.0,
        "NOUN": 0.799404761904762,
        "NUM": 0.0,
        "PRON": 0.0074850299401197605,
        "PRT": 0.0,
        "VERB": 0.6765676567656765,
        "X": 0.14727540500736377,
        "<pad>": 0
    },
    "train_loss": 2.168818950653076,
    "validation_accuracy": 0.318550309966619,
    "validation_accuracy_per_label": {
        ".": 0.05622489959839357,
        "ADJ": 0.0,
        "ADP": 0.0,
        "ADV": 0.0,
        "CONJ": 0.0,
        "DET": 0.0,
        "NOUN": 0.7962184873949579,
        "NUM": 0.0,
        "PRON": 0.0,
        "PRT": 0.0,
        "VERB": 0.6768802228412256,
        "X": 0.1787709497206704,
        "<pad>": 0
    },
    "validation_loss": 2.109682321548462,
    "epoch_num": 2
}