{
    "train_accuracy": 0.8576886341929322,
    "train_accuracy_per_label": {
        ".": 0.9522727272727273,
        "ADJ": 0.3541666666666667,
        "ADP": 0.7989031078610603,
        "ADV": 0.7385786802030457,
        "CONJ": 0.8881987577639752,
        "DET": 0.9552941176470588,
        "NOUN": 0.8863095238095238,
        "NUM": 0.5957446808510638,
        "PRON": 0.9296407185628742,
        "PRT": 0.8495145631067961,
        "VERB": 0.9034653465346535,
        "X": 0.865979381443299,
        "<pad>": 0
    },
    "train_loss": 0.6027305722236633,
    "validation_accuracy": 0.7968526466380543,
    "validation_accuracy_per_label": {
        ".": 0.9518072289156626,
        "ADJ": 0.20202020202020202,
        "ADP": 0.8741721854304636,
        "ADV": 0.6201550387596899,
        "CONJ": 0.9285714285714286,
        "DET": 0.9153846153846154,
        "NOUN": 0.773109243697479,
        "NUM": 0.5588235294117647,
        "PRON": 0.9010416666666666,
        "PRT": 0.8947368421052632,
        "VERB": 0.8245125348189415,
        "X": 0.7653631284916201,
        "<pad>": 0
    },
    "validation_loss": 0.7123638391494751,
    "epoch_num": 16
}