{
    "train_accuracy": 0.3468413153226907,
    "train_accuracy_per_label": {
        ".": 0.19090909090909092,
        "ADJ": 0.0,
        "ADP": 0.0,
        "ADV": 0.0,
        "CONJ": 0.0,
        "DET": 0.0,
        "NOUN": 0.856547619047619,
        "NUM": 0.0,
        "PRON": 0.011976047904191617,
        "PRT": 0.0,
        "VERB": 0.6476897689768977,
        "X": 0.20913107511045656,
        "<pad>": 0
    },
    "train_loss": 2.046649932861328,
    "validation_accuracy": 0.36337625178826893,
    "validation_accuracy_per_label": {
        ".": 0.3172690763052209,
        "ADJ": 0.0,
        "ADP": 0.0,
        "ADV": 0.0,
        "CONJ": 0.0,
        "DET": 0.0,
        "NOUN": 0.8361344537815126,
        "NUM": 0.0,
        "PRON": 0.052083333333333336,
        "PRT": 0.0,
        "VERB": 0.637883008356546,
        "X": 0.2569832402234637,
        "<pad>": 0
    },
    "validation_loss": 1.9919782876968384,
    "epoch_num": 3
}