{
    "train_accuracy": 0.7522172192659299,
    "train_accuracy_per_label": {
        ".": 0.9397727272727273,
        "ADJ": 0.02976190476190476,
        "ADP": 0.7458866544789763,
        "ADV": 0.25888324873096447,
        "CONJ": 0.4472049689440994,
        "DET": 0.8470588235294118,
        "NOUN": 0.8523809523809524,
        "NUM": 0.3404255319148936,
        "PRON": 0.8233532934131736,
        "PRT": 0.6650485436893204,
        "VERB": 0.8325082508250825,
        "X": 0.8217967599410898,
        "<pad>": 0
    },
    "train_loss": 0.9838376641273499,
    "validation_accuracy": 0.7234144015259895,
    "validation_accuracy_per_label": {
        ".": 0.9437751004016064,
        "ADJ": 0.030303030303030304,
        "ADP": 0.7814569536423841,
        "ADV": 0.26356589147286824,
        "CONJ": 0.5714285714285714,
        "DET": 0.8538461538461538,
        "NOUN": 0.7752100840336135,
        "NUM": 0.35294117647058826,
        "PRON": 0.7864583333333334,
        "PRT": 0.7719298245614035,
        "VERB": 0.7855153203342619,
        "X": 0.7486033519553073,
        "<pad>": 0
    },
    "validation_loss": 1.0196468830108643,
    "epoch_num": 11
}