{
    "train_accuracy": 0.574566789466503,
    "train_accuracy_per_label": {
        ".": 0.9125,
        "ADJ": 0.002976190476190476,
        "ADP": 0.33089579524680074,
        "ADV": 0.0,
        "CONJ": 0.0,
        "DET": 0.007058823529411765,
        "NOUN": 0.8339285714285715,
        "NUM": 0.0,
        "PRON": 0.6407185628742516,
        "PRT": 0.0,
        "VERB": 0.7244224422442245,
        "X": 0.759941089837997,
        "<pad>": 0
    },
    "train_loss": 1.4784762859344482,
    "validation_accuracy": 0.5731998092513114,
    "validation_accuracy_per_label": {
        ".": 0.9236947791164659,
        "ADJ": 0.0,
        "ADP": 0.47019867549668876,
        "ADV": 0.0,
        "CONJ": 0.0,
        "DET": 0.1,
        "NOUN": 0.773109243697479,
        "NUM": 0.0,
        "PRON": 0.65625,
        "PRT": 0.0,
        "VERB": 0.7409470752089137,
        "X": 0.7150837988826816,
        "<pad>": 0
    },
    "validation_loss": 1.4497500658035278,
    "epoch_num": 7
}