{
    "train_accuracy": 0.9336880884158821,
    "train_accuracy_per_label": {
        ".": 0.9568181818181818,
        "ADJ": 0.8273809523809523,
        "ADP": 0.906764168190128,
        "ADV": 0.8807106598984772,
        "CONJ": 0.937888198757764,
        "DET": 0.9741176470588235,
        "NOUN": 0.9398809523809524,
        "NUM": 0.8226950354609929,
        "PRON": 0.9670658682634731,
        "PRT": 0.941747572815534,
        "VERB": 0.9579207920792079,
        "X": 0.9116347569955817,
        "<pad>": 0
    },
    "train_loss": 0.2707688808441162,
    "validation_accuracy": 0.8392942298521697,
    "validation_accuracy_per_label": {
        ".": 0.9558232931726908,
        "ADJ": 0.5959595959595959,
        "ADP": 0.9139072847682119,
        "ADV": 0.6976744186046512,
        "CONJ": 0.9285714285714286,
        "DET": 0.9153846153846154,
        "NOUN": 0.7752100840336135,
        "NUM": 0.7647058823529411,
        "PRON": 0.9427083333333334,
        "PRT": 0.9122807017543859,
        "VERB": 0.8467966573816156,
        "X": 0.8100558659217877,
        "<pad>": 0
    },
    "validation_loss": 0.5180209279060364,
    "epoch_num": 29
}