{
    "train_accuracy": 0.8267157866011734,
    "train_accuracy_per_label": {
        ".": 0.9454545454545454,
        "ADJ": 0.20535714285714285,
        "ADP": 0.7824497257769653,
        "ADV": 0.6294416243654822,
        "CONJ": 0.7329192546583851,
        "DET": 0.9364705882352942,
        "NOUN": 0.8767857142857143,
        "NUM": 0.5319148936170213,
        "PRON": 0.8937125748502994,
        "PRT": 0.8495145631067961,
        "VERB": 0.8820132013201321,
        "X": 0.8497790868924889,
        "<pad>": 0
    },
    "train_loss": 0.7253103256225586,
    "validation_accuracy": 0.7749165474487363,
    "validation_accuracy_per_label": {
        ".": 0.9477911646586346,
        "ADJ": 0.13131313131313133,
        "ADP": 0.8278145695364238,
        "ADV": 0.5581395348837209,
        "CONJ": 0.7380952380952381,
        "DET": 0.9076923076923077,
        "NOUN": 0.773109243697479,
        "NUM": 0.5,
        "PRON": 0.859375,
        "PRT": 0.8947368421052632,
        "VERB": 0.8189415041782729,
        "X": 0.7541899441340782,
        "<pad>": 0
    },
    "validation_loss": 0.8066183924674988,
    "epoch_num": 14
}