{
    "train_accuracy": 0.9313685359530631,
    "train_accuracy_per_label": {
        ".": 0.9568181818181818,
        "ADJ": 0.8095238095238095,
        "ADP": 0.9012797074954296,
        "ADV": 0.8807106598984772,
        "CONJ": 0.937888198757764,
        "DET": 0.971764705882353,
        "NOUN": 0.9398809523809524,
        "NUM": 0.8156028368794326,
        "PRON": 0.9655688622754491,
        "PRT": 0.9368932038834952,
        "VERB": 0.9562706270627063,
        "X": 0.9086892488954345,
        "<pad>": 0
    },
    "train_loss": 0.28340134024620056,
    "validation_accuracy": 0.8383404864091559,
    "validation_accuracy_per_label": {
        ".": 0.9558232931726908,
        "ADJ": 0.5959595959595959,
        "ADP": 0.9139072847682119,
        "ADV": 0.6976744186046512,
        "CONJ": 0.9285714285714286,
        "DET": 0.9153846153846154,
        "NOUN": 0.773109243697479,
        "NUM": 0.7058823529411765,
        "PRON": 0.9427083333333334,
        "PRT": 0.8947368421052632,
        "VERB": 0.8467966573816156,
        "X": 0.8212290502793296,
        "<pad>": 0
    },
    "validation_loss": 0.5219268202781677,
    "epoch_num": 28
}