{
    "train_accuracy": 0.9529267294310274,
    "train_accuracy_per_label": {
        ".": 0.9590909090909091,
        "ADJ": 0.8988095238095238,
        "ADP": 0.9341864716636198,
        "ADV": 0.9035532994923858,
        "CONJ": 0.937888198757764,
        "DET": 0.9858823529411764,
        "NOUN": 0.9553571428571429,
        "NUM": 0.900709219858156,
        "PRON": 0.9745508982035929,
        "PRT": 0.9611650485436893,
        "VERB": 0.9777227722772277,
        "X": 0.93519882179676,
        "<pad>": 0
    },
    "train_loss": 0.184366837143898,
    "validation_accuracy": 0.8421554601812112,
    "validation_accuracy_per_label": {
        ".": 0.9558232931726908,
        "ADJ": 0.6363636363636364,
        "ADP": 0.9139072847682119,
        "ADV": 0.6821705426356589,
        "CONJ": 0.9285714285714286,
        "DET": 0.9307692307692308,
        "NOUN": 0.7794117647058824,
        "NUM": 0.7352941176470589,
        "PRON": 0.9479166666666666,
        "PRT": 0.9122807017543859,
        "VERB": 0.8467966573816156,
        "X": 0.8100558659217877,
        "<pad>": 0
    },
    "validation_loss": 0.5094500780105591,
    "epoch_num": 39
}