{
    "train_accuracy": 0.9287760949652067,
    "train_accuracy_per_label": {
        ".": 0.9568181818181818,
        "ADJ": 0.7916666666666666,
        "ADP": 0.8994515539305301,
        "ADV": 0.8756345177664975,
        "CONJ": 0.937888198757764,
        "DET": 0.971764705882353,
        "NOUN": 0.9386904761904762,
        "NUM": 0.8226950354609929,
        "PRON": 0.9655688622754491,
        "PRT": 0.9320388349514563,
        "VERB": 0.9513201320132013,
        "X": 0.9057437407952872,
        "<pad>": 0
    },
    "train_loss": 0.29714056849479675,
    "validation_accuracy": 0.8383404864091559,
    "validation_accuracy_per_label": {
        ".": 0.9558232931726908,
        "ADJ": 0.5757575757575758,
        "ADP": 0.9205298013245033,
        "ADV": 0.689922480620155,
        "CONJ": 0.9285714285714286,
        "DET": 0.9153846153846154,
        "NOUN": 0.7752100840336135,
        "NUM": 0.7058823529411765,
        "PRON": 0.9427083333333334,
        "PRT": 0.8947368421052632,
        "VERB": 0.8495821727019499,
        "X": 0.8212290502793296,
        "<pad>": 0
    },
    "validation_loss": 0.5267477631568909,
    "epoch_num": 27
}