{
    "train_accuracy": 0.7137399372356392,
    "train_accuracy_per_label": {
        ".": 0.9397727272727273,
        "ADJ": 0.017857142857142856,
        "ADP": 0.6946983546617916,
        "ADV": 0.13451776649746192,
        "CONJ": 0.10559006211180125,
        "DET": 0.7952941176470588,
        "NOUN": 0.8452380952380952,
        "NUM": 0.19858156028368795,
        "PRON": 0.7979041916167665,
        "PRT": 0.4368932038834951,
        "VERB": 0.8118811881188119,
        "X": 0.8173784977908689,
        "<pad>": 0
    },
    "train_loss": 1.0918056964874268,
    "validation_accuracy": 0.6990939437291369,
    "validation_accuracy_per_label": {
        ".": 0.9397590361445783,
        "ADJ": 0.010101010101010102,
        "ADP": 0.7682119205298014,
        "ADV": 0.16279069767441862,
        "CONJ": 0.40476190476190477,
        "DET": 0.8,
        "NOUN": 0.773109243697479,
        "NUM": 0.20588235294117646,
        "PRON": 0.7604166666666666,
        "PRT": 0.6842105263157895,
        "VERB": 0.7799442896935933,
        "X": 0.7430167597765364,
        "<pad>": 0
    },
    "validation_loss": 1.111858606338501,
    "epoch_num": 10
}