{
    "train_accuracy": 0.9354618638286261,
    "train_accuracy_per_label": {
        ".": 0.9568181818181818,
        "ADJ": 0.8392857142857143,
        "ADP": 0.9085923217550275,
        "ADV": 0.883248730964467,
        "CONJ": 0.937888198757764,
        "DET": 0.971764705882353,
        "NOUN": 0.9404761904761905,
        "NUM": 0.8226950354609929,
        "PRON": 0.968562874251497,
        "PRT": 0.941747572815534,
        "VERB": 0.9603960396039604,
        "X": 0.9160530191458026,
        "<pad>": 0
    },
    "train_loss": 0.2591140866279602,
    "validation_accuracy": 0.8392942298521697,
    "validation_accuracy_per_label": {
        ".": 0.9558232931726908,
        "ADJ": 0.5959595959595959,
        "ADP": 0.9139072847682119,
        "ADV": 0.7054263565891473,
        "CONJ": 0.9285714285714286,
        "DET": 0.9153846153846154,
        "NOUN": 0.7752100840336135,
        "NUM": 0.7352941176470589,
        "PRON": 0.9427083333333334,
        "PRT": 0.9122807017543859,
        "VERB": 0.8467966573816156,
        "X": 0.8100558659217877,
        "<pad>": 0
    },
    "validation_loss": 0.5149123668670654,
    "epoch_num": 30
}