{
    "train_accuracy": 0.9369627507163324,
    "train_accuracy_per_label": {
        ".": 0.9568181818181818,
        "ADJ": 0.8452380952380952,
        "ADP": 0.9104204753199269,
        "ADV": 0.8883248730964467,
        "CONJ": 0.937888198757764,
        "DET": 0.971764705882353,
        "NOUN": 0.9404761904761905,
        "NUM": 0.8297872340425532,
        "PRON": 0.968562874251497,
        "PRT": 0.941747572815534,
        "VERB": 0.9645214521452146,
        "X": 0.9160530191458026,
        "<pad>": 0
    },
    "train_loss": 0.24832968413829803,
    "validation_accuracy": 0.8397711015736766,
    "validation_accuracy_per_label": {
        ".": 0.9558232931726908,
        "ADJ": 0.6060606060606061,
        "ADP": 0.9139072847682119,
        "ADV": 0.7054263565891473,
        "CONJ": 0.9285714285714286,
        "DET": 0.9153846153846154,
        "NOUN": 0.7752100840336135,
        "NUM": 0.7352941176470589,
        "PRON": 0.9479166666666666,
        "PRT": 0.9122807017543859,
        "VERB": 0.8467966573816156,
        "X": 0.8044692737430168,
        "<pad>": 0
    },
    "validation_loss": 0.5124948620796204,
    "epoch_num": 31
}