{
    "train_accuracy": 0.8961659162232228,
    "train_accuracy_per_label": {
        ".": 0.9556818181818182,
        "ADJ": 0.6130952380952381,
        "ADP": 0.8756855575868373,
        "ADV": 0.799492385786802,
        "CONJ": 0.9130434782608695,
        "DET": 0.9670588235294117,
        "NOUN": 0.9148809523809524,
        "NUM": 0.7588652482269503,
        "PRON": 0.9446107784431138,
        "PRT": 0.8592233009708737,
        "VERB": 0.9207920792079208,
        "X": 0.8851251840942562,
        "<pad>": 0
    },
    "train_loss": 0.44226062297821045,
    "validation_accuracy": 0.8226037195994278,
    "validation_accuracy_per_label": {
        ".": 0.9518072289156626,
        "ADJ": 0.42424242424242425,
        "ADP": 0.9072847682119205,
        "ADV": 0.6589147286821705,
        "CONJ": 0.9285714285714286,
        "DET": 0.9153846153846154,
        "NOUN": 0.7878151260504201,
        "NUM": 0.7352941176470589,
        "PRON": 0.9166666666666666,
        "PRT": 0.8947368421052632,
        "VERB": 0.8356545961002786,
        "X": 0.776536312849162,
        "<pad>": 0
    },
    "validation_loss": 0.6020108461380005,
    "epoch_num": 20
}