{
    "train_accuracy": 0.2851685086642107,
    "train_accuracy_per_label": {
        ".": 0.15,
        "ADJ": 0.03869047619047619,
        "ADP": 0.016453382084095063,
        "ADV": 0.0,
        "CONJ": 0.0,
        "DET": 0.0,
        "NOUN": 0.694047619047619,
        "NUM": 0.0,
        "PRON": 0.008982035928143712,
        "PRT": 0.0,
        "VERB": 0.5833333333333334,
        "X": 0.08394698085419734,
        "<pad>": 0
    },
    "train_loss": 2.3170127868652344,
    "validation_accuracy": 0.2947067238912732,
    "validation_accuracy_per_label": {
        ".": 0.040160642570281124,
        "ADJ": 0.0,
        "ADP": 0.0,
        "ADV": 0.0,
        "CONJ": 0.0,
        "DET": 0.0,
        "NOUN": 0.7310924369747899,
        "NUM": 0.0,
        "PRON": 0.0,
        "PRT": 0.0,
        "VERB": 0.6629526462395543,
        "X": 0.12290502793296089,
        "<pad>": 0
    },
    "validation_loss": 2.2336339950561523,
    "epoch_num": 1
}