{
    "train_accuracy": 0.9249556556146814,
    "train_accuracy_per_label": {
        ".": 0.9568181818181818,
        "ADJ": 0.7648809523809523,
        "ADP": 0.8994515539305301,
        "ADV": 0.8629441624365483,
        "CONJ": 0.937888198757764,
        "DET": 0.9694117647058823,
        "NOUN": 0.9357142857142857,
        "NUM": 0.8226950354609929,
        "PRON": 0.9640718562874252,
        "PRT": 0.9271844660194175,
        "VERB": 0.9496699669966997,
        "X": 0.8998527245949927,
        "<pad>": 0
    },
    "train_loss": 0.3121371865272522,
    "validation_accuracy": 0.8369098712446352,
    "validation_accuracy_per_label": {
        ".": 0.9558232931726908,
        "ADJ": 0.5555555555555556,
        "ADP": 0.9205298013245033,
        "ADV": 0.689922480620155,
        "CONJ": 0.9285714285714286,
        "DET": 0.9153846153846154,
        "NOUN": 0.7752100840336135,
        "NUM": 0.7058823529411765,
        "PRON": 0.9375,
        "PRT": 0.8947368421052632,
        "VERB": 0.8523676880222841,
        "X": 0.8156424581005587,
        "<pad>": 0
    },
    "validation_loss": 0.5326243042945862,
    "epoch_num": 26
}