{
    "train_accuracy": 0.9167689998635558,
    "train_accuracy_per_label": {
        ".": 0.9556818181818182,
        "ADJ": 0.7053571428571429,
        "ADP": 0.8939670932358318,
        "ADV": 0.8527918781725888,
        "CONJ": 0.9254658385093167,
        "DET": 0.9670588235294117,
        "NOUN": 0.930952380952381,
        "NUM": 0.8085106382978723,
        "PRON": 0.9580838323353293,
        "PRT": 0.9029126213592233,
        "VERB": 0.9422442244224423,
        "X": 0.898379970544919,
        "<pad>": 0
    },
    "train_loss": 0.34667304158210754,
    "validation_accuracy": 0.8383404864091559,
    "validation_accuracy_per_label": {
        ".": 0.9558232931726908,
        "ADJ": 0.5151515151515151,
        "ADP": 0.9139072847682119,
        "ADV": 0.6744186046511628,
        "CONJ": 0.9285714285714286,
        "DET": 0.9153846153846154,
        "NOUN": 0.7983193277310925,
        "NUM": 0.7058823529411765,
        "PRON": 0.9375,
        "PRT": 0.9298245614035088,
        "VERB": 0.8467966573816156,
        "X": 0.8100558659217877,
        "<pad>": 0
    },
    "validation_loss": 0.5482318997383118,
    "epoch_num": 24
}