{
    "train_accuracy": 0.9491062900805021,
    "train_accuracy_per_label": {
        ".": 0.9590909090909091,
        "ADJ": 0.8869047619047619,
        "ADP": 0.9287020109689214,
        "ADV": 0.9035532994923858,
        "CONJ": 0.937888198757764,
        "DET": 0.9835294117647059,
        "NOUN": 0.950595238095238,
        "NUM": 0.8936170212765957,
        "PRON": 0.9745508982035929,
        "PRT": 0.9514563106796117,
        "VERB": 0.9744224422442245,
        "X": 0.9278350515463918,
        "<pad>": 0
    },
    "train_loss": 0.1974593847990036,
    "validation_accuracy": 0.8426323319027181,
    "validation_accuracy_per_label": {
        ".": 0.9558232931726908,
        "ADJ": 0.6363636363636364,
        "ADP": 0.9139072847682119,
        "ADV": 0.6976744186046512,
        "CONJ": 0.9285714285714286,
        "DET": 0.9307692307692308,
        "NOUN": 0.7773109243697479,
        "NUM": 0.7352941176470589,
        "PRON": 0.9479166666666666,
        "PRT": 0.9122807017543859,
        "VERB": 0.8467966573816156,
        "X": 0.8100558659217877,
        "<pad>": 0
    },
    "validation_loss": 0.5082598924636841,
    "epoch_num": 37
}