{
    "train_accuracy": 0.4890162368672397,
    "train_accuracy_per_label": {
        ".": 0.7693181818181818,
        "ADJ": 0.0,
        "ADP": 0.03473491773308958,
        "ADV": 0.0,
        "CONJ": 0.0,
        "DET": 0.0,
        "NOUN": 0.8494047619047619,
        "NUM": 0.0,
        "PRON": 0.44461077844311375,
        "PRT": 0.0,
        "VERB": 0.6732673267326733,
        "X": 0.5125184094256259,
        "<pad>": 0
    },
    "train_loss": 1.7760642766952515,
    "validation_accuracy": 0.49976156413924655,
    "validation_accuracy_per_label": {
        ".": 0.8473895582329317,
        "ADJ": 0.0,
        "ADP": 0.059602649006622516,
        "ADV": 0.0,
        "CONJ": 0.0,
        "DET": 0.0,
        "NOUN": 0.8151260504201681,
        "NUM": 0.0,
        "PRON": 0.5208333333333334,
        "PRT": 0.0,
        "VERB": 0.6796657381615598,
        "X": 0.5363128491620112,
        "<pad>": 0
    },
    "validation_loss": 1.7233625650405884,
    "epoch_num": 5
}