{
    "train_accuracy": 0.8057033701732842,
    "train_accuracy_per_label": {
        ".": 0.9454545454545454,
        "ADJ": 0.13988095238095238,
        "ADP": 0.7842778793418648,
        "ADV": 0.5203045685279187,
        "CONJ": 0.6521739130434783,
        "DET": 0.9129411764705883,
        "NOUN": 0.868452380952381,
        "NUM": 0.475177304964539,
        "PRON": 0.8637724550898204,
        "PRT": 0.8398058252427184,
        "VERB": 0.8696369636963697,
        "X": 0.8379970544918999,
        "<pad>": 0
    },
    "train_loss": 0.8008158206939697,
    "validation_accuracy": 0.7587029089175011,
    "validation_accuracy_per_label": {
        ".": 0.9437751004016064,
        "ADJ": 0.10101010101010101,
        "ADP": 0.8278145695364238,
        "ADV": 0.4573643410852713,
        "CONJ": 0.6190476190476191,
        "DET": 0.9,
        "NOUN": 0.7710084033613446,
        "NUM": 0.5,
        "PRON": 0.8385416666666666,
        "PRT": 0.8421052631578947,
        "VERB": 0.8105849582172702,
        "X": 0.7541899441340782,
        "<pad>": 0
    },
    "validation_loss": 0.8672970533370972,
    "epoch_num": 13
}