{
    "train_accuracy": 0.9208623277391186,
    "train_accuracy_per_label": {
        ".": 0.9556818181818182,
        "ADJ": 0.7470238095238095,
        "ADP": 0.8957952468007313,
        "ADV": 0.8604060913705583,
        "CONJ": 0.9254658385093167,
        "DET": 0.9670588235294117,
        "NOUN": 0.9339285714285714,
        "NUM": 0.8156028368794326,
        "PRON": 0.9595808383233533,
        "PRT": 0.9223300970873787,
        "VERB": 0.9438943894389439,
        "X": 0.8969072164948454,
        "<pad>": 0
    },
    "train_loss": 0.3285738229751587,
    "validation_accuracy": 0.837863614687649,
    "validation_accuracy_per_label": {
        ".": 0.9558232931726908,
        "ADJ": 0.5252525252525253,
        "ADP": 0.9205298013245033,
        "ADV": 0.6821705426356589,
        "CONJ": 0.9285714285714286,
        "DET": 0.9153846153846154,
        "NOUN": 0.7878151260504201,
        "NUM": 0.7058823529411765,
        "PRON": 0.9375,
        "PRT": 0.9298245614035088,
        "VERB": 0.8495821727019499,
        "X": 0.8100558659217877,
        "<pad>": 0
    },
    "validation_loss": 0.5397202372550964,
    "epoch_num": 25
}