{
    "train_accuracy": 0.9452858507299768,
    "train_accuracy_per_label": {
        ".": 0.9579545454545455,
        "ADJ": 0.875,
        "ADP": 0.926873857404022,
        "ADV": 0.8959390862944162,
        "CONJ": 0.937888198757764,
        "DET": 0.9811764705882353,
        "NOUN": 0.9482142857142857,
        "NUM": 0.8723404255319149,
        "PRON": 0.9715568862275449,
        "PRT": 0.9514563106796117,
        "VERB": 0.9678217821782178,
        "X": 0.9263622974963182,
        "<pad>": 0
    },
    "train_loss": 0.21221569180488586,
    "validation_accuracy": 0.8416785884597043,
    "validation_accuracy_per_label": {
        ".": 0.9558232931726908,
        "ADJ": 0.6363636363636364,
        "ADP": 0.9139072847682119,
        "ADV": 0.6976744186046512,
        "CONJ": 0.9285714285714286,
        "DET": 0.9230769230769231,
        "NOUN": 0.7794117647058824,
        "NUM": 0.7352941176470589,
        "PRON": 0.9479166666666666,
        "PRT": 0.9122807017543859,
        "VERB": 0.8440111420612814,
        "X": 0.8044692737430168,
        "<pad>": 0
    },
    "validation_loss": 0.508127748966217,
    "epoch_num": 35
}