{
    "train_accuracy": 0.9428298540046391,
    "train_accuracy_per_label": {
        ".": 0.9568181818181818,
        "ADJ": 0.8690476190476191,
        "ADP": 0.923217550274223,
        "ADV": 0.8934010152284264,
        "CONJ": 0.937888198757764,
        "DET": 0.9788235294117648,
        "NOUN": 0.9458333333333333,
        "NUM": 0.8581560283687943,
        "PRON": 0.9700598802395209,
        "PRT": 0.9466019417475728,
        "VERB": 0.9661716171617162,
        "X": 0.9248895434462445,
        "<pad>": 0
    },
    "train_loss": 0.22033226490020752,
    "validation_accuracy": 0.8416785884597043,
    "validation_accuracy_per_label": {
        ".": 0.9558232931726908,
        "ADJ": 0.6363636363636364,
        "ADP": 0.9139072847682119,
        "ADV": 0.6976744186046512,
        "CONJ": 0.9285714285714286,
        "DET": 0.9153846153846154,
        "NOUN": 0.7815126050420168,
        "NUM": 0.7352941176470589,
        "PRON": 0.9479166666666666,
        "PRT": 0.9122807017543859,
        "VERB": 0.8440111420612814,
        "X": 0.8044692737430168,
        "<pad>": 0
    },
    "validation_loss": 0.5085610747337341,
    "epoch_num": 34
}