{
    "train_accuracy": 0.9129485605130304,
    "train_accuracy_per_label": {
        ".": 0.9556818181818182,
        "ADJ": 0.6875,
        "ADP": 0.8921389396709324,
        "ADV": 0.8401015228426396,
        "CONJ": 0.9254658385093167,
        "DET": 0.9670588235294117,
        "NOUN": 0.9285714285714286,
        "NUM": 0.8085106382978723,
        "PRON": 0.9535928143712575,
        "PRT": 0.883495145631068,
        "VERB": 0.9389438943894389,
        "X": 0.8969072164948454,
        "<pad>": 0
    },
    "train_loss": 0.36670875549316406,
    "validation_accuracy": 0.8359561278016213,
    "validation_accuracy_per_label": {
        ".": 0.9558232931726908,
        "ADJ": 0.494949494949495,
        "ADP": 0.9139072847682119,
        "ADV": 0.6744186046511628,
        "CONJ": 0.9285714285714286,
        "DET": 0.9153846153846154,
        "NOUN": 0.7941176470588235,
        "NUM": 0.7058823529411765,
        "PRON": 0.9375,
        "PRT": 0.9298245614035088,
        "VERB": 0.8440111420612814,
        "X": 0.8100558659217877,
        "<pad>": 0
    },
    "validation_loss": 0.5583889484405518,
    "epoch_num": 23
}