{
    "train_accuracy": 0.8421339882657934,
    "train_accuracy_per_label": {
        ".": 0.946590909090909,
        "ADJ": 0.2767857142857143,
        "ADP": 0.7879341864716636,
        "ADV": 0.6878172588832487,
        "CONJ": 0.8571428571428571,
        "DET": 0.9482352941176471,
        "NOUN": 0.8821428571428571,
        "NUM": 0.5460992907801419,
        "PRON": 0.9086826347305389,
        "PRT": 0.8543689320388349,
        "VERB": 0.891914191419142,
        "X": 0.8541973490427098,
        "<pad>": 0
    },
    "train_loss": 0.6596000790596008,
    "validation_accuracy": 0.7868383404864091,
    "validation_accuracy_per_label": {
        ".": 0.9518072289156626,
        "ADJ": 0.15151515151515152,
        "ADP": 0.8278145695364238,
        "ADV": 0.6124031007751938,
        "CONJ": 0.8571428571428571,
        "DET": 0.9076923076923077,
        "NOUN": 0.7752100840336135,
        "NUM": 0.5294117647058824,
        "PRON": 0.8958333333333334,
        "PRT": 0.8947368421052632,
        "VERB": 0.8189415041782729,
        "X": 0.7597765363128491,
        "<pad>": 0
    },
    "validation_loss": 0.7553074955940247,
    "epoch_num": 15
}