{
    "train_accuracy": 0.7815527357074635,
    "train_accuracy_per_label": {
        ".": 0.9409090909090909,
        "ADJ": 0.06845238095238096,
        "ADP": 0.7714808043875686,
        "ADV": 0.4035532994923858,
        "CONJ": 0.6086956521739131,
        "DET": 0.88,
        "NOUN": 0.8613095238095239,
        "NUM": 0.41843971631205673,
        "PRON": 0.8368263473053892,
        "PRT": 0.7912621359223301,
        "VERB": 0.8531353135313532,
        "X": 0.8276877761413843,
        "<pad>": 0
    },
    "train_loss": 0.8868557810783386,
    "validation_accuracy": 0.7424892703862661,
    "validation_accuracy_per_label": {
        ".": 0.9437751004016064,
        "ADJ": 0.08080808080808081,
        "ADP": 0.7947019867549668,
        "ADV": 0.37209302325581395,
        "CONJ": 0.5714285714285714,
        "DET": 0.8769230769230769,
        "NOUN": 0.7710084033613446,
        "NUM": 0.47058823529411764,
        "PRON": 0.8125,
        "PRT": 0.8421052631578947,
        "VERB": 0.7966573816155988,
        "X": 0.7541899441340782,
        "<pad>": 0
    },
    "validation_loss": 0.9381456971168518,
    "epoch_num": 12
}