{
    "train_accuracy": 0.9023059080365671,
    "train_accuracy_per_label": {
        ".": 0.9556818181818182,
        "ADJ": 0.6398809523809523,
        "ADP": 0.8811700182815356,
        "ADV": 0.817258883248731,
        "CONJ": 0.9192546583850931,
        "DET": 0.9670588235294117,
        "NOUN": 0.9214285714285714,
        "NUM": 0.7872340425531915,
        "PRON": 0.9461077844311377,
        "PRT": 0.8640776699029126,
        "VERB": 0.9240924092409241,
        "X": 0.8910162002945509,
        "<pad>": 0
    },
    "train_loss": 0.41402631998062134,
    "validation_accuracy": 0.8297567954220315,
    "validation_accuracy_per_label": {
        ".": 0.9558232931726908,
        "ADJ": 0.47474747474747475,
        "ADP": 0.9072847682119205,
        "ADV": 0.6744186046511628,
        "CONJ": 0.9285714285714286,
        "DET": 0.9153846153846154,
        "NOUN": 0.7899159663865546,
        "NUM": 0.7352941176470589,
        "PRON": 0.9166666666666666,
        "PRT": 0.8947368421052632,
        "VERB": 0.8440111420612814,
        "X": 0.7932960893854749,
        "<pad>": 0
    },
    "validation_loss": 0.5848702788352966,
    "epoch_num": 21
}