{
    "train_accuracy": 0.4143812252694774,
    "train_accuracy_per_label": {
        ".": 0.4784090909090909,
        "ADJ": 0.0,
        "ADP": 0.0018281535648994515,
        "ADV": 0.0,
        "CONJ": 0.0,
        "DET": 0.0,
        "NOUN": 0.8654761904761905,
        "NUM": 0.0,
        "PRON": 0.2215568862275449,
        "PRT": 0.0,
        "VERB": 0.636963696369637,
        "X": 0.3549337260677467,
        "<pad>": 0
    },
    "train_loss": 1.918027400970459,
    "validation_accuracy": 0.4434907010014306,
    "validation_accuracy_per_label": {
        ".": 0.6506024096385542,
        "ADJ": 0.0,
        "ADP": 0.013245033112582781,
        "ADV": 0.0,
        "CONJ": 0.0,
        "DET": 0.0,
        "NOUN": 0.8130252100840336,
        "NUM": 0.0,
        "PRON": 0.4166666666666667,
        "PRT": 0.0,
        "VERB": 0.6518105849582173,
        "X": 0.36312849162011174,
        "<pad>": 0
    },
    "validation_loss": 1.8626172542572021,
    "epoch_num": 4
}