{
    "train_accuracy": 0.8883885932596535,
    "train_accuracy_per_label": {
        ".": 0.9534090909090909,
        "ADJ": 0.5773809523809523,
        "ADP": 0.8665447897623401,
        "ADV": 0.7868020304568528,
        "CONJ": 0.9130434782608695,
        "DET": 0.9647058823529412,
        "NOUN": 0.9083333333333333,
        "NUM": 0.723404255319149,
        "PRON": 0.9416167664670658,
        "PRT": 0.8495145631067961,
        "VERB": 0.9141914191419142,
        "X": 0.8792341678939617,
        "<pad>": 0
    },
    "train_loss": 0.47438350319862366,
    "validation_accuracy": 0.8173581306628517,
    "validation_accuracy_per_label": {
        ".": 0.9518072289156626,
        "ADJ": 0.35353535353535354,
        "ADP": 0.9072847682119205,
        "ADV": 0.6511627906976745,
        "CONJ": 0.9285714285714286,
        "DET": 0.9153846153846154,
        "NOUN": 0.7878151260504201,
        "NUM": 0.7352941176470589,
        "PRON": 0.9166666666666666,
        "PRT": 0.8947368421052632,
        "VERB": 0.83008356545961,
        "X": 0.770949720670391,
        "<pad>": 0
    },
    "validation_loss": 0.6224946975708008,
    "epoch_num": 19
}