{
    "train_accuracy": 0.9085823441124301,
    "train_accuracy_per_label": {
        ".": 0.9556818181818182,
        "ADJ": 0.6785714285714286,
        "ADP": 0.8829981718464351,
        "ADV": 0.8350253807106599,
        "CONJ": 0.9192546583850931,
        "DET": 0.9670588235294117,
        "NOUN": 0.9267857142857143,
        "NUM": 0.8014184397163121,
        "PRON": 0.9491017964071856,
        "PRT": 0.883495145631068,
        "VERB": 0.9282178217821783,
        "X": 0.8954344624447718,
        "<pad>": 0
    },
    "train_loss": 0.3890180289745331,
    "validation_accuracy": 0.8330948974725799,
    "validation_accuracy_per_label": {
        ".": 0.9558232931726908,
        "ADJ": 0.48484848484848486,
        "ADP": 0.9139072847682119,
        "ADV": 0.6821705426356589,
        "CONJ": 0.9285714285714286,
        "DET": 0.9153846153846154,
        "NOUN": 0.792016806722689,
        "NUM": 0.7058823529411765,
        "PRON": 0.921875,
        "PRT": 0.9298245614035088,
        "VERB": 0.8440111420612814,
        "X": 0.7988826815642458,
        "<pad>": 0
    },
    "validation_loss": 0.570482075214386,
    "epoch_num": 22
}