{
    "train_accuracy": 0.9394187474416701,
    "train_accuracy_per_label": {
        ".": 0.9568181818181818,
        "ADJ": 0.8541666666666666,
        "ADP": 0.9140767824497258,
        "ADV": 0.8934010152284264,
        "CONJ": 0.937888198757764,
        "DET": 0.9764705882352941,
        "NOUN": 0.9422619047619047,
        "NUM": 0.8368794326241135,
        "PRON": 0.968562874251497,
        "PRT": 0.941747572815534,
        "VERB": 0.9653465346534653,
        "X": 0.9219440353460973,
        "<pad>": 0
    },
    "train_loss": 0.23832233250141144,
    "validation_accuracy": 0.8416785884597043,
    "validation_accuracy_per_label": {
        ".": 0.9558232931726908,
        "ADJ": 0.6363636363636364,
        "ADP": 0.9139072847682119,
        "ADV": 0.7054263565891473,
        "CONJ": 0.9285714285714286,
        "DET": 0.9153846153846154,
        "NOUN": 0.7773109243697479,
        "NUM": 0.7352941176470589,
        "PRON": 0.9479166666666666,
        "PRT": 0.9122807017543859,
        "VERB": 0.8467966573816156,
        "X": 0.8044692737430168,
        "<pad>": 0
    },
    "validation_loss": 0.5106812119483948,
    "epoch_num": 32
}