{
    "train_accuracy": 0.9608211109827924,
    "train_accuracy_per_label": {
        "B-company": 0.4701492537313433,
        "B-facility": 0.0,
        "B-geo-loc": 0.6582914572864321,
        "B-movie": 0.0,
        "B-musicartist": 0.0,
        "B-other": 0.0,
        "B-person": 0.8082595870206489,
        "B-product": 0.0,
        "B-sportsteam": 0.0,
        "B-tvshow": 0.0,
        "I-company": 0.0,
        "I-facility": 0.0,
        "I-geo-loc": 0.0,
        "I-movie": 0.0,
        "I-musicartist": 0.0,
        "I-other": 0.12133891213389121,
        "I-person": 0.058823529411764705,
        "I-product": 0.0,
        "I-sportsteam": 0.0,
        "I-tvshow": 0.0,
        "O": 0.9991159075666118,
        "<pad>": 0
    },
    "train_loss": 0.15767399966716766,
    "validation_accuracy": 0.9505140268339431,
    "validation_accuracy_per_label": {
        "B-company": 0.4444444444444444,
        "B-facility": 0.0,
        "B-geo-loc": 0.44155844155844154,
        "B-movie": 0.0,
        "B-musicartist": 0.0,
        "B-other": 0.0,
        "B-person": 0.6666666666666666,
        "B-product": 0.0,
        "B-sportsteam": 0.0,
        "B-tvshow": 0.0,
        "I-company": 0.0,
        "I-facility": 0.0,
        "I-geo-loc": 0.0,
        "I-movie": 0.0,
        "I-musicartist": 0.0,
        "I-other": 0.07407407407407407,
        "I-person": 0.03278688524590164,
        "I-product": 0.0,
        "I-sportsteam": 0.0,
        "I-tvshow": 0.0,
        "O": 0.9929078014184397,
        "<pad>": 0
    },
    "validation_loss": 0.23742440342903137,
    "epoch_num": 13,
    "run_time": "0:01:44.395897"
}