{
    "train_accuracy": 0.9669419101512877,
    "train_accuracy_per_label": {
        "B-company": 0.664179104477612,
        "B-facility": 0.0,
        "B-geo-loc": 0.7738693467336684,
        "B-movie": 0.0,
        "B-musicartist": 0.0,
        "B-other": 0.0,
        "B-person": 0.8584070796460177,
        "B-product": 0.038461538461538464,
        "B-sportsteam": 0.0,
        "B-tvshow": 0.0,
        "I-company": 0.0,
        "I-facility": 0.02666666666666667,
        "I-geo-loc": 0.0,
        "I-movie": 0.0,
        "I-musicartist": 0.0,
        "I-other": 0.4100418410041841,
        "I-person": 0.5032679738562091,
        "I-product": 0.0,
        "I-sportsteam": 0.0,
        "I-tvshow": 0.0,
        "O": 0.9992378513505275,
        "<pad>": 0
    },
    "train_loss": 0.13219651579856873,
    "validation_accuracy": 0.9505140268339431,
    "validation_accuracy_per_label": {
        "B-company": 0.5,
        "B-facility": 0.0,
        "B-geo-loc": 0.4675324675324675,
        "B-movie": 0.0,
        "B-musicartist": 0.0,
        "B-other": 0.015873015873015872,
        "B-person": 0.6759259259259259,
        "B-product": 0.0,
        "B-sportsteam": 0.0,
        "B-tvshow": 0.0,
        "I-company": 0.0,
        "I-facility": 0.034482758620689655,
        "I-geo-loc": 0.0,
        "I-movie": 0.0,
        "I-musicartist": 0.0,
        "I-other": 0.19753086419753085,
        "I-person": 0.32786885245901637,
        "I-product": 0.0,
        "I-sportsteam": 0.0,
        "I-tvshow": 0.0,
        "O": 0.9896840747904577,
        "<pad>": 0
    },
    "validation_loss": 0.2389354109764099,
    "epoch_num": 16
}