{
    "train_accuracy": 0.9708395888670747,
    "train_accuracy_per_label": {
        "B-company": 0.7164179104477612,
        "B-facility": 0.0,
        "B-geo-loc": 0.8090452261306532,
        "B-movie": 0.0,
        "B-musicartist": 0.0,
        "B-other": 0.09259259259259259,
        "B-person": 0.8761061946902655,
        "B-product": 0.1794871794871795,
        "B-sportsteam": 0.0,
        "B-tvshow": 0.0,
        "I-company": 0.0,
        "I-facility": 0.10666666666666667,
        "I-geo-loc": 0.0,
        "I-movie": 0.0,
        "I-musicartist": 0.0,
        "I-other": 0.5941422594142259,
        "I-person": 0.738562091503268,
        "I-product": 0.0,
        "I-sportsteam": 0.0,
        "I-tvshow": 0.0,
        "O": 0.9993293091884641,
        "<pad>": 0
    },
    "train_loss": 0.11793435364961624,
    "validation_accuracy": 0.9500784108729744,
    "validation_accuracy_per_label": {
        "B-company": 0.5,
        "B-facility": 0.0,
        "B-geo-loc": 0.42857142857142855,
        "B-movie": 0.0,
        "B-musicartist": 0.0,
        "B-other": 0.015873015873015872,
        "B-person": 0.6574074074074074,
        "B-product": 0.15789473684210525,
        "B-sportsteam": 0.0,
        "B-tvshow": 0.0,
        "I-company": 0.0,
        "I-facility": 0.13793103448275862,
        "I-geo-loc": 0.0,
        "I-movie": 0.0,
        "I-musicartist": 0.0,
        "I-other": 0.2345679012345679,
        "I-person": 0.5081967213114754,
        "I-product": 0.0,
        "I-sportsteam": 0.0,
        "I-tvshow": 0.0,
        "O": 0.9878419452887538,
        "<pad>": 0
    },
    "validation_loss": 0.24161620438098907,
    "epoch_num": 18
}