{
    "train_accuracy": 0.21162505116659844,
    "train_accuracy_per_label": {
        ".": 0.3931818181818182,
        "ADJ": 0.02976190476190476,
        "ADP": 0.29250457038391225,
        "ADV": 0.19543147208121828,
        "CONJ": 0.19875776397515527,
        "DET": 0.5247058823529411,
        "NOUN": 0.04404761904761905,
        "NUM": 0.0425531914893617,
        "PRON": 0.14221556886227546,
        "PRT": 0.6893203883495146,
        "VERB": 0.10066006600660066,
        "X": 0.38880706921944036,
        "<pad>": 0
    },
    "train_loss": 1482.46533203125,
    "validation_accuracy": 0.23319027181688126,
    "validation_accuracy_per_label": {
        ".": 0.4578313253012048,
        "ADJ": 0.020202020202020204,
        "ADP": 0.3708609271523179,
        "ADV": 0.18604651162790697,
        "CONJ": 0.35714285714285715,
        "DET": 0.6,
        "NOUN": 0.01680672268907563,
        "NUM": 0.0,
        "PRON": 0.21354166666666666,
        "PRT": 0.7368421052631579,
        "VERB": 0.0807799442896936,
        "X": 0.44692737430167595,
        "<pad>": 0
    },
    "validation_loss": 1293.6143798828125,
    "epoch_num": 2
}