{
    "train_accuracy": 0.579615227179697,
    "train_accuracy_per_label": {
        ".": 0.8772727272727273,
        "ADJ": 0.19940476190476192,
        "ADP": 0.7440585009140768,
        "ADV": 0.49746192893401014,
        "CONJ": 0.7639751552795031,
        "DET": 0.7482352941176471,
        "NOUN": 0.39285714285714285,
        "NUM": 0.014184397163120567,
        "PRON": 0.7919161676646707,
        "PRT": 0.8689320388349514,
        "VERB": 0.5429042904290429,
        "X": 0.4963181148748159,
        "<pad>": 0
    },
    "train_loss": 899.0908813476562,
    "validation_accuracy": 0.5889365760610396,
    "validation_accuracy_per_label": {
        ".": 0.8674698795180723,
        "ADJ": 0.16161616161616163,
        "ADP": 0.7350993377483444,
        "ADV": 0.4263565891472868,
        "CONJ": 0.8333333333333334,
        "DET": 0.7538461538461538,
        "NOUN": 0.5168067226890757,
        "NUM": 0.029411764705882353,
        "PRON": 0.765625,
        "PRT": 0.8421052631578947,
        "VERB": 0.4623955431754875,
        "X": 0.5363128491620112,
        "<pad>": 0
    },
    "validation_loss": 830.17333984375,
    "epoch_num": 15
}