{
    "train_accuracy": 0.7785509619320508,
    "train_accuracy_per_label": {
        ".": 0.9375,
        "ADJ": 0.4851190476190476,
        "ADP": 0.8738574040219378,
        "ADV": 0.6649746192893401,
        "CONJ": 0.84472049689441,
        "DET": 0.9364705882352942,
        "NOUN": 0.7136904761904762,
        "NUM": 0.2765957446808511,
        "PRON": 0.9176646706586826,
        "PRT": 0.8543689320388349,
        "VERB": 0.8003300330033003,
        "X": 0.658321060382916,
        "<pad>": 0
    },
    "train_loss": 504.9831848144531,
    "validation_accuracy": 0.7176919408679066,
    "validation_accuracy_per_label": {
        ".": 0.9196787148594378,
        "ADJ": 0.29292929292929293,
        "ADP": 0.9006622516556292,
        "ADV": 0.5503875968992248,
        "CONJ": 0.8809523809523809,
        "DET": 0.9230769230769231,
        "NOUN": 0.6743697478991597,
        "NUM": 0.20588235294117646,
        "PRON": 0.9010416666666666,
        "PRT": 0.8771929824561403,
        "VERB": 0.6518105849582173,
        "X": 0.547486033519553,
        "<pad>": 0
    },
    "validation_loss": 570.8309936523438,
    "epoch_num": 31
}