{
    "train_accuracy": 0.8042024832855779,
    "train_accuracy_per_label": {
        ".": 0.9443181818181818,
        "ADJ": 0.5446428571428571,
        "ADP": 0.8793418647166362,
        "ADV": 0.6954314720812182,
        "CONJ": 0.8819875776397516,
        "DET": 0.9364705882352942,
        "NOUN": 0.7505952380952381,
        "NUM": 0.3333333333333333,
        "PRON": 0.9326347305389222,
        "PRT": 0.8543689320388349,
        "VERB": 0.8283828382838284,
        "X": 0.6980854197349042,
        "<pad>": 0
    },
    "train_loss": 454.3403015136719,
    "validation_accuracy": 0.7300906056270863,
    "validation_accuracy_per_label": {
        ".": 0.9236947791164659,
        "ADJ": 0.32323232323232326,
        "ADP": 0.9072847682119205,
        "ADV": 0.5813953488372093,
        "CONJ": 0.9285714285714286,
        "DET": 0.9230769230769231,
        "NOUN": 0.6848739495798319,
        "NUM": 0.23529411764705882,
        "PRON": 0.9322916666666666,
        "PRT": 0.8596491228070176,
        "VERB": 0.6629526462395543,
        "X": 0.547486033519553,
        "<pad>": 0
    },
    "validation_loss": 541.8864135742188,
    "epoch_num": 34
}