{
    "train_accuracy": 0.7181061536362396,
    "train_accuracy_per_label": {
        ".": 0.9215909090909091,
        "ADJ": 0.38392857142857145,
        "ADP": 0.8647166361974405,
        "ADV": 0.6040609137055838,
        "CONJ": 0.7950310559006211,
        "DET": 0.9035294117647059,
        "NOUN": 0.631547619047619,
        "NUM": 0.14184397163120568,
        "PRON": 0.8667664670658682,
        "PRT": 0.8446601941747572,
        "VERB": 0.7252475247524752,
        "X": 0.5699558173784978,
        "<pad>": 0
    },
    "train_loss": 625.7536010742188,
    "validation_accuracy": 0.6866952789699571,
    "validation_accuracy_per_label": {
        ".": 0.9076305220883534,
        "ADJ": 0.24242424242424243,
        "ADP": 0.8807947019867549,
        "ADV": 0.5038759689922481,
        "CONJ": 0.8571428571428571,
        "DET": 0.9,
        "NOUN": 0.6407563025210085,
        "NUM": 0.14705882352941177,
        "PRON": 0.8489583333333334,
        "PRT": 0.8771929824561403,
        "VERB": 0.6128133704735376,
        "X": 0.5363128491620112,
        "<pad>": 0
    },
    "validation_loss": 644.3392333984375,
    "epoch_num": 25
}