{
    "train_accuracy": 0.6209578387228817,
    "train_accuracy_per_label": {
        ".": 0.8931818181818182,
        "ADJ": 0.24107142857142858,
        "ADP": 0.7897623400365631,
        "ADV": 0.5279187817258884,
        "CONJ": 0.7639751552795031,
        "DET": 0.7647058823529411,
        "NOUN": 0.45714285714285713,
        "NUM": 0.05673758865248227,
        "PRON": 0.8188622754491018,
        "PRT": 0.8543689320388349,
        "VERB": 0.6155115511551155,
        "X": 0.5169366715758469,
        "<pad>": 0
    },
    "train_loss": 806.314208984375,
    "validation_accuracy": 0.6247019551740581,
    "validation_accuracy_per_label": {
        ".": 0.8835341365461847,
        "ADJ": 0.18181818181818182,
        "ADP": 0.8013245033112583,
        "ADV": 0.4573643410852713,
        "CONJ": 0.8333333333333334,
        "DET": 0.7769230769230769,
        "NOUN": 0.5735294117647058,
        "NUM": 0.11764705882352941,
        "PRON": 0.7708333333333334,
        "PRT": 0.8771929824561403,
        "VERB": 0.520891364902507,
        "X": 0.5251396648044693,
        "<pad>": 0
    },
    "validation_loss": 764.2893676757812,
    "epoch_num": 18
}