{
    "train_accuracy": 0.8325828898894801,
    "train_accuracy_per_label": {
        ".": 0.95,
        "ADJ": 0.6160714285714286,
        "ADP": 0.8848263254113345,
        "ADV": 0.7461928934010152,
        "CONJ": 0.9254658385093167,
        "DET": 0.9411764705882353,
        "NOUN": 0.7934523809523809,
        "NUM": 0.41134751773049644,
        "PRON": 0.9520958083832335,
        "PRT": 0.8543689320388349,
        "VERB": 0.8547854785478548,
        "X": 0.7260677466863034,
        "<pad>": 0
    },
    "train_loss": 395.4228515625,
    "validation_accuracy": 0.7439198855507868,
    "validation_accuracy_per_label": {
        ".": 0.927710843373494,
        "ADJ": 0.37373737373737376,
        "ADP": 0.9205298013245033,
        "ADV": 0.5736434108527132,
        "CONJ": 0.9285714285714286,
        "DET": 0.9153846153846154,
        "NOUN": 0.7016806722689075,
        "NUM": 0.29411764705882354,
        "PRON": 0.9427083333333334,
        "PRT": 0.8596491228070176,
        "VERB": 0.6824512534818942,
        "X": 0.5698324022346368,
        "<pad>": 0
    },
    "validation_loss": 509.8247375488281,
    "epoch_num": 38
}