{
    "train_accuracy": 0.8204393505253104,
    "train_accuracy_per_label": {
        ".": 0.9488636363636364,
        "ADJ": 0.5833333333333334,
        "ADP": 0.8829981718464351,
        "ADV": 0.7284263959390863,
        "CONJ": 0.9130434782608695,
        "DET": 0.9411764705882353,
        "NOUN": 0.7738095238095238,
        "NUM": 0.3971631205673759,
        "PRON": 0.9416167664670658,
        "PRT": 0.8543689320388349,
        "VERB": 0.8424092409240924,
        "X": 0.711340206185567,
        "<pad>": 0
    },
    "train_loss": 423.727783203125,
    "validation_accuracy": 0.7396280400572246,
    "validation_accuracy_per_label": {
        ".": 0.9236947791164659,
        "ADJ": 0.36363636363636365,
        "ADP": 0.9205298013245033,
        "ADV": 0.5813953488372093,
        "CONJ": 0.9285714285714286,
        "DET": 0.9230769230769231,
        "NOUN": 0.6953781512605042,
        "NUM": 0.2647058823529412,
        "PRON": 0.9427083333333334,
        "PRT": 0.8596491228070176,
        "VERB": 0.6685236768802229,
        "X": 0.5698324022346368,
        "<pad>": 0
    },
    "validation_loss": 524.9993896484375,
    "epoch_num": 36
}