{
    "train_accuracy": 0.7403465684267977,
    "train_accuracy_per_label": {
        ".": 0.928409090909091,
        "ADJ": 0.4226190476190476,
        "ADP": 0.8683729433272395,
        "ADV": 0.6370558375634517,
        "CONJ": 0.8012422360248447,
        "DET": 0.9176470588235294,
        "NOUN": 0.6613095238095238,
        "NUM": 0.18439716312056736,
        "PRON": 0.8832335329341318,
        "PRT": 0.8446601941747572,
        "VERB": 0.7524752475247525,
        "X": 0.6023564064801178,
        "<pad>": 0
    },
    "train_loss": 582.3624877929688,
    "validation_accuracy": 0.7024320457796852,
    "validation_accuracy_per_label": {
        ".": 0.9076305220883534,
        "ADJ": 0.24242424242424243,
        "ADP": 0.8940397350993378,
        "ADV": 0.5271317829457365,
        "CONJ": 0.8571428571428571,
        "DET": 0.9153846153846154,
        "NOUN": 0.6596638655462185,
        "NUM": 0.20588235294117646,
        "PRON": 0.8645833333333334,
        "PRT": 0.8947368421052632,
        "VERB": 0.6406685236768802,
        "X": 0.5418994413407822,
        "<pad>": 0
    },
    "validation_loss": 617.25244140625,
    "epoch_num": 27
}