{
    "train_accuracy": 0.3098649201801064,
    "train_accuracy_per_label": {
        ".": 0.5852272727272727,
        "ADJ": 0.03571428571428571,
        "ADP": 0.5228519195612431,
        "ADV": 0.2918781725888325,
        "CONJ": 0.6149068322981367,
        "DET": 0.7247058823529412,
        "NOUN": 0.07380952380952381,
        "NUM": 0.06382978723404255,
        "PRON": 0.27844311377245506,
        "PRT": 0.7281553398058253,
        "VERB": 0.15016501650165018,
        "X": 0.41973490427098675,
        "<pad>": 0
    },
    "train_loss": 1355.9110107421875,
    "validation_accuracy": 0.3299952312827849,
    "validation_accuracy_per_label": {
        ".": 0.6666666666666666,
        "ADJ": 0.050505050505050504,
        "ADP": 0.5033112582781457,
        "ADV": 0.26356589147286824,
        "CONJ": 0.5952380952380952,
        "DET": 0.6846153846153846,
        "NOUN": 0.09033613445378151,
        "NUM": 0.0,
        "PRON": 0.3958333333333333,
        "PRT": 0.7368421052631579,
        "VERB": 0.13649025069637882,
        "X": 0.4860335195530726,
        "<pad>": 0
    },
    "validation_loss": 1189.2403564453125,
    "epoch_num": 4
}