{
    "train_accuracy": 0.7951971619593396,
    "train_accuracy_per_label": {
        ".": 0.9443181818181818,
        "ADJ": 0.5238095238095238,
        "ADP": 0.8775137111517367,
        "ADV": 0.6852791878172588,
        "CONJ": 0.8757763975155279,
        "DET": 0.9364705882352942,
        "NOUN": 0.736904761904762,
        "NUM": 0.2978723404255319,
        "PRON": 0.9281437125748503,
        "PRT": 0.8543689320388349,
        "VERB": 0.8193069306930693,
        "X": 0.6818851251840943,
        "<pad>": 0
    },
    "train_loss": 470.5677795410156,
    "validation_accuracy": 0.726275631855031,
    "validation_accuracy_per_label": {
        ".": 0.9236947791164659,
        "ADJ": 0.32323232323232326,
        "ADP": 0.9072847682119205,
        "ADV": 0.5813953488372093,
        "CONJ": 0.9285714285714286,
        "DET": 0.9153846153846154,
        "NOUN": 0.6785714285714286,
        "NUM": 0.23529411764705882,
        "PRON": 0.921875,
        "PRT": 0.8596491228070176,
        "VERB": 0.6573816155988857,
        "X": 0.547486033519553,
        "<pad>": 0
    },
    "validation_loss": 551.0283813476562,
    "epoch_num": 33
}