{
    "train_accuracy": 0.5480966025378633,
    "train_accuracy_per_label": {
        ".": 0.8590909090909091,
        "ADJ": 0.17559523809523808,
        "ADP": 0.7111517367458866,
        "ADV": 0.4873096446700508,
        "CONJ": 0.7577639751552795,
        "DET": 0.7458823529411764,
        "NOUN": 0.34285714285714286,
        "NUM": 0.02127659574468085,
        "PRON": 0.7485029940119761,
        "PRT": 0.8398058252427184,
        "VERB": 0.49174917491749176,
        "X": 0.49189985272459497,
        "<pad>": 0
    },
    "train_loss": 966.5657958984375,
    "validation_accuracy": 0.5488793514544588,
    "validation_accuracy_per_label": {
        ".": 0.8473895582329317,
        "ADJ": 0.15151515151515152,
        "ADP": 0.7019867549668874,
        "ADV": 0.3875968992248062,
        "CONJ": 0.8333333333333334,
        "DET": 0.7538461538461538,
        "NOUN": 0.4411764705882353,
        "NUM": 0.029411764705882353,
        "PRON": 0.7135416666666666,
        "PRT": 0.8070175438596491,
        "VERB": 0.4178272980501393,
        "X": 0.5139664804469274,
        "<pad>": 0
    },
    "validation_loss": 879.8346557617188,
    "epoch_num": 13
}