{
    "train_accuracy": 0.4624096056760813,
    "train_accuracy_per_label": {
        ".": 0.7829545454545455,
        "ADJ": 0.125,
        "ADP": 0.659963436928702,
        "ADV": 0.42385786802030456,
        "CONJ": 0.7204968944099379,
        "DET": 0.7552941176470588,
        "NOUN": 0.2398809523809524,
        "NUM": 0.02127659574468085,
        "PRON": 0.5898203592814372,
        "PRT": 0.7815533980582524,
        "VERB": 0.349009900990099,
        "X": 0.45508100147275404,
        "<pad>": 0
    },
    "train_loss": 1117.0511474609375,
    "validation_accuracy": 0.47401049117787314,
    "validation_accuracy_per_label": {
        ".": 0.7710843373493976,
        "ADJ": 0.10101010101010101,
        "ADP": 0.6490066225165563,
        "ADV": 0.3643410852713178,
        "CONJ": 0.7380952380952381,
        "DET": 0.7538461538461538,
        "NOUN": 0.31092436974789917,
        "NUM": 0.029411764705882353,
        "PRON": 0.59375,
        "PRT": 0.7719298245614035,
        "VERB": 0.33147632311977715,
        "X": 0.5139664804469274,
        "<pad>": 0
    },
    "validation_loss": 995.6337890625,
    "epoch_num": 9
}