{
    "train_accuracy": 0.5111202073952791,
    "train_accuracy_per_label": {
        ".": 0.8272727272727273,
        "ADJ": 0.15476190476190477,
        "ADP": 0.6819012797074955,
        "ADV": 0.4796954314720812,
        "CONJ": 0.7391304347826086,
        "DET": 0.7482352941176471,
        "NOUN": 0.29642857142857143,
        "NUM": 0.014184397163120567,
        "PRON": 0.6811377245508982,
        "PRT": 0.8009708737864077,
        "VERB": 0.43481848184818483,
        "X": 0.47128129602356406,
        "<pad>": 0
    },
    "train_loss": 1038.9185791015625,
    "validation_accuracy": 0.5097758702908918,
    "validation_accuracy_per_label": {
        ".": 0.7871485943775101,
        "ADJ": 0.12121212121212122,
        "ADP": 0.6754966887417219,
        "ADV": 0.37209302325581395,
        "CONJ": 0.7857142857142857,
        "DET": 0.7538461538461538,
        "NOUN": 0.36764705882352944,
        "NUM": 0.029411764705882353,
        "PRON": 0.6614583333333334,
        "PRT": 0.7894736842105263,
        "VERB": 0.38997214484679665,
        "X": 0.5139664804469274,
        "<pad>": 0
    },
    "validation_loss": 934.6763305664062,
    "epoch_num": 11
}