{
    "train_accuracy": 0.7683176422431437,
    "train_accuracy_per_label": {
        ".": 0.9329545454545455,
        "ADJ": 0.46130952380952384,
        "ADP": 0.8738574040219378,
        "ADV": 0.6598984771573604,
        "CONJ": 0.8322981366459627,
        "DET": 0.9341176470588235,
        "NOUN": 0.6976190476190476,
        "NUM": 0.24113475177304963,
        "PRON": 0.9116766467065869,
        "PRT": 0.8495145631067961,
        "VERB": 0.7879537953795379,
        "X": 0.6494845360824743,
        "<pad>": 0
    },
    "train_loss": 523.221435546875,
    "validation_accuracy": 0.7143538388173581,
    "validation_accuracy_per_label": {
        ".": 0.9156626506024096,
        "ADJ": 0.2727272727272727,
        "ADP": 0.9006622516556292,
        "ADV": 0.5426356589147286,
        "CONJ": 0.8809523809523809,
        "DET": 0.9230769230769231,
        "NOUN": 0.6701680672268907,
        "NUM": 0.20588235294117646,
        "PRON": 0.8958333333333334,
        "PRT": 0.8947368421052632,
        "VERB": 0.649025069637883,
        "X": 0.547486033519553,
        "<pad>": 0
    },
    "validation_loss": 581.5427856445312,
    "epoch_num": 30
}