{
    "train_accuracy": 0.2662027561741029,
    "train_accuracy_per_label": {
        ".": 0.5,
        "ADJ": 0.023809523809523808,
        "ADP": 0.43144424131627057,
        "ADV": 0.2563451776649746,
        "CONJ": 0.5838509316770186,
        "DET": 0.6705882352941176,
        "NOUN": 0.05773809523809524,
        "NUM": 0.0425531914893617,
        "PRON": 0.17664670658682635,
        "PRT": 0.7233009708737864,
        "VERB": 0.12211221122112212,
        "X": 0.3961708394698085,
        "<pad>": 0
    },
    "train_loss": 1416.2235107421875,
    "validation_accuracy": 0.27896995708154504,
    "validation_accuracy_per_label": {
        ".": 0.5502008032128514,
        "ADJ": 0.030303030303030304,
        "ADP": 0.44370860927152317,
        "ADV": 0.20930232558139536,
        "CONJ": 0.5714285714285714,
        "DET": 0.6692307692307692,
        "NOUN": 0.04201680672268908,
        "NUM": 0.0,
        "PRON": 0.2916666666666667,
        "PRT": 0.7368421052631579,
        "VERB": 0.10584958217270195,
        "X": 0.4692737430167598,
        "<pad>": 0
    },
    "validation_loss": 1238.880126953125,
    "epoch_num": 3
}