{
    "train_accuracy": 0.8130713603492973,
    "train_accuracy_per_label": {
        ".": 0.946590909090909,
        "ADJ": 0.5595238095238095,
        "ADP": 0.8811700182815356,
        "ADV": 0.7106598984771574,
        "CONJ": 0.8944099378881988,
        "DET": 0.9411764705882353,
        "NOUN": 0.7636904761904761,
        "NUM": 0.3617021276595745,
        "PRON": 0.9401197604790419,
        "PRT": 0.8543689320388349,
        "VERB": 0.8358085808580858,
        "X": 0.7083946980854198,
        "<pad>": 0
    },
    "train_loss": 438.7353210449219,
    "validation_accuracy": 0.7339055793991416,
    "validation_accuracy_per_label": {
        ".": 0.9236947791164659,
        "ADJ": 0.3333333333333333,
        "ADP": 0.9139072847682119,
        "ADV": 0.5813953488372093,
        "CONJ": 0.9285714285714286,
        "DET": 0.9230769230769231,
        "NOUN": 0.6932773109243697,
        "NUM": 0.23529411764705882,
        "PRON": 0.9322916666666666,
        "PRT": 0.8596491228070176,
        "VERB": 0.6657381615598886,
        "X": 0.553072625698324,
        "<pad>": 0
    },
    "validation_loss": 533.2174072265625,
    "epoch_num": 35
}