{
    "train_accuracy": 0.5289944057852367,
    "train_accuracy_per_label": {
        ".": 0.8420454545454545,
        "ADJ": 0.15773809523809523,
        "ADP": 0.7038391224862889,
        "ADV": 0.4796954314720812,
        "CONJ": 0.7453416149068323,
        "DET": 0.7482352941176471,
        "NOUN": 0.31785714285714284,
        "NUM": 0.014184397163120567,
        "PRON": 0.7080838323353293,
        "PRT": 0.8300970873786407,
        "VERB": 0.4645214521452145,
        "X": 0.48306332842415317,
        "<pad>": 0
    },
    "train_loss": 1002.0960693359375,
    "validation_accuracy": 0.5350500715307582,
    "validation_accuracy_per_label": {
        ".": 0.8273092369477911,
        "ADJ": 0.13131313131313133,
        "ADP": 0.695364238410596,
        "ADV": 0.3798449612403101,
        "CONJ": 0.8333333333333334,
        "DET": 0.7538461538461538,
        "NOUN": 0.4096638655462185,
        "NUM": 0.029411764705882353,
        "PRON": 0.703125,
        "PRT": 0.8070175438596491,
        "VERB": 0.40668523676880225,
        "X": 0.5195530726256983,
        "<pad>": 0
    },
    "validation_loss": 906.5625610351562,
    "epoch_num": 12
}