{
    "train_accuracy": 0.6651657797789603,
    "train_accuracy_per_label": {
        ".": 0.9022727272727272,
        "ADJ": 0.2976190476190476,
        "ADP": 0.8446069469835467,
        "ADV": 0.5482233502538071,
        "CONJ": 0.7639751552795031,
        "DET": 0.8470588235294118,
        "NOUN": 0.5404761904761904,
        "NUM": 0.0851063829787234,
        "PRON": 0.842814371257485,
        "PRT": 0.8495145631067961,
        "VERB": 0.6617161716171617,
        "X": 0.5301914580265096,
        "<pad>": 0
    },
    "train_loss": 723.1028442382812,
    "validation_accuracy": 0.6494992846924177,
    "validation_accuracy_per_label": {
        ".": 0.8875502008032129,
        "ADJ": 0.20202020202020202,
        "ADP": 0.8079470198675497,
        "ADV": 0.4573643410852713,
        "CONJ": 0.8333333333333334,
        "DET": 0.8461538461538461,
        "NOUN": 0.6071428571428571,
        "NUM": 0.11764705882352941,
        "PRON": 0.7916666666666666,
        "PRT": 0.8771929824561403,
        "VERB": 0.5710306406685237,
        "X": 0.5307262569832403,
        "<pad>": 0
    },
    "validation_loss": 707.6158447265625,
    "epoch_num": 21
}