{
    "train_accuracy": 0.6350115977623141,
    "train_accuracy_per_label": {
        ".": 0.8954545454545455,
        "ADJ": 0.24404761904761904,
        "ADP": 0.8043875685557587,
        "ADV": 0.5279187817258884,
        "CONJ": 0.7639751552795031,
        "DET": 0.7976470588235294,
        "NOUN": 0.48273809523809524,
        "NUM": 0.06382978723404255,
        "PRON": 0.8248502994011976,
        "PRT": 0.8592233009708737,
        "VERB": 0.6377887788778878,
        "X": 0.5198821796759941,
        "<pad>": 0
    },
    "train_loss": 777.5462646484375,
    "validation_accuracy": 0.631378159275155,
    "validation_accuracy_per_label": {
        ".": 0.8795180722891566,
        "ADJ": 0.18181818181818182,
        "ADP": 0.8013245033112583,
        "ADV": 0.4496124031007752,
        "CONJ": 0.8333333333333334,
        "DET": 0.8,
        "NOUN": 0.5861344537815126,
        "NUM": 0.11764705882352941,
        "PRON": 0.78125,
        "PRT": 0.8771929824561403,
        "VERB": 0.532033426183844,
        "X": 0.5307262569832403,
        "<pad>": 0
    },
    "validation_loss": 744.4336547851562,
    "epoch_num": 19
}