{
    "train_accuracy": 0.8374948833401555,
    "train_accuracy_per_label": {
        ".": 0.95,
        "ADJ": 0.625,
        "ADP": 0.8884826325411335,
        "ADV": 0.748730964467005,
        "CONJ": 0.937888198757764,
        "DET": 0.9411764705882353,
        "NOUN": 0.8017857142857143,
        "NUM": 0.4326241134751773,
        "PRON": 0.9535928143712575,
        "PRT": 0.8543689320388349,
        "VERB": 0.8605610561056105,
        "X": 0.7304860088365243,
        "<pad>": 0
    },
    "train_loss": 382.0821228027344,
    "validation_accuracy": 0.7463042441583214,
    "validation_accuracy_per_label": {
        ".": 0.927710843373494,
        "ADJ": 0.37373737373737376,
        "ADP": 0.9205298013245033,
        "ADV": 0.5813953488372093,
        "CONJ": 0.9285714285714286,
        "DET": 0.9230769230769231,
        "NOUN": 0.7016806722689075,
        "NUM": 0.3235294117647059,
        "PRON": 0.9427083333333334,
        "PRT": 0.8596491228070176,
        "VERB": 0.6880222841225627,
        "X": 0.5698324022346368,
        "<pad>": 0
    },
    "validation_loss": 502.826416015625,
    "epoch_num": 39
}