{
    "train_accuracy": 0.752762996316005,
    "train_accuracy_per_label": {
        ".": 0.9431818181818182,
        "ADJ": 0.5148809523809523,
        "ADP": 0.8793418647166362,
        "ADV": 0.6928934010152284,
        "CONJ": 0.8757763975155279,
        "DET": 0.9317647058823529,
        "NOUN": 0.6714285714285714,
        "NUM": 0.28368794326241137,
        "PRON": 0.9266467065868264,
        "PRT": 0.8737864077669902,
        "VERB": 0.7656765676567657,
        "X": 0.48306332842415317,
        "<pad>": 0
    },
    "train_loss": 0.9272384643554688,
    "validation_accuracy": 0.6213638531235097,
    "validation_accuracy_per_label": {
        ".": 0.9236947791164659,
        "ADJ": 0.30303030303030304,
        "ADP": 0.9337748344370861,
        "ADV": 0.5426356589147286,
        "CONJ": 0.9285714285714286,
        "DET": 0.9,
        "NOUN": 0.3592436974789916,
        "NUM": 0.20588235294117646,
        "PRON": 0.9166666666666666,
        "PRT": 0.8771929824561403,
        "VERB": 0.6239554317548747,
        "X": 0.2681564245810056,
        "<pad>": 0
    },
    "validation_loss": 1.162166714668274,
    "epoch_num": 32
}