{
    "train_accuracy": 0.6049938600081867,
    "train_accuracy_per_label": {
        ".": 0.9147727272727273,
        "ADJ": 0.3244047619047619,
        "ADP": 0.8226691042047533,
        "ADV": 0.5355329949238579,
        "CONJ": 0.7701863354037267,
        "DET": 0.8164705882352942,
        "NOUN": 0.41785714285714287,
        "NUM": 0.0425531914893617,
        "PRON": 0.8143712574850299,
        "PRT": 0.8640776699029126,
        "VERB": 0.6262376237623762,
        "X": 0.2930780559646539,
        "<pad>": 0
    },
    "train_loss": 1.4079896211624146,
    "validation_accuracy": 0.5345731998092513,
    "validation_accuracy_per_label": {
        ".": 0.8835341365461847,
        "ADJ": 0.24242424242424243,
        "ADP": 0.8410596026490066,
        "ADV": 0.4496124031007752,
        "CONJ": 0.8571428571428571,
        "DET": 0.823076923076923,
        "NOUN": 0.2668067226890756,
        "NUM": 0.029411764705882353,
        "PRON": 0.7604166666666666,
        "PRT": 0.8771929824561403,
        "VERB": 0.5292479108635098,
        "X": 0.19553072625698323,
        "<pad>": 0
    },
    "validation_loss": 1.467190146446228,
    "epoch_num": 19
}