{
    "train_accuracy": 0.7291581389002593,
    "train_accuracy_per_label": {
        ".": 0.9431818181818182,
        "ADJ": 0.41964285714285715,
        "ADP": 0.8628884826325411,
        "ADV": 0.6345177664974619,
        "CONJ": 0.8695652173913043,
        "DET": 0.9341176470588235,
        "NOUN": 0.6404761904761904,
        "NUM": 0.2765957446808511,
        "PRON": 0.9221556886227545,
        "PRT": 0.8640776699029126,
        "VERB": 0.7392739273927392,
        "X": 0.45508100147275404,
        "<pad>": 0
    },
    "train_loss": 1.0214494466781616,
    "validation_accuracy": 0.6113495469718646,
    "validation_accuracy_per_label": {
        ".": 0.9236947791164659,
        "ADJ": 0.25252525252525254,
        "ADP": 0.9205298013245033,
        "ADV": 0.5193798449612403,
        "CONJ": 0.9285714285714286,
        "DET": 0.9,
        "NOUN": 0.3550420168067227,
        "NUM": 0.20588235294117646,
        "PRON": 0.9166666666666666,
        "PRT": 0.8771929824561403,
        "VERB": 0.5988857938718662,
        "X": 0.2681564245810056,
        "<pad>": 0
    },
    "validation_loss": 1.2146130800247192,
    "epoch_num": 29
}