{
    "train_accuracy": 0.8017464865602402,
    "train_accuracy_per_label": {
        ".": 0.9431818181818182,
        "ADJ": 0.6041666666666666,
        "ADP": 0.8903107861060329,
        "ADV": 0.7385786802030457,
        "CONJ": 0.937888198757764,
        "DET": 0.9317647058823529,
        "NOUN": 0.7470238095238095,
        "NUM": 0.3546099290780142,
        "PRON": 0.9535928143712575,
        "PRT": 0.8737864077669902,
        "VERB": 0.8308580858085809,
        "X": 0.572901325478645,
        "<pad>": 0
    },
    "train_loss": 0.7646520733833313,
    "validation_accuracy": 0.6361468764902242,
    "validation_accuracy_per_label": {
        ".": 0.9236947791164659,
        "ADJ": 0.35353535353535354,
        "ADP": 0.9337748344370861,
        "ADV": 0.5891472868217055,
        "CONJ": 0.9285714285714286,
        "DET": 0.9,
        "NOUN": 0.3760504201680672,
        "NUM": 0.2647058823529412,
        "PRON": 0.9427083333333334,
        "PRT": 0.8771929824561403,
        "VERB": 0.6323119777158774,
        "X": 0.27932960893854747,
        "<pad>": 0
    },
    "validation_loss": 1.0806210041046143,
    "epoch_num": 38
}