{
    "train_accuracy": 0.9591754244139046,
    "train_accuracy_per_label": {
        "B-company": 0.41044776119402987,
        "B-facility": 0.0,
        "B-geo-loc": 0.5829145728643216,
        "B-movie": 0.0,
        "B-musicartist": 0.0,
        "B-other": 0.0,
        "B-person": 0.7640117994100295,
        "B-product": 0.0,
        "B-sportsteam": 0.0,
        "B-tvshow": 0.0,
        "I-company": 0.0,
        "I-facility": 0.0,
        "I-geo-loc": 0.0,
        "I-movie": 0.0,
        "I-musicartist": 0.0,
        "I-other": 0.06276150627615062,
        "I-person": 0.026143790849673203,
        "I-product": 0.0,
        "I-sportsteam": 0.0,
        "I-tvshow": 0.0,
        "O": 0.9991159075666118,
        "<pad>": 0
    },
    "train_loss": 0.16773095726966858,
    "validation_accuracy": 0.950601150026137,
    "validation_accuracy_per_label": {
        "B-company": 0.3611111111111111,
        "B-facility": 0.0,
        "B-geo-loc": 0.42857142857142855,
        "B-movie": 0.0,
        "B-musicartist": 0.0,
        "B-other": 0.0,
        "B-person": 0.6481481481481481,
        "B-product": 0.0,
        "B-sportsteam": 0.0,
        "B-tvshow": 0.0,
        "I-company": 0.0,
        "I-facility": 0.0,
        "I-geo-loc": 0.0,
        "I-movie": 0.0,
        "I-musicartist": 0.0,
        "I-other": 0.04938271604938271,
        "I-person": 0.0,
        "I-product": 0.0,
        "I-sportsteam": 0.0,
        "I-tvshow": 0.0,
        "O": 0.993920972644377,
        "<pad>": 0
    },
    "validation_loss": 0.2379944920539856,
    "epoch_num": 12
}