{
    "train_accuracy": 0.9650363783346807,
    "train_accuracy_per_label": {
        "B-company": 0.6119402985074627,
        "B-facility": 0.0,
        "B-geo-loc": 0.7638190954773869,
        "B-movie": 0.0,
        "B-musicartist": 0.0,
        "B-other": 0.0,
        "B-person": 0.8495575221238938,
        "B-product": 0.0,
        "B-sportsteam": 0.0,
        "B-tvshow": 0.0,
        "I-company": 0.0,
        "I-facility": 0.0,
        "I-geo-loc": 0.0,
        "I-movie": 0.0,
        "I-musicartist": 0.0,
        "I-other": 0.3263598326359833,
        "I-person": 0.3202614379084967,
        "I-product": 0.0,
        "I-sportsteam": 0.0,
        "I-tvshow": 0.0,
        "O": 0.9992073654045485,
        "<pad>": 0
    },
    "train_loss": 0.13999539613723755,
    "validation_accuracy": 0.9505140268339431,
    "validation_accuracy_per_label": {
        "B-company": 0.5,
        "B-facility": 0.0,
        "B-geo-loc": 0.44155844155844154,
        "B-movie": 0.0,
        "B-musicartist": 0.0,
        "B-other": 0.0,
        "B-person": 0.6759259259259259,
        "B-product": 0.0,
        "B-sportsteam": 0.0,
        "B-tvshow": 0.0,
        "I-company": 0.0,
        "I-facility": 0.034482758620689655,
        "I-geo-loc": 0.0,
        "I-movie": 0.0,
        "I-musicartist": 0.0,
        "I-other": 0.1728395061728395,
        "I-person": 0.16393442622950818,
        "I-product": 0.0,
        "I-sportsteam": 0.0,
        "I-tvshow": 0.0,
        "O": 0.9910656719167358,
        "<pad>": 0
    },
    "validation_loss": 0.23808611929416656,
    "epoch_num": 15
}