{
    "train_accuracy": 0.9575874812333988,
    "train_accuracy_per_label": {
        "B-company": 0.3805970149253731,
        "B-facility": 0.0,
        "B-geo-loc": 0.44221105527638194,
        "B-movie": 0.0,
        "B-musicartist": 0.0,
        "B-other": 0.0,
        "B-person": 0.7168141592920354,
        "B-product": 0.0,
        "B-sportsteam": 0.0,
        "B-tvshow": 0.0,
        "I-company": 0.0,
        "I-facility": 0.0,
        "I-geo-loc": 0.0,
        "I-movie": 0.0,
        "I-musicartist": 0.0,
        "I-other": 0.02092050209205021,
        "I-person": 0.013071895424836602,
        "I-product": 0.0,
        "I-sportsteam": 0.0,
        "I-tvshow": 0.0,
        "O": 0.9992683372965063,
        "<pad>": 0
    },
    "train_loss": 0.17863428592681885,
    "validation_accuracy": 0.9514723819480746,
    "validation_accuracy_per_label": {
        "B-company": 0.3611111111111111,
        "B-facility": 0.0,
        "B-geo-loc": 0.38961038961038963,
        "B-movie": 0.0,
        "B-musicartist": 0.0,
        "B-other": 0.0,
        "B-person": 0.6111111111111112,
        "B-product": 0.0,
        "B-sportsteam": 0.0,
        "B-tvshow": 0.0,
        "I-company": 0.0,
        "I-facility": 0.0,
        "I-geo-loc": 0.0,
        "I-movie": 0.0,
        "I-musicartist": 0.0,
        "I-other": 0.012345679012345678,
        "I-person": 0.0,
        "I-product": 0.0,
        "I-sportsteam": 0.0,
        "I-tvshow": 0.0,
        "O": 0.9957631021460809,
        "<pad>": 0
    },
    "validation_loss": 0.23961091041564941,
    "epoch_num": 11
}