{
    "train_accuracy": 0.9556242060284097,
    "train_accuracy_per_label": {
        "B-company": 0.31343283582089554,
        "B-facility": 0.0,
        "B-geo-loc": 0.2613065326633166,
        "B-movie": 0.0,
        "B-musicartist": 0.0,
        "B-other": 0.0,
        "B-person": 0.6578171091445427,
        "B-product": 0.0,
        "B-sportsteam": 0.0,
        "B-tvshow": 0.0,
        "I-company": 0.0,
        "I-facility": 0.0,
        "I-geo-loc": 0.0,
        "I-movie": 0.0,
        "I-musicartist": 0.0,
        "I-other": 0.0,
        "I-person": 0.0,
        "I-product": 0.0,
        "I-sportsteam": 0.0,
        "I-tvshow": 0.0,
        "O": 0.9993902810804219,
        "<pad>": 0
    },
    "train_loss": 0.1905505210161209,
    "validation_accuracy": 0.950949642794912,
    "validation_accuracy_per_label": {
        "B-company": 0.3611111111111111,
        "B-facility": 0.0,
        "B-geo-loc": 0.23376623376623376,
        "B-movie": 0.0,
        "B-musicartist": 0.0,
        "B-other": 0.0,
        "B-person": 0.5462962962962963,
        "B-product": 0.0,
        "B-sportsteam": 0.0,
        "B-tvshow": 0.0,
        "I-company": 0.0,
        "I-facility": 0.0,
        "I-geo-loc": 0.0,
        "I-movie": 0.0,
        "I-musicartist": 0.0,
        "I-other": 0.0,
        "I-person": 0.0,
        "I-product": 0.0,
        "I-sportsteam": 0.0,
        "I-tvshow": 0.0,
        "O": 0.9970525927972737,
        "<pad>": 0
    },
    "validation_loss": 0.24257726967334747,
    "epoch_num": 10
}