{
    "train_accuracy": 0.9689340570504678,
    "train_accuracy_per_label": {
        "B-company": 0.6940298507462687,
        "B-facility": 0.0,
        "B-geo-loc": 0.7989949748743719,
        "B-movie": 0.0,
        "B-musicartist": 0.0,
        "B-other": 0.06790123456790123,
        "B-person": 0.8643067846607669,
        "B-product": 0.10256410256410256,
        "B-sportsteam": 0.0,
        "B-tvshow": 0.0,
        "I-company": 0.0,
        "I-facility": 0.02666666666666667,
        "I-geo-loc": 0.0,
        "I-movie": 0.0,
        "I-musicartist": 0.0,
        "I-other": 0.4895397489539749,
        "I-person": 0.6339869281045751,
        "I-product": 0.0,
        "I-sportsteam": 0.0,
        "I-tvshow": 0.0,
        "O": 0.9993293091884641,
        "<pad>": 0
    },
    "train_loss": 0.12486111372709274,
    "validation_accuracy": 0.9500784108729744,
    "validation_accuracy_per_label": {
        "B-company": 0.5,
        "B-facility": 0.0,
        "B-geo-loc": 0.45454545454545453,
        "B-movie": 0.0,
        "B-musicartist": 0.0,
        "B-other": 0.015873015873015872,
        "B-person": 0.6666666666666666,
        "B-product": 0.10526315789473684,
        "B-sportsteam": 0.0,
        "B-tvshow": 0.0,
        "I-company": 0.0,
        "I-facility": 0.034482758620689655,
        "I-geo-loc": 0.0,
        "I-movie": 0.0,
        "I-musicartist": 0.0,
        "I-other": 0.2222222222222222,
        "I-person": 0.4262295081967213,
        "I-product": 0.0,
        "I-sportsteam": 0.0,
        "I-tvshow": 0.0,
        "O": 0.9884866906143502,
        "<pad>": 0
    },
    "validation_loss": 0.24005268514156342,
    "epoch_num": 17
}