{
    "train_accuracy": 0.9726873772952996,
    "train_accuracy_per_label": {
        "B-company": 0.7164179104477612,
        "B-facility": 0.0,
        "B-geo-loc": 0.8190954773869347,
        "B-movie": 0.0,
        "B-musicartist": 0.0,
        "B-other": 0.17901234567901234,
        "B-person": 0.8938053097345132,
        "B-product": 0.32051282051282054,
        "B-sportsteam": 0.0,
        "B-tvshow": 0.0,
        "I-company": 0.0,
        "I-facility": 0.18666666666666668,
        "I-geo-loc": 0.0,
        "I-movie": 0.0,
        "I-musicartist": 0.0,
        "I-other": 0.6527196652719666,
        "I-person": 0.7973856209150327,
        "I-product": 0.015625,
        "I-sportsteam": 0.0,
        "I-tvshow": 0.0,
        "O": 0.9993597951344431,
        "<pad>": 0
    },
    "train_loss": 0.11143758893013,
    "validation_accuracy": 0.9501655340651681,
    "validation_accuracy_per_label": {
        "B-company": 0.5,
        "B-facility": 0.0,
        "B-geo-loc": 0.4155844155844156,
        "B-movie": 0.0,
        "B-musicartist": 0.0,
        "B-other": 0.015873015873015872,
        "B-person": 0.6574074074074074,
        "B-product": 0.15789473684210525,
        "B-sportsteam": 0.0,
        "B-tvshow": 0.0,
        "I-company": 0.0,
        "I-facility": 0.20689655172413793,
        "I-geo-loc": 0.0,
        "I-movie": 0.0,
        "I-musicartist": 0.0,
        "I-other": 0.2716049382716049,
        "I-person": 0.4918032786885246,
        "I-product": 0.0,
        "I-sportsteam": 0.0,
        "I-tvshow": 0.0,
        "O": 0.9876577323385834,
        "<pad>": 0
    },
    "validation_loss": 0.24288339912891388,
    "epoch_num": 19
}