{
    "train_accuracy": 0.9534299572698925,
    "train_accuracy_per_label": {
        "B-company": 0.4701492537313433,
        "B-facility": 0.10526315789473684,
        "B-geo-loc": 0.36180904522613067,
        "B-movie": 0.0,
        "B-musicartist": 0.0,
        "B-other": 0.09259259259259259,
        "B-person": 0.56047197640118,
        "B-product": 0.15384615384615385,
        "B-sportsteam": 0.0,
        "B-tvshow": 0.0,
        "I-company": 0.0,
        "I-facility": 0.12,
        "I-geo-loc": 0.0,
        "I-movie": 0.0,
        "I-musicartist": 0.0,
        "I-other": 0.07531380753138076,
        "I-person": 0.6013071895424836,
        "I-product": 0.03125,
        "I-sportsteam": 0.0,
        "I-tvshow": 0.0,
        "O": 0.992073654045485,
        "<pad>": 0
    },
    "train_loss": 130.38890075683594,
    "validation_accuracy": 0.9480745774525179,
    "validation_accuracy_per_label": {
        "B-company": 0.3055555555555556,
        "B-facility": 0.07142857142857142,
        "B-geo-loc": 0.1038961038961039,
        "B-movie": 0.0,
        "B-musicartist": 0.0,
        "B-other": 0.09523809523809523,
        "B-person": 0.2962962962962963,
        "B-product": 0.05263157894736842,
        "B-sportsteam": 0.0,
        "B-tvshow": 0.0,
        "I-company": 0.0,
        "I-facility": 0.13793103448275862,
        "I-geo-loc": 0.0,
        "I-movie": 0.0,
        "I-musicartist": 0.0,
        "I-other": 0.04938271604938271,
        "I-person": 0.13114754098360656,
        "I-product": 0.0,
        "I-sportsteam": 0.0,
        "I-tvshow": 0.0,
        "O": 0.9953025697706549,
        "<pad>": 0
    },
    "validation_loss": 166.9061737060547,
    "epoch_num": 18
}