{
    "train_accuracy": 0.9511779651229935,
    "train_accuracy_per_label": {
        "B-company": 0.3880597014925373,
        "B-facility": 0.09210526315789473,
        "B-geo-loc": 0.33668341708542715,
        "B-movie": 0.0,
        "B-musicartist": 0.0,
        "B-other": 0.08641975308641975,
        "B-person": 0.528023598820059,
        "B-product": 0.14102564102564102,
        "B-sportsteam": 0.0,
        "B-tvshow": 0.0,
        "I-company": 0.0,
        "I-facility": 0.10666666666666667,
        "I-geo-loc": 0.0,
        "I-movie": 0.0,
        "I-musicartist": 0.0,
        "I-other": 0.07112970711297072,
        "I-person": 0.5490196078431373,
        "I-product": 0.015625,
        "I-sportsteam": 0.0,
        "I-tvshow": 0.0,
        "O": 0.9909456740442656,
        "<pad>": 0
    },
    "train_loss": 138.39524841308594,
    "validation_accuracy": 0.9474647151071616,
    "validation_accuracy_per_label": {
        "B-company": 0.25,
        "B-facility": 0.07142857142857142,
        "B-geo-loc": 0.1038961038961039,
        "B-movie": 0.0,
        "B-musicartist": 0.0,
        "B-other": 0.09523809523809523,
        "B-person": 0.25,
        "B-product": 0.05263157894736842,
        "B-sportsteam": 0.0,
        "B-tvshow": 0.0,
        "I-company": 0.0,
        "I-facility": 0.13793103448275862,
        "I-geo-loc": 0.0,
        "I-movie": 0.0,
        "I-musicartist": 0.0,
        "I-other": 0.04938271604938271,
        "I-person": 0.13114754098360656,
        "I-product": 0.0,
        "I-sportsteam": 0.0,
        "I-tvshow": 0.0,
        "O": 0.9953025697706549,
        "<pad>": 0
    },
    "validation_loss": 170.00466918945312,
    "epoch_num": 17
}