{
    "train_accuracy": 0.908476729414482,
    "train_accuracy_per_label": {
        "B-company": 0.26865671641791045,
        "B-facility": 0.07894736842105263,
        "B-geo-loc": 0.02512562814070352,
        "B-movie": 0.0,
        "B-musicartist": 0.0,
        "B-other": 0.006172839506172839,
        "B-person": 0.10914454277286136,
        "B-product": 0.0641025641025641,
        "B-sportsteam": 0.0,
        "B-tvshow": 0.0,
        "I-company": 0.0,
        "I-facility": 0.0,
        "I-geo-loc": 0.0,
        "I-movie": 0.0,
        "I-musicartist": 0.0,
        "I-other": 0.02510460251046025,
        "I-person": 0.10457516339869281,
        "I-product": 0.015625,
        "I-sportsteam": 0.0,
        "I-tvshow": 0.0,
        "O": 0.9558258642765685,
        "<pad>": 0
    },
    "train_loss": 325.45123291015625,
    "validation_accuracy": 0.9313469245513155,
    "validation_accuracy_per_label": {
        "B-company": 0.25,
        "B-facility": 0.0,
        "B-geo-loc": 0.0,
        "B-movie": 0.0,
        "B-musicartist": 0.0,
        "B-other": 0.0,
        "B-person": 0.018518518518518517,
        "B-product": 0.0,
        "B-sportsteam": 0.0,
        "B-tvshow": 0.0,
        "I-company": 0.0,
        "I-facility": 0.0,
        "I-geo-loc": 0.0,
        "I-movie": 0.0,
        "I-musicartist": 0.0,
        "I-other": 0.012345679012345678,
        "I-person": 0.0,
        "I-product": 0.0625,
        "I-sportsteam": 0.0,
        "I-tvshow": 0.0,
        "O": 0.9834208344846642,
        "<pad>": 0
    },
    "validation_loss": 270.7022399902344,
    "epoch_num": 7
}