{
    "train_accuracy": 0.17103591638757362,
    "train_accuracy_per_label": {
        "B-company": 0.06716417910447761,
        "B-facility": 0.05263157894736842,
        "B-geo-loc": 0.035175879396984924,
        "B-movie": 0.0,
        "B-musicartist": 0.0,
        "B-other": 0.043209876543209874,
        "B-person": 0.029498525073746312,
        "B-product": 0.05128205128205128,
        "B-sportsteam": 0.0,
        "B-tvshow": 0.043478260869565216,
        "I-company": 0.0,
        "I-facility": 0.0,
        "I-geo-loc": 0.05714285714285714,
        "I-movie": 0.02857142857142857,
        "I-musicartist": 0.043478260869565216,
        "I-other": 0.13389121338912133,
        "I-person": 0.013071895424836602,
        "I-product": 0.046875,
        "I-sportsteam": 0.0,
        "I-tvshow": 0.0,
        "O": 0.17803792451679776,
        "<pad>": 0
    },
    "train_loss": 1791.89306640625,
    "validation_accuracy": 0.3829064296915839,
    "validation_accuracy_per_label": {
        "B-company": 0.1388888888888889,
        "B-facility": 0.07142857142857142,
        "B-geo-loc": 0.012987012987012988,
        "B-movie": 0.0,
        "B-musicartist": 0.0,
        "B-other": 0.015873015873015872,
        "B-person": 0.12037037037037036,
        "B-product": 0.05263157894736842,
        "B-sportsteam": 0.09090909090909091,
        "B-tvshow": 0.0,
        "I-company": 0.0,
        "I-facility": 0.0,
        "I-geo-loc": 0.07142857142857142,
        "I-movie": 0.0,
        "I-musicartist": 0.0,
        "I-other": 0.09876543209876543,
        "I-person": 0.0,
        "I-product": 0.0625,
        "I-sportsteam": 0.0,
        "I-tvshow": 0.0,
        "O": 0.4016763378465506,
        "<pad>": 0
    },
    "validation_loss": 1576.18115234375,
    "epoch_num": 0
}