{
    "train_accuracy": 0.9374639103822612,
    "train_accuracy_per_label": {
        "B-company": 0.3582089552238806,
        "B-facility": 0.05263157894736842,
        "B-geo-loc": 0.08542713567839195,
        "B-movie": 0.0,
        "B-musicartist": 0.0,
        "B-other": 0.04938271604938271,
        "B-person": 0.336283185840708,
        "B-product": 0.08974358974358974,
        "B-sportsteam": 0.0,
        "B-tvshow": 0.0,
        "I-company": 0.0,
        "I-facility": 0.05333333333333334,
        "I-geo-loc": 0.0,
        "I-movie": 0.0,
        "I-musicartist": 0.0,
        "I-other": 0.03765690376569038,
        "I-person": 0.39215686274509803,
        "I-product": 0.0,
        "I-sportsteam": 0.0,
        "I-tvshow": 0.0,
        "O": 0.9816169745747211,
        "<pad>": 0
    },
    "train_loss": 195.32676696777344,
    "validation_accuracy": 0.9431085554974734,
    "validation_accuracy_per_label": {
        "B-company": 0.25,
        "B-facility": 0.0,
        "B-geo-loc": 0.05194805194805195,
        "B-movie": 0.0,
        "B-musicartist": 0.0,
        "B-other": 0.031746031746031744,
        "B-person": 0.1388888888888889,
        "B-product": 0.0,
        "B-sportsteam": 0.0,
        "B-tvshow": 0.0,
        "I-company": 0.0,
        "I-facility": 0.0,
        "I-geo-loc": 0.0,
        "I-movie": 0.0,
        "I-musicartist": 0.0,
        "I-other": 0.024691358024691357,
        "I-person": 0.11475409836065574,
        "I-product": 0.0,
        "I-sportsteam": 0.0,
        "I-tvshow": 0.0,
        "O": 0.9934604402689509,
        "<pad>": 0
    },
    "validation_loss": 195.87144470214844,
    "epoch_num": 12
}