{
    "train_accuracy": 0.8556704007391154,
    "train_accuracy_per_label": {
        "B-company": 0.23880597014925373,
        "B-facility": 0.10526315789473684,
        "B-geo-loc": 0.020100502512562814,
        "B-movie": 0.0,
        "B-musicartist": 0.0,
        "B-other": 0.0,
        "B-person": 0.061946902654867256,
        "B-product": 0.01282051282051282,
        "B-sportsteam": 0.0,
        "B-tvshow": 0.0,
        "I-company": 0.0,
        "I-facility": 0.0,
        "I-geo-loc": 0.0,
        "I-movie": 0.0,
        "I-musicartist": 0.0,
        "I-other": 0.06694560669456066,
        "I-person": 0.06535947712418301,
        "I-product": 0.0,
        "I-sportsteam": 0.0,
        "I-tvshow": 0.0,
        "O": 0.9007072739467106,
        "<pad>": 0
    },
    "train_loss": 570.171142578125,
    "validation_accuracy": 0.9081721554277749,
    "validation_accuracy_per_label": {
        "B-company": 0.16666666666666666,
        "B-facility": 0.07142857142857142,
        "B-geo-loc": 0.0,
        "B-movie": 0.0,
        "B-musicartist": 0.0,
        "B-other": 0.0,
        "B-person": 0.018518518518518517,
        "B-product": 0.0,
        "B-sportsteam": 0.0,
        "B-tvshow": 0.0,
        "I-company": 0.0,
        "I-facility": 0.0,
        "I-geo-loc": 0.0,
        "I-movie": 0.0,
        "I-musicartist": 0.0,
        "I-other": 0.024691358024691357,
        "I-person": 0.0,
        "I-product": 0.0,
        "I-sportsteam": 0.0,
        "I-tvshow": 0.0,
        "O": 0.9590126185870866,
        "<pad>": 0
    },
    "validation_loss": 439.0921325683594,
    "epoch_num": 4
}