{
    "train_accuracy": 0.8013916156600069,
    "train_accuracy_per_label": {
        "B-company": 0.27611940298507465,
        "B-facility": 0.11842105263157894,
        "B-geo-loc": 0.01507537688442211,
        "B-movie": 0.0,
        "B-musicartist": 0.0,
        "B-other": 0.0,
        "B-person": 0.05014749262536873,
        "B-product": 0.02564102564102564,
        "B-sportsteam": 0.0,
        "B-tvshow": 0.0,
        "I-company": 0.0,
        "I-facility": 0.0,
        "I-geo-loc": 0.0,
        "I-movie": 0.0,
        "I-musicartist": 0.0,
        "I-other": 0.06694560669456066,
        "I-person": 0.032679738562091505,
        "I-product": 0.0,
        "I-sportsteam": 0.0,
        "I-tvshow": 0.0,
        "O": 0.8434851533443083,
        "<pad>": 0
    },
    "train_loss": 757.1976318359375,
    "validation_accuracy": 0.8699250740547133,
    "validation_accuracy_per_label": {
        "B-company": 0.19444444444444445,
        "B-facility": 0.07142857142857142,
        "B-geo-loc": 0.0,
        "B-movie": 0.0,
        "B-musicartist": 0.0,
        "B-other": 0.0,
        "B-person": 0.027777777777777776,
        "B-product": 0.0,
        "B-sportsteam": 0.0,
        "B-tvshow": 0.0,
        "I-company": 0.0,
        "I-facility": 0.0,
        "I-geo-loc": 0.0,
        "I-movie": 0.0,
        "I-musicartist": 0.0,
        "I-other": 0.024691358024691357,
        "I-person": 0.0,
        "I-product": 0.0,
        "I-sportsteam": 0.0,
        "I-tvshow": 0.0,
        "O": 0.9183936630745141,
        "<pad>": 0
    },
    "validation_loss": 580.469970703125,
    "epoch_num": 3
}