{
    "train_accuracy": 0.896985795126458,
    "train_accuracy_per_label": {
        "B-company": 0.26119402985074625,
        "B-facility": 0.09210526315789473,
        "B-geo-loc": 0.020100502512562814,
        "B-movie": 0.0,
        "B-musicartist": 0.0,
        "B-other": 0.0,
        "B-person": 0.10619469026548672,
        "B-product": 0.05128205128205128,
        "B-sportsteam": 0.0,
        "B-tvshow": 0.0,
        "I-company": 0.0,
        "I-facility": 0.0,
        "I-geo-loc": 0.0,
        "I-movie": 0.0,
        "I-musicartist": 0.0,
        "I-other": 0.03765690376569038,
        "I-person": 0.08496732026143791,
        "I-product": 0.015625,
        "I-sportsteam": 0.0,
        "I-tvshow": 0.0,
        "O": 0.9438144015608805,
        "<pad>": 0
    },
    "train_loss": 378.2041320800781,
    "validation_accuracy": 0.9262066562118836,
    "validation_accuracy_per_label": {
        "B-company": 0.16666666666666666,
        "B-facility": 0.0,
        "B-geo-loc": 0.0,
        "B-movie": 0.0,
        "B-musicartist": 0.0,
        "B-other": 0.0,
        "B-person": 0.018518518518518517,
        "B-product": 0.0,
        "B-sportsteam": 0.0,
        "B-tvshow": 0.0,
        "I-company": 0.0,
        "I-facility": 0.0,
        "I-geo-loc": 0.0,
        "I-movie": 0.0,
        "I-musicartist": 0.0,
        "I-other": 0.012345679012345678,
        "I-person": 0.0,
        "I-product": 0.0625,
        "I-sportsteam": 0.0,
        "I-tvshow": 0.0,
        "O": 0.9782628718798931,
        "<pad>": 0
    },
    "validation_loss": 304.7109680175781,
    "epoch_num": 6
}