{
    "train_accuracy": 0.971388151056704,
    "train_accuracy_per_label": {
        "B-company": 0.6865671641791045,
        "B-facility": 0.0,
        "B-geo-loc": 0.7788944723618091,
        "B-movie": 0.0,
        "B-musicartist": 0.047619047619047616,
        "B-other": 0.29012345679012347,
        "B-person": 0.8938053097345132,
        "B-product": 0.1794871794871795,
        "B-sportsteam": 0.025,
        "B-tvshow": 0.0,
        "I-company": 0.0,
        "I-facility": 0.02666666666666667,
        "I-geo-loc": 0.02857142857142857,
        "I-movie": 0.0,
        "I-musicartist": 0.0,
        "I-other": 0.5397489539748954,
        "I-person": 0.803921568627451,
        "I-product": 0.0,
        "I-sportsteam": 0.0,
        "I-tvshow": 0.0,
        "O": 0.9992073654045485,
        "<pad>": 0
    },
    "train_loss": 68.14654541015625,
    "validation_accuracy": 0.9502526572573619,
    "validation_accuracy_per_label": {
        "B-company": 0.4722222222222222,
        "B-facility": 0.0,
        "B-geo-loc": 0.36363636363636365,
        "B-movie": 0.0,
        "B-musicartist": 0.0,
        "B-other": 0.09523809523809523,
        "B-person": 0.7037037037037037,
        "B-product": 0.10526315789473684,
        "B-sportsteam": 0.0,
        "B-tvshow": 0.0,
        "I-company": 0.0,
        "I-facility": 0.034482758620689655,
        "I-geo-loc": 0.0,
        "I-movie": 0.0,
        "I-musicartist": 0.0,
        "I-other": 0.2222222222222222,
        "I-person": 0.5901639344262295,
        "I-product": 0.0625,
        "I-sportsteam": 0.0,
        "I-tvshow": 0.0,
        "O": 0.9875656258634982,
        "<pad>": 0
    },
    "validation_loss": 138.29452514648438,
    "epoch_num": 17
}