{
    "train_accuracy": 0.9726585056011087,
    "train_accuracy_per_label": {
        "B-company": 0.7014925373134329,
        "B-facility": 0.0,
        "B-geo-loc": 0.7889447236180904,
        "B-movie": 0.0,
        "B-musicartist": 0.047619047619047616,
        "B-other": 0.3271604938271605,
        "B-person": 0.8997050147492626,
        "B-product": 0.2948717948717949,
        "B-sportsteam": 0.05,
        "B-tvshow": 0.0,
        "I-company": 0.0,
        "I-facility": 0.04,
        "I-geo-loc": 0.02857142857142857,
        "I-movie": 0.0,
        "I-musicartist": 0.0,
        "I-other": 0.5899581589958159,
        "I-person": 0.8300653594771242,
        "I-product": 0.046875,
        "I-sportsteam": 0.10526315789473684,
        "I-tvshow": 0.0,
        "O": 0.9992073654045485,
        "<pad>": 0
    },
    "train_loss": 63.88038635253906,
    "validation_accuracy": 0.9503397804495557,
    "validation_accuracy_per_label": {
        "B-company": 0.4444444444444444,
        "B-facility": 0.0,
        "B-geo-loc": 0.38961038961038963,
        "B-movie": 0.0,
        "B-musicartist": 0.0,
        "B-other": 0.12698412698412698,
        "B-person": 0.7037037037037037,
        "B-product": 0.10526315789473684,
        "B-sportsteam": 0.0,
        "B-tvshow": 0.0,
        "I-company": 0.0,
        "I-facility": 0.10344827586206896,
        "I-geo-loc": 0.0,
        "I-movie": 0.0,
        "I-musicartist": 0.0,
        "I-other": 0.2345679012345679,
        "I-person": 0.6065573770491803,
        "I-product": 0.0625,
        "I-sportsteam": 0.0,
        "I-tvshow": 0.0,
        "O": 0.987012987012987,
        "<pad>": 0
    },
    "validation_loss": 138.46336364746094,
    "epoch_num": 18
}