{
    "train_accuracy": 0.9550179004503985,
    "train_accuracy_per_label": {
        "B-company": 0.35074626865671643,
        "B-facility": 0.0,
        "B-geo-loc": 0.15577889447236182,
        "B-movie": 0.0,
        "B-musicartist": 0.023809523809523808,
        "B-other": 0.0,
        "B-person": 0.616519174041298,
        "B-product": 0.0,
        "B-sportsteam": 0.0,
        "B-tvshow": 0.0,
        "I-company": 0.0,
        "I-facility": 0.0,
        "I-geo-loc": 0.0,
        "I-movie": 0.0,
        "I-musicartist": 0.0,
        "I-other": 0.0,
        "I-person": 0.0915032679738562,
        "I-product": 0.015625,
        "I-sportsteam": 0.0,
        "I-tvshow": 0.0,
        "O": 0.9991768794585696,
        "<pad>": 0
    },
    "train_loss": 112.8074951171875,
    "validation_accuracy": 0.9501655340651681,
    "validation_accuracy_per_label": {
        "B-company": 0.3611111111111111,
        "B-facility": 0.0,
        "B-geo-loc": 0.15584415584415584,
        "B-movie": 0.0,
        "B-musicartist": 0.0,
        "B-other": 0.0,
        "B-person": 0.5925925925925926,
        "B-product": 0.0,
        "B-sportsteam": 0.0,
        "B-tvshow": 0.0,
        "I-company": 0.0,
        "I-facility": 0.0,
        "I-geo-loc": 0.0,
        "I-movie": 0.0,
        "I-musicartist": 0.0,
        "I-other": 0.0,
        "I-person": 0.04918032786885246,
        "I-product": 0.0,
        "I-sportsteam": 0.0,
        "I-tvshow": 0.0,
        "O": 0.9960394215713365,
        "<pad>": 0
    },
    "validation_loss": 145.95037841796875,
    "epoch_num": 10
}