{
    "train_accuracy": 0.9698290795703892,
    "train_accuracy_per_label": {
        "B-company": 0.6716417910447762,
        "B-facility": 0.0,
        "B-geo-loc": 0.7437185929648241,
        "B-movie": 0.0,
        "B-musicartist": 0.047619047619047616,
        "B-other": 0.2345679012345679,
        "B-person": 0.8820058997050148,
        "B-product": 0.11538461538461539,
        "B-sportsteam": 0.0,
        "B-tvshow": 0.0,
        "I-company": 0.0,
        "I-facility": 0.02666666666666667,
        "I-geo-loc": 0.02857142857142857,
        "I-movie": 0.0,
        "I-musicartist": 0.0,
        "I-other": 0.4476987447698745,
        "I-person": 0.7908496732026143,
        "I-product": 0.0,
        "I-sportsteam": 0.0,
        "I-tvshow": 0.0,
        "O": 0.9991463935125907,
        "<pad>": 0
    },
    "train_loss": 72.81310272216797,
    "validation_accuracy": 0.9503397804495557,
    "validation_accuracy_per_label": {
        "B-company": 0.4722222222222222,
        "B-facility": 0.0,
        "B-geo-loc": 0.37662337662337664,
        "B-movie": 0.0,
        "B-musicartist": 0.0,
        "B-other": 0.07936507936507936,
        "B-person": 0.7037037037037037,
        "B-product": 0.05263157894736842,
        "B-sportsteam": 0.0,
        "B-tvshow": 0.0,
        "I-company": 0.0,
        "I-facility": 0.0,
        "I-geo-loc": 0.0,
        "I-movie": 0.0,
        "I-musicartist": 0.0,
        "I-other": 0.1728395061728395,
        "I-person": 0.5737704918032787,
        "I-product": 0.0,
        "I-sportsteam": 0.0,
        "I-tvshow": 0.0,
        "O": 0.988394584139265,
        "<pad>": 0
    },
    "validation_loss": 138.0656280517578,
    "epoch_num": 16
}