{
    "train_accuracy": 0.9651807368056358,
    "train_accuracy_per_label": {
        "B-company": 0.5895522388059702,
        "B-facility": 0.0,
        "B-geo-loc": 0.6683417085427136,
        "B-movie": 0.0,
        "B-musicartist": 0.047619047619047616,
        "B-other": 0.06172839506172839,
        "B-person": 0.8348082595870207,
        "B-product": 0.0641025641025641,
        "B-sportsteam": 0.0,
        "B-tvshow": 0.0,
        "I-company": 0.0,
        "I-facility": 0.0,
        "I-geo-loc": 0.0,
        "I-movie": 0.0,
        "I-musicartist": 0.0,
        "I-other": 0.200836820083682,
        "I-person": 0.6535947712418301,
        "I-product": 0.0,
        "I-sportsteam": 0.0,
        "I-tvshow": 0.0,
        "O": 0.9990244497286751,
        "<pad>": 0
    },
    "train_loss": 83.67925262451172,
    "validation_accuracy": 0.9522564906778185,
    "validation_accuracy_per_label": {
        "B-company": 0.4444444444444444,
        "B-facility": 0.0,
        "B-geo-loc": 0.37662337662337664,
        "B-movie": 0.0,
        "B-musicartist": 0.0,
        "B-other": 0.07936507936507936,
        "B-person": 0.7037037037037037,
        "B-product": 0.0,
        "B-sportsteam": 0.0,
        "B-tvshow": 0.0,
        "I-company": 0.0,
        "I-facility": 0.0,
        "I-geo-loc": 0.0,
        "I-movie": 0.0,
        "I-musicartist": 0.0,
        "I-other": 0.13580246913580246,
        "I-person": 0.5409836065573771,
        "I-product": 0.0,
        "I-sportsteam": 0.0,
        "I-tvshow": 0.0,
        "O": 0.9910656719167358,
        "<pad>": 0
    },
    "validation_loss": 138.47276306152344,
    "epoch_num": 14
}