{
    "train_accuracy": 0.5873657466220118,
    "train_accuracy_per_label": {
        "B-company": 0.20149253731343283,
        "B-facility": 0.039473684210526314,
        "B-geo-loc": 0.0,
        "B-movie": 0.0,
        "B-musicartist": 0.07142857142857142,
        "B-other": 0.0,
        "B-person": 0.0029498525073746312,
        "B-product": 0.01282051282051282,
        "B-sportsteam": 0.0,
        "B-tvshow": 0.0,
        "I-company": 0.034482758620689655,
        "I-facility": 0.0,
        "I-geo-loc": 0.0,
        "I-movie": 0.0,
        "I-musicartist": 0.0,
        "I-other": 0.0,
        "I-person": 0.0457516339869281,
        "I-product": 0.109375,
        "I-sportsteam": 0.0,
        "I-tvshow": 0.0,
        "O": 0.6186817876958722,
        "<pad>": 0
    },
    "train_loss": 1271.385009765625,
    "validation_accuracy": 0.9162746123017947,
    "validation_accuracy_per_label": {
        "B-company": 0.0,
        "B-facility": 0.0,
        "B-geo-loc": 0.0,
        "B-movie": 0.0,
        "B-musicartist": 0.0,
        "B-other": 0.0,
        "B-person": 0.0,
        "B-product": 0.0,
        "B-sportsteam": 0.0,
        "B-tvshow": 0.0,
        "I-company": 0.0,
        "I-facility": 0.0,
        "I-geo-loc": 0.0,
        "I-movie": 0.0,
        "I-musicartist": 0.0,
        "I-other": 0.0,
        "I-person": 0.0,
        "I-product": 0.0,
        "I-sportsteam": 0.0,
        "I-tvshow": 0.0,
        "O": 0.9686837984710325,
        "<pad>": 0
    },
    "validation_loss": 313.36871337890625,
    "epoch_num": 0
}