{
    "train_accuracy": 0.9383589329021828,
    "train_accuracy_per_label": {
        "B-company": 0.6492537313432836,
        "B-facility": 0.09210526315789473,
        "B-geo-loc": 0.41708542713567837,
        "B-movie": 0.0,
        "B-musicartist": 0.21428571428571427,
        "B-other": 0.09876543209876543,
        "B-person": 0.4837758112094395,
        "B-product": 0.2948717948717949,
        "B-sportsteam": 0.025,
        "B-tvshow": 0.08695652173913043,
        "I-company": 0.0,
        "I-facility": 0.17333333333333334,
        "I-geo-loc": 0.14285714285714285,
        "I-movie": 0.0,
        "I-musicartist": 0.0,
        "I-other": 0.058577405857740586,
        "I-person": 0.39215686274509803,
        "I-product": 0.0,
        "I-sportsteam": 0.0,
        "I-tvshow": 0.0,
        "O": 0.9760685324065606,
        "<pad>": 0
    },
    "train_loss": 0.35381799936294556,
    "validation_accuracy": 0.9417145844223732,
    "validation_accuracy_per_label": {
        "B-company": 0.3611111111111111,
        "B-facility": 0.0,
        "B-geo-loc": 0.16883116883116883,
        "B-movie": 0.0,
        "B-musicartist": 0.07692307692307693,
        "B-other": 0.06349206349206349,
        "B-person": 0.2962962962962963,
        "B-product": 0.21052631578947367,
        "B-sportsteam": 0.0,
        "B-tvshow": 0.0,
        "I-company": 0.0,
        "I-facility": 0.13793103448275862,
        "I-geo-loc": 0.07142857142857142,
        "I-movie": 0.0,
        "I-musicartist": 0.0,
        "I-other": 0.012345679012345678,
        "I-person": 0.11475409836065574,
        "I-product": 0.0,
        "I-sportsteam": 0.0,
        "I-tvshow": 0.0,
        "O": 0.9882103711890946,
        "<pad>": 0
    },
    "validation_loss": 0.36934182047843933,
    "epoch_num": 16
}