{
<<<<<<< HEAD
    "train_accuracy": 0.4353936416973666,
    "train_accuracy_per_label": {
        ".": 0.7420454545454546,
        "ADJ": 0.19047619047619047,
        "ADP": 0.6526508226691042,
        "ADV": 0.5177664974619289,
        "CONJ": 0.7701863354037267,
        "DET": 0.7552941176470588,
        "NOUN": 0.1761904761904762,
        "NUM": 0.07092198581560284,
        "PRON": 0.625748502994012,
        "PRT": 0.7621359223300971,
        "VERB": 0.36303630363036304,
        "X": 0.21649484536082475,
        "<pad>": 0
    },
    "train_loss": 1.9173823595046997,
    "validation_accuracy": 0.4058178350023844,
    "validation_accuracy_per_label": {
        ".": 0.7389558232931727,
        "ADJ": 0.1717171717171717,
        "ADP": 0.7086092715231788,
        "ADV": 0.4418604651162791,
        "CONJ": 0.8571428571428571,
        "DET": 0.7230769230769231,
        "NOUN": 0.13865546218487396,
        "NUM": 0.0,
        "PRON": 0.5989583333333334,
        "PRT": 0.7894736842105263,
        "VERB": 0.28690807799442897,
        "X": 0.15083798882681565,
        "<pad>": 0
    },
    "validation_loss": 1.8781534433364868,
    "epoch_num": 9
=======
  "best_epoch": 9,
  "peak_worker_0_memory_MB": 450.359375,
  "peak_gpu_0_memory_MB": 0,
  "training_duration": "0:00:15.704588",
  "training_start_epoch": 0,
  "training_epochs": 9,
  "epoch": 9,
  "training_accuracy": 0.8065302804498036,
  "training_accuracy3": 0.9314456035767511,
  "training_loss": 1.4977859357992809,
  "training_worker_0_memory_MB": 450.359375,
  "training_gpu_0_memory_MB": 0.0,
  "validation_accuracy": 0.7242194891201513,
  "validation_accuracy3": 0.8675496688741722,
  "validation_loss": 1.5336771607398987,
  "best_validation_accuracy": 0.7242194891201513,
  "best_validation_accuracy3": 0.8675496688741722,
  "best_validation_loss": 1.5336771607398987
>>>>>>> d836ce1692fa664e81db2dece590eb0f684bcec4
}