{
    "train_accuracy": 0.7470323372902169,
    "train_accuracy_per_label": {
        ".": 0.9431818181818182,
        "ADJ": 0.5,
        "ADP": 0.8793418647166362,
        "ADV": 0.6802030456852792,
        "CONJ": 0.8695652173913043,
        "DET": 0.9341176470588235,
        "NOUN": 0.6619047619047619,
        "NUM": 0.28368794326241137,
        "PRON": 0.9251497005988024,
        "PRT": 0.8689320388349514,
        "VERB": 0.7599009900990099,
        "X": 0.4727540500736377,
        "<pad>": 0
    },
    "train_loss": 0.9576225280761719,
    "validation_accuracy": 0.6189794945159752,
    "validation_accuracy_per_label": {
        ".": 0.9236947791164659,
        "ADJ": 0.2828282828282828,
        "ADP": 0.9337748344370861,
        "ADV": 0.5426356589147286,
        "CONJ": 0.9285714285714286,
        "DET": 0.9,
        "NOUN": 0.3550420168067227,
        "NUM": 0.20588235294117646,
        "PRON": 0.9166666666666666,
        "PRT": 0.8771929824561403,
        "VERB": 0.6211699164345403,
        "X": 0.2681564245810056,
        "<pad>": 0
    },
    "validation_loss": 1.1786715984344482,
    "epoch_num": 31
}