{
  "best_epoch": 11,
  "peak_worker_0_memory_MB": 329.33984375,
  "training_duration": "0:00:18.640524",
  "training_start_epoch": 0,
  "training_epochs": 11,
  "epoch": 11,
  "training_accuracy": 0.8660073160818317,
  "training_accuracy3": 0.9414713453461591,
  "training_loss": 1.21613942583402,
  "training_worker_0_memory_MB": 329.33984375,
  "validation_accuracy": 0.7355723746452223,
  "validation_accuracy3": 0.8770104068117314,
  "validation_loss": 1.2956430613994598,
  "best_validation_accuracy": 0.7355723746452223,
  "best_validation_accuracy3": 0.8770104068117314,
  "best_validation_loss": 1.2956430613994598
}