{
  "best_epoch": 9,
  "peak_worker_0_memory_MB": 329.33984375,
  "training_duration": "0:00:15.625029",
  "training_start_epoch": 0,
  "training_epochs": 9,
  "epoch": 9,
  "training_accuracy": 0.8065302804498036,
  "training_accuracy3": 0.9314456035767511,
  "training_loss": 1.4977859457333882,
  "training_worker_0_memory_MB": 329.33984375,
  "validation_accuracy": 0.7242194891201513,
  "validation_accuracy3": 0.8675496688741722,
  "validation_loss": 1.5336771309375763,
  "best_validation_accuracy": 0.7242194891201513,
  "best_validation_accuracy3": 0.8675496688741722,
  "best_validation_loss": 1.5336771309375763
}