{
    "train_accuracy": 0.5249010779096739,
    "train_accuracy_per_label": {
        ".": 0.8920454545454546,
        "ADJ": 0.23511904761904762,
        "ADP": 0.7093235831809872,
        "ADV": 0.5203045685279187,
        "CONJ": 0.7701863354037267,
        "DET": 0.7670588235294118,
        "NOUN": 0.2863095238095238,
        "NUM": 0.0425531914893617,
        "PRON": 0.7709580838323353,
        "PRT": 0.8398058252427184,
        "VERB": 0.5008250825082509,
        "X": 0.23269513991163476,
        "<pad>": 0
    },
    "train_loss": 1.6975324153900146,
    "validation_accuracy": 0.4864091559370529,
    "validation_accuracy_per_label": {
        ".": 0.8795180722891566,
        "ADJ": 0.1919191919191919,
        "ADP": 0.7880794701986755,
        "ADV": 0.46511627906976744,
        "CONJ": 0.8571428571428571,
        "DET": 0.7615384615384615,
        "NOUN": 0.1953781512605042,
        "NUM": 0.0,
        "PRON": 0.7291666666666666,
        "PRT": 0.8421052631578947,
        "VERB": 0.4401114206128134,
        "X": 0.16201117318435754,
        "<pad>": 0
    },
    "validation_loss": 1.6913511753082275,
    "epoch_num": 13
}