{
<<<<<<< HEAD
    "train_accuracy": 0.7765042979942693,
    "train_accuracy_per_label": {
        ".": 0.9431818181818182,
        "ADJ": 0.5446428571428571,
        "ADP": 0.8903107861060329,
        "ADV": 0.7106598984771574,
        "CONJ": 0.937888198757764,
        "DET": 0.9317647058823529,
        "NOUN": 0.7083333333333334,
        "NUM": 0.3191489361702128,
        "PRON": 0.9266467065868264,
        "PRT": 0.8737864077669902,
        "VERB": 0.8036303630363036,
        "X": 0.524300441826215,
        "<pad>": 0
    },
    "train_loss": 0.8418793082237244,
    "validation_accuracy": 0.6261325703385789,
    "validation_accuracy_per_label": {
        ".": 0.9236947791164659,
        "ADJ": 0.32323232323232326,
        "ADP": 0.9337748344370861,
        "ADV": 0.5658914728682171,
        "CONJ": 0.9285714285714286,
        "DET": 0.9,
        "NOUN": 0.3634453781512605,
        "NUM": 0.20588235294117646,
        "PRON": 0.9166666666666666,
        "PRT": 0.8771929824561403,
        "VERB": 0.6267409470752089,
        "X": 0.27932960893854747,
        "<pad>": 0
    },
    "validation_loss": 1.1179208755493164,
    "epoch_num": 35
=======
  "best_epoch": 33,
  "peak_worker_0_memory_MB": 474.54296875,
  "peak_gpu_0_memory_MB": 0,
  "training_duration": "0:00:48.485245",
  "training_start_epoch": 0,
  "training_epochs": 35,
  "epoch": 35,
  "training_accuracy": 0.9616583118818588,
  "training_accuracy3": 0.997425823059206,
  "training_loss": 0.172479427109162,
  "training_worker_0_memory_MB": 474.54296875,
  "training_gpu_0_memory_MB": 0.0,
  "validation_accuracy": 0.8211920529801324,
  "validation_accuracy3": 0.9314096499526963,
  "validation_loss": 0.5810693502426147,
  "best_validation_accuracy": 0.8221381267738883,
  "best_validation_accuracy3": 0.9309366130558183,
  "best_validation_loss": 0.5772318094968796
>>>>>>> d836ce1692fa664e81db2dece590eb0f684bcec4
}