{
<<<<<<< HEAD
    "train_accuracy": 0.4203847728203029,
    "train_accuracy_per_label": {
        ".": 0.7386363636363636,
        "ADJ": 0.19047619047619047,
        "ADP": 0.6307129798903108,
        "ADV": 0.5076142131979695,
        "CONJ": 0.7701863354037267,
        "DET": 0.7647058823529411,
        "NOUN": 0.1488095238095238,
        "NUM": 0.07092198581560284,
        "PRON": 0.6017964071856288,
        "PRT": 0.7572815533980582,
        "VERB": 0.33745874587458746,
        "X": 0.21502209131075112,
        "<pad>": 0
    },
    "train_loss": 1.9776318073272705,
    "validation_accuracy": 0.39246542680019075,
    "validation_accuracy_per_label": {
        ".": 0.7389558232931727,
        "ADJ": 0.1717171717171717,
        "ADP": 0.6754966887417219,
        "ADV": 0.4418604651162791,
        "CONJ": 0.8571428571428571,
        "DET": 0.7230769230769231,
        "NOUN": 0.09243697478991597,
        "NUM": 0.0,
        "PRON": 0.5989583333333334,
        "PRT": 0.7719298245614035,
        "VERB": 0.28690807799442897,
        "X": 0.15083798882681565,
        "<pad>": 0
    },
    "validation_loss": 1.931372880935669,
    "epoch_num": 8
=======
  "best_epoch": 8,
  "peak_worker_0_memory_MB": 450.0,
  "peak_gpu_0_memory_MB": 0,
  "training_duration": "0:00:14.947674",
  "training_start_epoch": 0,
  "training_epochs": 8,
  "epoch": 8,
  "training_accuracy": 0.79596260669286,
  "training_accuracy3": 0.9295488416203767,
  "training_loss": 1.6364836792151134,
  "training_worker_0_memory_MB": 450.0,
  "training_gpu_0_memory_MB": 0.0,
  "validation_accuracy": 0.716650898770104,
  "validation_accuracy3": 0.8642384105960265,
  "validation_loss": 1.6497545540332794,
  "best_validation_accuracy": 0.716650898770104,
  "best_validation_accuracy3": 0.8642384105960265,
  "best_validation_loss": 1.6497545540332794
>>>>>>> d836ce1692fa664e81db2dece590eb0f684bcec4
}