{
<<<<<<< HEAD
    "train_accuracy": 0.752762996316005,
    "train_accuracy_per_label": {
        ".": 0.9431818181818182,
        "ADJ": 0.5148809523809523,
        "ADP": 0.8793418647166362,
        "ADV": 0.6928934010152284,
        "CONJ": 0.8757763975155279,
        "DET": 0.9317647058823529,
        "NOUN": 0.6714285714285714,
        "NUM": 0.28368794326241137,
        "PRON": 0.9266467065868264,
        "PRT": 0.8737864077669902,
        "VERB": 0.7656765676567657,
        "X": 0.48306332842415317,
        "<pad>": 0
    },
    "train_loss": 0.9272384643554688,
    "validation_accuracy": 0.6213638531235097,
    "validation_accuracy_per_label": {
        ".": 0.9236947791164659,
        "ADJ": 0.30303030303030304,
        "ADP": 0.9337748344370861,
        "ADV": 0.5426356589147286,
        "CONJ": 0.9285714285714286,
        "DET": 0.9,
        "NOUN": 0.3592436974789916,
        "NUM": 0.20588235294117646,
        "PRON": 0.9166666666666666,
        "PRT": 0.8771929824561403,
        "VERB": 0.6239554317548747,
        "X": 0.2681564245810056,
        "<pad>": 0
    },
    "validation_loss": 1.162166714668274,
    "epoch_num": 32
=======
  "best_epoch": 32,
  "peak_worker_0_memory_MB": 471.1328125,
  "peak_gpu_0_memory_MB": 0,
  "training_duration": "0:00:42.028751",
  "training_start_epoch": 0,
  "training_epochs": 32,
  "epoch": 32,
  "training_accuracy": 0.9616583118818588,
  "training_accuracy3": 0.9970193740685543,
  "training_loss": 0.19396333148082098,
  "training_worker_0_memory_MB": 471.1328125,
  "training_gpu_0_memory_MB": 0.0,
  "validation_accuracy": 0.8216650898770104,
  "validation_accuracy3": 0.9299905392620624,
  "validation_loss": 0.5853546261787415,
  "best_validation_accuracy": 0.8216650898770104,
  "best_validation_accuracy3": 0.9299905392620624,
  "best_validation_loss": 0.5853546261787415
>>>>>>> d836ce1692fa664e81db2dece590eb0f684bcec4
}