{
<<<<<<< HEAD
    "train_accuracy": 0.2331832446445627,
    "train_accuracy_per_label": {
        ".": 0.6147727272727272,
        "ADJ": 0.044642857142857144,
        "ADP": 0.360146252285192,
        "ADV": 0.1700507614213198,
        "CONJ": 0.3416149068322981,
        "DET": 0.5011764705882353,
        "NOUN": 0.06011904761904762,
        "NUM": 0.03546099290780142,
        "PRON": 0.15568862275449102,
        "PRT": 0.7281553398058253,
        "VERB": 0.183993399339934,
        "X": 0.055964653902798235,
        "<pad>": 0
    },
    "train_loss": 2.4475646018981934,
    "validation_accuracy": 0.2703862660944206,
    "validation_accuracy_per_label": {
        ".": 0.6385542168674698,
        "ADJ": 0.42424242424242425,
        "ADP": 0.4105960264900662,
        "ADV": 0.13953488372093023,
        "CONJ": 0.5714285714285714,
        "DET": 0.6538461538461539,
        "NOUN": 0.037815126050420166,
        "NUM": 0.029411764705882353,
        "PRON": 0.1875,
        "PRT": 0.7543859649122807,
        "VERB": 0.16434540389972144,
        "X": 0.11173184357541899,
        "<pad>": 0
    },
    "validation_loss": 2.3581597805023193,
    "epoch_num": 2
=======
  "best_epoch": 2,
  "peak_worker_0_memory_MB": 428.75390625,
  "peak_gpu_0_memory_MB": 0,
  "training_duration": "0:00:06.530698",
  "training_start_epoch": 0,
  "training_epochs": 2,
  "epoch": 2,
  "training_accuracy": 0.488822652757079,
  "training_accuracy3": 0.6584473648557106,
  "training_loss": 2.3806786934534707,
  "training_worker_0_memory_MB": 428.75390625,
  "training_gpu_0_memory_MB": 0.0,
  "validation_accuracy": 0.49479659413434246,
  "validation_accuracy3": 0.7407757805108799,
  "validation_loss": 2.35569965839386,
  "best_validation_accuracy": 0.49479659413434246,
  "best_validation_accuracy3": 0.7407757805108799,
  "best_validation_loss": 2.35569965839386
>>>>>>> d836ce1692fa664e81db2dece590eb0f684bcec4
}