{
  "best_epoch": 31,
  "peak_worker_0_memory_MB": 342.0078125,
  "training_duration": "0:00:50.104211",
  "training_start_epoch": 0,
  "training_epochs": 31,
  "epoch": 31,
  "training_accuracy": 0.9617937948787427,
  "training_accuracy3": 0.9962064760872511,
  "training_loss": 0.20230775699019432,
  "training_worker_0_memory_MB": 342.0078125,
  "validation_accuracy": 0.8211920529801324,
  "validation_accuracy3": 0.9290444654683065,
  "validation_loss": 0.5959928631782532,
  "best_validation_accuracy": 0.8211920529801324,
  "best_validation_accuracy3": 0.9290444654683065,
  "best_validation_loss": 0.5959928631782532
}