{
  "best_epoch": 27,
  "peak_worker_0_memory_MB": 342.0078125,
  "training_duration": "0:00:44.077937",
  "training_start_epoch": 0,
  "training_epochs": 27,
  "epoch": 27,
  "training_accuracy": 0.958948651944181,
  "training_accuracy3": 0.9955290611028316,
  "training_loss": 0.24932375426093736,
  "training_worker_0_memory_MB": 342.0078125,
  "validation_accuracy": 0.8197729422894986,
  "validation_accuracy3": 0.9257332071901608,
  "validation_loss": 0.617104634642601,
  "best_validation_accuracy": 0.8197729422894986,
  "best_validation_accuracy3": 0.9257332071901608,
  "best_validation_loss": 0.617104634642601
}