{
    "train_accuracy": 0.8073407013235093,
    "train_accuracy_per_label": {
        ".": 0.9454545454545454,
        "ADJ": 0.6071428571428571,
        "ADP": 0.8921389396709324,
        "ADV": 0.7538071065989848,
        "CONJ": 0.937888198757764,
        "DET": 0.9317647058823529,
        "NOUN": 0.7541666666666667,
        "NUM": 0.36879432624113473,
        "PRON": 0.9535928143712575,
        "PRT": 0.8737864077669902,
        "VERB": 0.8341584158415841,
        "X": 0.5920471281296024,
        "<pad>": 0
    },
    "train_loss": 0.7405983209609985,
    "validation_accuracy": 0.6413924654268002,
    "validation_accuracy_per_label": {
        ".": 0.927710843373494,
        "ADJ": 0.36363636363636365,
        "ADP": 0.9337748344370861,
        "ADV": 0.5891472868217055,
        "CONJ": 0.9285714285714286,
        "DET": 0.9,
        "NOUN": 0.3760504201680672,
        "NUM": 0.29411764705882354,
        "PRON": 0.9427083333333334,
        "PRT": 0.8771929824561403,
        "VERB": 0.637883008356546,
        "X": 0.3128491620111732,
        "<pad>": 0
    },
    "validation_loss": 1.0695405006408691,
    "epoch_num": 39
}