{
<<<<<<< HEAD
    "train_accuracy": 0.39964524491745124,
    "train_accuracy_per_label": {
        ".": 0.7386363636363636,
        "ADJ": 0.17559523809523808,
        "ADP": 0.6288848263254113,
        "ADV": 0.40609137055837563,
        "CONJ": 0.7701863354037267,
        "DET": 0.7647058823529411,
        "NOUN": 0.13273809523809524,
        "NUM": 0.04964539007092199,
        "PRON": 0.5598802395209581,
        "PRT": 0.7572815533980582,
        "VERB": 0.2986798679867987,
        "X": 0.21354933726067746,
        "<pad>": 0
    },
    "train_loss": 2.041219711303711,
    "validation_accuracy": 0.3838817358130663,
    "validation_accuracy_per_label": {
        ".": 0.7349397590361446,
        "ADJ": 0.1717171717171717,
        "ADP": 0.6754966887417219,
        "ADV": 0.4418604651162791,
        "CONJ": 0.8571428571428571,
        "DET": 0.7307692307692307,
        "NOUN": 0.09033613445378151,
        "NUM": 0.0,
        "PRON": 0.5572916666666666,
        "PRT": 0.7719298245614035,
        "VERB": 0.2618384401114206,
        "X": 0.15083798882681565,
        "<pad>": 0
    },
    "validation_loss": 1.9882125854492188,
    "epoch_num": 7
=======
  "best_epoch": 7,
  "peak_worker_0_memory_MB": 449.203125,
  "peak_gpu_0_memory_MB": 0,
  "training_duration": "0:00:14.200071",
  "training_start_epoch": 0,
  "training_epochs": 7,
  "epoch": 7,
  "training_accuracy": 0.79596260669286,
  "training_accuracy3": 0.9220972767917627,
  "training_loss": 1.7789163291454315,
  "training_worker_0_memory_MB": 449.203125,
  "training_gpu_0_memory_MB": 0.0,
  "validation_accuracy": 0.7128666035950804,
  "validation_accuracy3": 0.8609271523178808,
  "validation_loss": 1.777095913887024,
  "best_validation_accuracy": 0.7128666035950804,
  "best_validation_accuracy3": 0.8609271523178808,
  "best_validation_loss": 1.777095913887024
>>>>>>> d836ce1692fa664e81db2dece590eb0f684bcec4
}