{
  "best_epoch": 19,
  "peak_worker_0_memory_MB": 340.58984375,
  "training_duration": "0:00:31.575946",
  "training_start_epoch": 0,
  "training_epochs": 19,
  "epoch": 19,
  "training_accuracy": 0.9521745020999864,
  "training_accuracy3": 0.9897032922368243,
  "training_loss": 0.4690875510374705,
  "training_worker_0_memory_MB": 340.58984375,
  "validation_accuracy": 0.8126773888363292,
  "validation_accuracy3": 0.9049195837275308,
  "validation_loss": 0.748375728726387,
  "best_validation_accuracy": 0.8126773888363292,
  "best_validation_accuracy3": 0.9049195837275308,
  "best_validation_loss": 0.748375728726387
}