{
  "best_epoch": 14,
  "peak_worker_0_memory_MB": 467.53125,
  "peak_gpu_0_memory_MB": 0,
  "training_duration": "0:00:19.387725",
  "training_start_epoch": 0,
  "training_epochs": 14,
  "epoch": 14,
  "training_accuracy": 0.920335997832272,
  "training_accuracy3": 0.9707356726730795,
  "training_loss": 0.8427797059218088,
  "training_worker_0_memory_MB": 467.53125,
  "training_gpu_0_memory_MB": 0.0,
  "validation_accuracy": 0.771050141911069,
  "validation_accuracy3": 0.8973509933774835,
  "validation_loss": 1.0136765390634537,
  "best_validation_accuracy": 0.771050141911069,
  "best_validation_accuracy3": 0.8973509933774835,
  "best_validation_loss": 1.0136765390634537
}