{
  "best_epoch": 25,
  "peak_worker_0_memory_MB": 471.1328125,
  "peak_gpu_0_memory_MB": 0,
  "training_duration": "0:00:31.408293",
  "training_start_epoch": 0,
  "training_epochs": 25,
  "epoch": 25,
  "training_accuracy": 0.9592196179379487,
  "training_accuracy3": 0.9949871291152961,
  "training_loss": 0.28384262199203175,
  "training_worker_0_memory_MB": 471.1328125,
  "training_gpu_0_memory_MB": 0.0,
  "validation_accuracy": 0.8192999053926207,
  "validation_accuracy3": 0.9228949858088931,
  "validation_loss": 0.6192168146371841,
  "best_validation_accuracy": 0.8192999053926207,
  "best_validation_accuracy3": 0.9228949858088931,
  "best_validation_loss": 0.6192168146371841
}