{
  "best_epoch": 0,
  "peak_worker_0_memory_MB": 344.64453125,
  "peak_gpu_0_memory_MB": 0,
  "training_duration": "0:00:02.241169",
  "training_start_epoch": 0,
  "training_epochs": 0,
  "epoch": 0,
  "training_accuracy": 0.08142528112721853,
  "training_accuracy3": 0.2906110283159464,
  "training_loss": 2.477370321750641,
  "training_worker_0_memory_MB": 344.64453125,
  "training_gpu_0_memory_MB": 0.0,
  "validation_accuracy": 0.2000946073793756,
  "validation_accuracy3": 0.4148533585619678,
  "validation_loss": 2.458017110824585,
  "best_validation_accuracy": 0.2000946073793756,
  "best_validation_accuracy3": 0.4148533585619678,
  "best_validation_loss": 2.458017110824585
}