{
<<<<<<< HEAD
    "train_accuracy": 0.48574157456678946,
    "train_accuracy_per_label": {
        ".": 0.8920454545454546,
        "ADJ": 0.21428571428571427,
        "ADP": 0.6691042047531993,
        "ADV": 0.5177664974619289,
        "CONJ": 0.7701863354037267,
        "DET": 0.7670588235294118,
        "NOUN": 0.25,
        "NUM": 0.0425531914893617,
        "PRON": 0.625748502994012,
        "PRT": 0.7815533980582524,
        "VERB": 0.4315181518151815,
        "X": 0.22827687776141384,
        "<pad>": 0
    },
    "train_loss": 1.8040707111358643,
    "validation_accuracy": 0.45445875059608964,
    "validation_accuracy_per_label": {
        ".": 0.8795180722891566,
        "ADJ": 0.1717171717171717,
        "ADP": 0.7086092715231788,
        "ADV": 0.4418604651162791,
        "CONJ": 0.8571428571428571,
        "DET": 0.7615384615384615,
        "NOUN": 0.1722689075630252,
        "NUM": 0.0,
        "PRON": 0.5989583333333334,
        "PRT": 0.7894736842105263,
        "VERB": 0.41225626740947074,
        "X": 0.1564245810055866,
        "<pad>": 0
    },
    "validation_loss": 1.780267596244812,
    "epoch_num": 11
=======
  "best_epoch": 11,
  "peak_worker_0_memory_MB": 458.0625,
  "peak_gpu_0_memory_MB": 0,
  "training_duration": "0:00:17.163010",
  "training_start_epoch": 0,
  "training_epochs": 11,
  "epoch": 11,
  "training_accuracy": 0.8660073160818317,
  "training_accuracy3": 0.9414713453461591,
  "training_loss": 1.2161394655704498,
  "training_worker_0_memory_MB": 458.0625,
  "training_gpu_0_memory_MB": 0.0,
  "validation_accuracy": 0.7355723746452223,
  "validation_accuracy3": 0.8770104068117314,
  "validation_loss": 1.2956431806087494,
  "best_validation_accuracy": 0.7355723746452223,
  "best_validation_accuracy3": 0.8770104068117314,
  "best_validation_loss": 1.2956431806087494
>>>>>>> d836ce1692fa664e81db2dece590eb0f684bcec4
}