{
    "train_accuracy": 0.6912266339200437,
    "train_accuracy_per_label": {
        ".": 0.9318181818181818,
        "ADJ": 0.38095238095238093,
        "ADP": 0.8610603290676416,
        "ADV": 0.6142131979695431,
        "CONJ": 0.8633540372670807,
        "DET": 0.9458823529411765,
        "NOUN": 0.5684523809523809,
        "NUM": 0.2198581560283688,
        "PRON": 0.8847305389221557,
        "PRT": 0.8640776699029126,
        "VERB": 0.698019801980198,
        "X": 0.3873343151693667,
        "<pad>": 0
    },
    "train_loss": 1.1620769500732422,
    "validation_accuracy": 0.5894134477825465,
    "validation_accuracy_per_label": {
        ".": 0.9076305220883534,
        "ADJ": 0.24242424242424243,
        "ADP": 0.9072847682119205,
        "ADV": 0.49612403100775193,
        "CONJ": 0.9285714285714286,
        "DET": 0.9384615384615385,
        "NOUN": 0.3319327731092437,
        "NUM": 0.17647058823529413,
        "PRON": 0.8333333333333334,
        "PRT": 0.8771929824561403,
        "VERB": 0.5766016713091922,
        "X": 0.24022346368715083,
        "<pad>": 0
    },
    "validation_loss": 1.299736738204956,
    "epoch_num": 25
}