{
  "best_epoch": 11,
  "peak_worker_0_memory_MB": 458.0625,
  "peak_gpu_0_memory_MB": 0,
  "training_duration": "0:00:17.163010",
  "training_start_epoch": 0,
  "training_epochs": 11,
  "epoch": 11,
  "training_accuracy": 0.8660073160818317,
  "training_accuracy3": 0.9414713453461591,
  "training_loss": 1.2161394655704498,
  "training_worker_0_memory_MB": 458.0625,
  "training_gpu_0_memory_MB": 0.0,
  "validation_accuracy": 0.7355723746452223,
  "validation_accuracy3": 0.8770104068117314,
  "validation_loss": 1.2956431806087494,
  "best_validation_accuracy": 0.7355723746452223,
  "best_validation_accuracy3": 0.8770104068117314,
  "best_validation_loss": 1.2956431806087494
}