{
<<<<<<< HEAD
    "train_accuracy": 0.7030972847591759,
    "train_accuracy_per_label": {
        ".": 0.9318181818181818,
        "ADJ": 0.3958333333333333,
        "ADP": 0.8628884826325411,
        "ADV": 0.6142131979695431,
        "CONJ": 0.8695652173913043,
        "DET": 0.9458823529411765,
        "NOUN": 0.5910714285714286,
        "NUM": 0.2553191489361702,
        "PRON": 0.8967065868263473,
        "PRT": 0.8640776699029126,
        "VERB": 0.716996699669967,
        "X": 0.3961708394698085,
        "<pad>": 0
    },
    "train_loss": 1.1252368688583374,
    "validation_accuracy": 0.5956127801621364,
    "validation_accuracy_per_label": {
        ".": 0.9076305220883534,
        "ADJ": 0.24242424242424243,
        "ADP": 0.9072847682119205,
        "ADV": 0.49612403100775193,
        "CONJ": 0.9285714285714286,
        "DET": 0.9384615384615385,
        "NOUN": 0.3403361344537815,
        "NUM": 0.20588235294117646,
        "PRON": 0.8489583333333334,
        "PRT": 0.8771929824561403,
        "VERB": 0.5905292479108635,
        "X": 0.24022346368715083,
        "<pad>": 0
    },
    "validation_loss": 1.2766598463058472,
    "epoch_num": 26
=======
  "best_epoch": 25,
  "peak_worker_0_memory_MB": 471.1328125,
  "peak_gpu_0_memory_MB": 0,
  "training_duration": "0:00:32.865199",
  "training_start_epoch": 0,
  "training_epochs": 26,
  "epoch": 26,
  "training_accuracy": 0.9590841349410649,
  "training_accuracy3": 0.9952580951090638,
  "training_loss": 0.2640438750386238,
  "training_worker_0_memory_MB": 471.1328125,
  "training_gpu_0_memory_MB": 0.0,
  "validation_accuracy": 0.8197729422894986,
  "validation_accuracy3": 0.924314096499527,
  "validation_loss": 0.624944657087326,
  "best_validation_accuracy": 0.8192999053926207,
  "best_validation_accuracy3": 0.9228949858088931,
  "best_validation_loss": 0.6192168146371841
>>>>>>> d836ce1692fa664e81db2dece590eb0f684bcec4
}