{
<<<<<<< HEAD
    "train_accuracy": 0.501432664756447,
    "train_accuracy_per_label": {
        ".": 0.8920454545454546,
        "ADJ": 0.22916666666666666,
        "ADP": 0.6727605118829981,
        "ADV": 0.5177664974619289,
        "CONJ": 0.7701863354037267,
        "DET": 0.7670588235294118,
        "NOUN": 0.2702380952380952,
        "NUM": 0.0425531914893617,
        "PRON": 0.6497005988023952,
        "PRT": 0.7815533980582524,
        "VERB": 0.4752475247524752,
        "X": 0.23564064801178203,
        "<pad>": 0
    },
    "train_loss": 1.7500895261764526,
    "validation_accuracy": 0.47353361945636624,
    "validation_accuracy_per_label": {
        ".": 0.8795180722891566,
        "ADJ": 0.1919191919191919,
        "ADP": 0.7549668874172185,
        "ADV": 0.4496124031007752,
        "CONJ": 0.8571428571428571,
        "DET": 0.7615384615384615,
        "NOUN": 0.18277310924369747,
        "NUM": 0.0,
        "PRON": 0.7135416666666666,
        "PRT": 0.7894736842105263,
        "VERB": 0.4206128133704735,
        "X": 0.1564245810055866,
        "<pad>": 0
    },
    "validation_loss": 1.7348154783248901,
    "epoch_num": 12
=======
  "best_epoch": 12,
  "peak_worker_0_memory_MB": 458.0625,
  "peak_gpu_0_memory_MB": 0,
  "training_duration": "0:00:17.856884",
  "training_start_epoch": 0,
  "training_epochs": 12,
  "epoch": 12,
  "training_accuracy": 0.8973038883620106,
  "training_accuracy3": 0.9524454680937542,
  "training_loss": 1.081412543853124,
  "training_worker_0_memory_MB": 458.0625,
  "training_gpu_0_memory_MB": 0.0,
  "validation_accuracy": 0.7507095553453169,
  "validation_accuracy3": 0.8859981078524125,
  "validation_loss": 1.2036116421222687,
  "best_validation_accuracy": 0.7507095553453169,
  "best_validation_accuracy3": 0.8859981078524125,
  "best_validation_loss": 1.2036116421222687
>>>>>>> d836ce1692fa664e81db2dece590eb0f684bcec4
}