{
  "best_epoch": 37,
  "peak_worker_0_memory_MB": 474.54296875,
  "peak_gpu_0_memory_MB": 0,
  "training_duration": "0:00:52.813664",
  "training_start_epoch": 0,
  "training_epochs": 37,
  "epoch": 37,
  "training_accuracy": 0.9619292778756267,
  "training_accuracy3": 0.99756130605609,
  "training_loss": 0.1626432699461778,
  "training_worker_0_memory_MB": 474.54296875,
  "training_gpu_0_memory_MB": 0.0,
  "validation_accuracy": 0.8211920529801324,
  "validation_accuracy3": 0.9328287606433302,
  "validation_loss": 0.5703547298908234,
  "best_validation_accuracy": 0.8211920529801324,
  "best_validation_accuracy3": 0.9328287606433302,
  "best_validation_loss": 0.5703547298908234
}