{
<<<<<<< HEAD
    "train_accuracy": 0.08787010506208214,
    "train_accuracy_per_label": {
        ".": 0.04318181818181818,
        "ADJ": 0.03273809523809524,
        "ADP": 0.062157221206581355,
        "ADV": 0.1446700507614213,
        "CONJ": 0.0,
        "DET": 0.01647058823529412,
        "NOUN": 0.05238095238095238,
        "NUM": 0.05673758865248227,
        "PRON": 0.06736526946107785,
        "PRT": 0.7281553398058253,
        "VERB": 0.13861386138613863,
        "X": 0.055964653902798235,
        "<pad>": 0
    },
    "train_loss": 2.6732897758483887,
    "validation_accuracy": 0.0910824988078207,
    "validation_accuracy_per_label": {
        ".": 0.10040160642570281,
        "ADJ": 0.010101010101010102,
        "ADP": 0.12582781456953643,
        "ADV": 0.13178294573643412,
        "CONJ": 0.0,
        "DET": 0.0,
        "NOUN": 0.04201680672268908,
        "NUM": 0.058823529411764705,
        "PRON": 0.09375,
        "PRT": 0.7543859649122807,
        "VERB": 0.11977715877437325,
        "X": 0.01675977653631285,
        "<pad>": 0
    },
    "validation_loss": 2.5657715797424316,
    "epoch_num": 0
=======
  "best_epoch": 0,
  "peak_worker_0_memory_MB": 344.64453125,
  "peak_gpu_0_memory_MB": 0,
  "training_duration": "0:00:02.241169",
  "training_start_epoch": 0,
  "training_epochs": 0,
  "epoch": 0,
  "training_accuracy": 0.08142528112721853,
  "training_accuracy3": 0.2906110283159464,
  "training_loss": 2.477370321750641,
  "training_worker_0_memory_MB": 344.64453125,
  "training_gpu_0_memory_MB": 0.0,
  "validation_accuracy": 0.2000946073793756,
  "validation_accuracy3": 0.4148533585619678,
  "validation_loss": 2.458017110824585,
  "best_validation_accuracy": 0.2000946073793756,
  "best_validation_accuracy3": 0.4148533585619678,
  "best_validation_loss": 2.458017110824585
>>>>>>> d836ce1692fa664e81db2dece590eb0f684bcec4
}