{
  "best_epoch": 12,
  "peak_worker_0_memory_MB": 458.0625,
  "peak_gpu_0_memory_MB": 0,
  "training_duration": "0:00:17.856884",
  "training_start_epoch": 0,
  "training_epochs": 12,
  "epoch": 12,
  "training_accuracy": 0.8973038883620106,
  "training_accuracy3": 0.9524454680937542,
  "training_loss": 1.081412543853124,
  "training_worker_0_memory_MB": 458.0625,
  "training_gpu_0_memory_MB": 0.0,
  "validation_accuracy": 0.7507095553453169,
  "validation_accuracy3": 0.8859981078524125,
  "validation_loss": 1.2036116421222687,
  "best_validation_accuracy": 0.7507095553453169,
  "best_validation_accuracy3": 0.8859981078524125,
  "best_validation_loss": 1.2036116421222687
}