{
  "best_epoch": 33,
  "peak_worker_0_memory_MB": 342.6171875,
  "training_duration": "0:00:56.664918",
  "training_start_epoch": 0,
  "training_epochs": 35,
  "epoch": 35,
  "training_accuracy": 0.9616583118818588,
  "training_accuracy3": 0.997425823059206,
  "training_loss": 0.1724779767294725,
  "training_worker_0_memory_MB": 342.6171875,
  "validation_accuracy": 0.8211920529801324,
  "validation_accuracy3": 0.9314096499526963,
  "validation_loss": 0.5810631960630417,
  "best_validation_accuracy": 0.8221381267738883,
  "best_validation_accuracy3": 0.9309366130558183,
  "best_validation_loss": 0.5772361010313034
}