{
<<<<<<< HEAD
    "train_accuracy": 0.6663937781416291,
    "train_accuracy_per_label": {
        ".": 0.9272727272727272,
        "ADJ": 0.3482142857142857,
        "ADP": 0.8226691042047533,
        "ADV": 0.6040609137055838,
        "CONJ": 0.7701863354037267,
        "DET": 0.9458823529411765,
        "NOUN": 0.5333333333333333,
        "NUM": 0.20567375886524822,
        "PRON": 0.8562874251497006,
        "PRT": 0.8640776699029126,
        "VERB": 0.6716171617161716,
        "X": 0.36524300441826213,
        "<pad>": 0
    },
    "train_loss": 1.2392444610595703,
    "validation_accuracy": 0.575107296137339,
    "validation_accuracy_per_label": {
        ".": 0.9036144578313253,
        "ADJ": 0.24242424242424243,
        "ADP": 0.8609271523178808,
        "ADV": 0.49612403100775193,
        "CONJ": 0.8571428571428571,
        "DET": 0.9384615384615385,
        "NOUN": 0.3172268907563025,
        "NUM": 0.17647058823529413,
        "PRON": 0.8125,
        "PRT": 0.8771929824561403,
        "VERB": 0.5543175487465181,
        "X": 0.24022346368715083,
        "<pad>": 0
    },
    "validation_loss": 1.3498128652572632,
    "epoch_num": 23
=======
  "best_epoch": 23,
  "peak_worker_0_memory_MB": 471.1328125,
  "peak_gpu_0_memory_MB": 0,
  "training_duration": "0:00:28.540651",
  "training_start_epoch": 0,
  "training_epochs": 23,
  "epoch": 23,
  "training_accuracy": 0.9582712369597616,
  "training_accuracy3": 0.9943097141308765,
  "training_loss": 0.3273830935359001,
  "training_worker_0_memory_MB": 471.1328125,
  "training_gpu_0_memory_MB": 0.0,
  "validation_accuracy": 0.8178807947019867,
  "validation_accuracy3": 0.9186376537369915,
  "validation_loss": 0.647894412279129,
  "best_validation_accuracy": 0.8178807947019867,
  "best_validation_accuracy3": 0.9186376537369915,
  "best_validation_loss": 0.647894412279129
>>>>>>> d836ce1692fa664e81db2dece590eb0f684bcec4
}