{
<<<<<<< HEAD
    "train_accuracy": 0.541410833674444,
    "train_accuracy_per_label": {
        ".": 0.8920454545454546,
        "ADJ": 0.2619047619047619,
        "ADP": 0.7385740402193784,
        "ADV": 0.5228426395939086,
        "CONJ": 0.7701863354037267,
        "DET": 0.7764705882352941,
        "NOUN": 0.3119047619047619,
        "NUM": 0.0425531914893617,
        "PRON": 0.7829341317365269,
        "PRT": 0.883495145631068,
        "VERB": 0.5206270627062707,
        "X": 0.24300441826215022,
        "<pad>": 0
    },
    "train_loss": 1.6462616920471191,
    "validation_accuracy": 0.49308536003814973,
    "validation_accuracy_per_label": {
        ".": 0.8795180722891566,
        "ADJ": 0.1919191919191919,
        "ADP": 0.7814569536423841,
        "ADV": 0.46511627906976744,
        "CONJ": 0.8571428571428571,
        "DET": 0.7615384615384615,
        "NOUN": 0.20798319327731093,
        "NUM": 0.0,
        "PRON": 0.7291666666666666,
        "PRT": 0.9298245614035088,
        "VERB": 0.45125348189415043,
        "X": 0.16201117318435754,
        "<pad>": 0
    },
    "validation_loss": 1.649728775024414,
    "epoch_num": 14
=======
  "best_epoch": 14,
  "peak_worker_0_memory_MB": 467.53125,
  "peak_gpu_0_memory_MB": 0,
  "training_duration": "0:00:19.387725",
  "training_start_epoch": 0,
  "training_epochs": 14,
  "epoch": 14,
  "training_accuracy": 0.920335997832272,
  "training_accuracy3": 0.9707356726730795,
  "training_loss": 0.8427797059218088,
  "training_worker_0_memory_MB": 467.53125,
  "training_gpu_0_memory_MB": 0.0,
  "validation_accuracy": 0.771050141911069,
  "validation_accuracy3": 0.8973509933774835,
  "validation_loss": 1.0136765390634537,
  "best_validation_accuracy": 0.771050141911069,
  "best_validation_accuracy3": 0.8973509933774835,
  "best_validation_loss": 1.0136765390634537
>>>>>>> d836ce1692fa664e81db2dece590eb0f684bcec4
}