{
  "best_epoch": 39,
  "peak_worker_0_memory_MB": 343.5390625,
  "training_duration": "0:01:02.942129",
  "training_start_epoch": 0,
  "training_epochs": 39,
  "epoch": 39,
  "training_accuracy": 0.9619292778756267,
  "training_accuracy3": 0.9979677550467416,
  "training_loss": 0.1535522360354662,
  "training_worker_0_memory_MB": 343.5390625,
  "validation_accuracy": 0.8211920529801324,
  "validation_accuracy3": 0.9323557237464523,
  "validation_loss": 0.5649806559085846,
  "best_validation_accuracy": 0.8211920529801324,
  "best_validation_accuracy3": 0.9323557237464523,
  "best_validation_loss": 0.5649806559085846,
  "test_accuracy": 0.8211920529801324,
  "test_accuracy3": 0.9323557237464523,
  "test_loss": 0.5745843797922134
}