{
<<<<<<< HEAD
    "train_accuracy": 0.5736116796288716,
    "train_accuracy_per_label": {
        ".": 0.8886363636363637,
        "ADJ": 0.2767857142857143,
        "ADP": 0.7586837294332724,
        "ADV": 0.5279187817258884,
        "CONJ": 0.7701863354037267,
        "DET": 0.8094117647058824,
        "NOUN": 0.37202380952380953,
        "NUM": 0.0425531914893617,
        "PRON": 0.8143712574850299,
        "PRT": 0.9514563106796117,
        "VERB": 0.5742574257425742,
        "X": 0.25184094256259204,
        "<pad>": 0
    },
    "train_loss": 1.4996824264526367,
    "validation_accuracy": 0.5164520743919886,
    "validation_accuracy_per_label": {
        ".": 0.8674698795180723,
        "ADJ": 0.23232323232323232,
        "ADP": 0.8211920529801324,
        "ADV": 0.46511627906976744,
        "CONJ": 0.8571428571428571,
        "DET": 0.8,
        "NOUN": 0.25,
        "NUM": 0.0,
        "PRON": 0.7604166666666666,
        "PRT": 0.9298245614035088,
        "VERB": 0.4763231197771588,
        "X": 0.17318435754189945,
        "<pad>": 0
    },
    "validation_loss": 1.5352323055267334,
    "epoch_num": 17
=======
  "best_epoch": 17,
  "peak_worker_0_memory_MB": 467.53125,
  "peak_gpu_0_memory_MB": 0,
  "training_duration": "0:00:21.641988",
  "training_start_epoch": 0,
  "training_epochs": 17,
  "epoch": 17,
  "training_accuracy": 0.941606828343043,
  "training_accuracy3": 0.9853678363365398,
  "training_loss": 0.5850522319475809,
  "training_worker_0_memory_MB": 467.53125,
  "training_gpu_0_memory_MB": 0.0,
  "validation_accuracy": 0.8093661305581835,
  "validation_accuracy3": 0.8997161778618732,
  "validation_loss": 0.8370057493448257,
  "best_validation_accuracy": 0.8093661305581835,
  "best_validation_accuracy3": 0.8997161778618732,
  "best_validation_loss": 0.8370057493448257
>>>>>>> d836ce1692fa664e81db2dece590eb0f684bcec4
}