{
    "train_accuracy": 0.5880747714558603,
    "train_accuracy_per_label": {
        ".": 0.8886363636363637,
        "ADJ": 0.2976190476190476,
        "ADP": 0.8098720292504571,
        "ADV": 0.5228426395939086,
        "CONJ": 0.7701863354037267,
        "DET": 0.8094117647058824,
        "NOUN": 0.3964285714285714,
        "NUM": 0.0425531914893617,
        "PRON": 0.8143712574850299,
        "PRT": 0.9174757281553398,
        "VERB": 0.5948844884488449,
        "X": 0.27245949926362295,
        "<pad>": 0
    },
    "train_loss": 1.4532233476638794,
    "validation_accuracy": 0.5216976633285646,
    "validation_accuracy_per_label": {
        ".": 0.8674698795180723,
        "ADJ": 0.24242424242424243,
        "ADP": 0.8410596026490066,
        "ADV": 0.4418604651162791,
        "CONJ": 0.8571428571428571,
        "DET": 0.8,
        "NOUN": 0.25210084033613445,
        "NUM": 0.0,
        "PRON": 0.7604166666666666,
        "PRT": 0.8771929824561403,
        "VERB": 0.5097493036211699,
        "X": 0.17318435754189945,
        "<pad>": 0
    },
    "validation_loss": 1.5004003047943115,
    "epoch_num": 18
}