{
<<<<<<< HEAD
    "train_accuracy": 0.6209578387228817,
    "train_accuracy_per_label": {
        ".": 0.9159090909090909,
        "ADJ": 0.33630952380952384,
        "ADP": 0.8226691042047533,
        "ADV": 0.5532994923857868,
        "CONJ": 0.7701863354037267,
        "DET": 0.84,
        "NOUN": 0.45,
        "NUM": 0.1276595744680851,
        "PRON": 0.8143712574850299,
        "PRT": 0.8640776699029126,
        "VERB": 0.6427392739273927,
        "X": 0.30633284241531666,
        "<pad>": 0
    },
    "train_loss": 1.3639768362045288,
    "validation_accuracy": 0.5460181211254173,
    "validation_accuracy_per_label": {
        ".": 0.8835341365461847,
        "ADJ": 0.24242424242424243,
        "ADP": 0.8410596026490066,
        "ADV": 0.4573643410852713,
        "CONJ": 0.8571428571428571,
        "DET": 0.823076923076923,
        "NOUN": 0.28781512605042014,
        "NUM": 0.17647058823529413,
        "PRON": 0.7864583333333334,
        "PRT": 0.8771929824561403,
        "VERB": 0.5348189415041783,
        "X": 0.2011173184357542,
        "<pad>": 0
    },
    "validation_loss": 1.435569405555725,
    "epoch_num": 20
=======
  "best_epoch": 20,
  "peak_worker_0_memory_MB": 471.1328125,
  "peak_gpu_0_memory_MB": 0,
  "training_duration": "0:00:24.233134",
  "training_start_epoch": 0,
  "training_epochs": 20,
  "epoch": 20,
  "training_accuracy": 0.9542067470532448,
  "training_accuracy3": 0.9910581222056631,
  "training_loss": 0.4249487519264221,
  "training_worker_0_memory_MB": 471.1328125,
  "training_gpu_0_memory_MB": 0.0,
  "validation_accuracy": 0.815042573320719,
  "validation_accuracy3": 0.9101229895931883,
  "validation_loss": 0.713579848408699,
  "best_validation_accuracy": 0.815042573320719,
  "best_validation_accuracy3": 0.9101229895931883,
  "best_validation_loss": 0.713579848408699
>>>>>>> d836ce1692fa664e81db2dece590eb0f684bcec4
}