{
  "best_epoch": 16,
  "peak_worker_0_memory_MB": 467.53125,
  "peak_gpu_0_memory_MB": 0,
  "training_duration": "0:00:20.909442",
  "training_start_epoch": 0,
  "training_epochs": 16,
  "epoch": 16,
  "training_accuracy": 0.9361875084676873,
  "training_accuracy3": 0.9817097954206747,
  "training_loss": 0.6593285501003265,
  "training_worker_0_memory_MB": 467.53125,
  "training_gpu_0_memory_MB": 0.0,
  "validation_accuracy": 0.8055818353831599,
  "validation_accuracy3": 0.9001892147587511,
  "validation_loss": 0.8723660111427307,
  "best_validation_accuracy": 0.8055818353831599,
  "best_validation_accuracy3": 0.9001892147587511,
  "best_validation_loss": 0.8723660111427307
}