{
    "train_accuracy": 0.08787010506208214,
    "train_accuracy_per_label": {
        ".": 0.04318181818181818,
        "ADJ": 0.03273809523809524,
        "ADP": 0.062157221206581355,
        "ADV": 0.1446700507614213,
        "CONJ": 0.0,
        "DET": 0.01647058823529412,
        "NOUN": 0.05238095238095238,
        "NUM": 0.05673758865248227,
        "PRON": 0.06736526946107785,
        "PRT": 0.7281553398058253,
        "VERB": 0.13861386138613863,
        "X": 0.055964653902798235,
        "<pad>": 0
    },
    "train_loss": 2.6732897758483887,
    "validation_accuracy": 0.0910824988078207,
    "validation_accuracy_per_label": {
        ".": 0.10040160642570281,
        "ADJ": 0.010101010101010102,
        "ADP": 0.12582781456953643,
        "ADV": 0.13178294573643412,
        "CONJ": 0.0,
        "DET": 0.0,
        "NOUN": 0.04201680672268908,
        "NUM": 0.058823529411764705,
        "PRON": 0.09375,
        "PRT": 0.7543859649122807,
        "VERB": 0.11977715877437325,
        "X": 0.01675977653631285,
        "<pad>": 0
    },
    "validation_loss": 2.5657715797424316,
    "epoch_num": 0
}