{
<<<<<<< HEAD
    "train_accuracy": 0.13930959203165508,
    "train_accuracy_per_label": {
        ".": 0.2863636363636364,
        "ADJ": 0.044642857142857144,
        "ADP": 0.13711151736745886,
        "ADV": 0.1700507614213198,
        "CONJ": 0.0,
        "DET": 0.14588235294117646,
        "NOUN": 0.05892857142857143,
        "NUM": 0.05673758865248227,
        "PRON": 0.10179640718562874,
        "PRT": 0.7281553398058253,
        "VERB": 0.1542904290429043,
        "X": 0.055964653902798235,
        "<pad>": 0
    },
    "train_loss": 2.554668664932251,
    "validation_accuracy": 0.17739628040057226,
    "validation_accuracy_per_label": {
        ".": 0.5341365461847389,
        "ADJ": 0.020202020202020204,
        "ADP": 0.2251655629139073,
        "ADV": 0.13953488372093023,
        "CONJ": 0.0,
        "DET": 0.2923076923076923,
        "NOUN": 0.04201680672268908,
        "NUM": 0.058823529411764705,
        "PRON": 0.1875,
        "PRT": 0.7543859649122807,
        "VERB": 0.11977715877437325,
        "X": 0.01675977653631285,
        "<pad>": 0
    },
    "validation_loss": 2.456831455230713,
    "epoch_num": 1
=======
  "best_epoch": 1,
  "peak_worker_0_memory_MB": 428.75390625,
  "peak_gpu_0_memory_MB": 0,
  "training_duration": "0:00:04.421813",
  "training_start_epoch": 0,
  "training_epochs": 1,
  "epoch": 1,
  "training_accuracy": 0.36038477171115024,
  "training_accuracy3": 0.503725782414307,
  "training_loss": 2.434379835923513,
  "training_worker_0_memory_MB": 428.75390625,
  "training_gpu_0_memory_MB": 0.0,
  "validation_accuracy": 0.42762535477767266,
  "validation_accuracy3": 0.5614947965941344,
  "validation_loss": 2.4148573875427246,
  "best_validation_accuracy": 0.42762535477767266,
  "best_validation_accuracy3": 0.5614947965941344,
  "best_validation_loss": 2.4148573875427246
>>>>>>> d836ce1692fa664e81db2dece590eb0f684bcec4
}