{
<<<<<<< HEAD
    "train_accuracy": 0.3153226906808569,
    "train_accuracy_per_label": {
        ".": 0.7181818181818181,
        "ADJ": 0.05952380952380952,
        "ADP": 0.5137111517367459,
        "ADV": 0.32741116751269034,
        "CONJ": 0.6149068322981367,
        "DET": 0.7647058823529411,
        "NOUN": 0.06011904761904762,
        "NUM": 0.06382978723404255,
        "PRON": 0.2619760479041916,
        "PRT": 0.7524271844660194,
        "VERB": 0.22112211221122113,
        "X": 0.1723122238586156,
        "<pad>": 0
    },
    "train_loss": 2.2624435424804688,
    "validation_accuracy": 0.3156890796375775,
    "validation_accuracy_per_label": {
        ".": 0.7349397590361446,
        "ADJ": 0.04040404040404041,
        "ADP": 0.5099337748344371,
        "ADV": 0.23255813953488372,
        "CONJ": 0.8571428571428571,
        "DET": 0.7307692307692307,
        "NOUN": 0.031512605042016806,
        "NUM": 0.029411764705882353,
        "PRON": 0.4583333333333333,
        "PRT": 0.7719298245614035,
        "VERB": 0.181058495821727,
        "X": 0.1340782122905028,
        "<pad>": 0
    },
    "validation_loss": 2.1887781620025635,
    "epoch_num": 4
=======
  "best_epoch": 4,
  "peak_worker_0_memory_MB": 445.0078125,
  "peak_gpu_0_memory_MB": 0,
  "training_duration": "0:00:10.293224",
  "training_start_epoch": 0,
  "training_epochs": 4,
  "epoch": 4,
  "training_accuracy": 0.7330984961387346,
  "training_accuracy3": 0.8733233979135618,
  "training_loss": 2.2070508201917014,
  "training_worker_0_memory_MB": 445.0078125,
  "training_gpu_0_memory_MB": 0.0,
  "validation_accuracy": 0.6773888363292336,
  "validation_accuracy3": 0.8287606433301797,
  "validation_loss": 2.1758269667625427,
  "best_validation_accuracy": 0.6773888363292336,
  "best_validation_accuracy3": 0.8287606433301797,
  "best_validation_loss": 2.1758269667625427
>>>>>>> d836ce1692fa664e81db2dece590eb0f684bcec4
}