{
<<<<<<< HEAD
    "train_accuracy": 0.565970800927821,
    "train_accuracy_per_label": {
        ".": 0.8897727272727273,
        "ADJ": 0.27380952380952384,
        "ADP": 0.7404021937842779,
        "ADV": 0.5304568527918782,
        "CONJ": 0.7701863354037267,
        "DET": 0.8164705882352942,
        "NOUN": 0.3494047619047619,
        "NUM": 0.0425531914893617,
        "PRON": 0.8143712574850299,
        "PRT": 0.9514563106796117,
        "VERB": 0.5651815181518152,
        "X": 0.2503681885125184,
        "<pad>": 0
    },
    "train_loss": 1.5473449230194092,
    "validation_accuracy": 0.5040534096328088,
    "validation_accuracy_per_label": {
        ".": 0.8674698795180723,
        "ADJ": 0.20202020202020202,
        "ADP": 0.7814569536423841,
        "ADV": 0.46511627906976744,
        "CONJ": 0.8571428571428571,
        "DET": 0.8,
        "NOUN": 0.22478991596638656,
        "NUM": 0.0,
        "PRON": 0.7604166666666666,
        "PRT": 0.9298245614035088,
        "VERB": 0.467966573816156,
        "X": 0.16201117318435754,
        "<pad>": 0
    },
    "validation_loss": 1.5717122554779053,
    "epoch_num": 16
=======
  "best_epoch": 16,
  "peak_worker_0_memory_MB": 467.53125,
  "peak_gpu_0_memory_MB": 0,
  "training_duration": "0:00:20.909442",
  "training_start_epoch": 0,
  "training_epochs": 16,
  "epoch": 16,
  "training_accuracy": 0.9361875084676873,
  "training_accuracy3": 0.9817097954206747,
  "training_loss": 0.6593285501003265,
  "training_worker_0_memory_MB": 467.53125,
  "training_gpu_0_memory_MB": 0.0,
  "validation_accuracy": 0.8055818353831599,
  "validation_accuracy3": 0.9001892147587511,
  "validation_loss": 0.8723660111427307,
  "best_validation_accuracy": 0.8055818353831599,
  "best_validation_accuracy3": 0.9001892147587511,
  "best_validation_loss": 0.8723660111427307
>>>>>>> d836ce1692fa664e81db2dece590eb0f684bcec4
}