{
<<<<<<< HEAD
    "train_accuracy": 0.4534042843498431,
    "train_accuracy_per_label": {
        ".": 0.7772727272727272,
        "ADJ": 0.19940476190476192,
        "ADP": 0.6691042047531993,
        "ADV": 0.5177664974619289,
        "CONJ": 0.7701863354037267,
        "DET": 0.7670588235294118,
        "NOUN": 0.20892857142857144,
        "NUM": 0.05673758865248227,
        "PRON": 0.625748502994012,
        "PRT": 0.7815533980582524,
        "VERB": 0.38366336633663367,
        "X": 0.21944035346097202,
        "<pad>": 0
    },
    "train_loss": 1.8597038984298706,
    "validation_accuracy": 0.4368144969003338,
    "validation_accuracy_per_label": {
        ".": 0.8674698795180723,
        "ADJ": 0.1717171717171717,
        "ADP": 0.7086092715231788,
        "ADV": 0.4418604651162791,
        "CONJ": 0.8571428571428571,
        "DET": 0.7615384615384615,
        "NOUN": 0.1407563025210084,
        "NUM": 0.0,
        "PRON": 0.5989583333333334,
        "PRT": 0.7894736842105263,
        "VERB": 0.3593314763231198,
        "X": 0.1564245810055866,
        "<pad>": 0
    },
    "validation_loss": 1.8279361724853516,
    "epoch_num": 10
=======
  "best_epoch": 10,
  "peak_worker_0_memory_MB": 458.0625,
  "peak_gpu_0_memory_MB": 0,
  "training_duration": "0:00:16.421077",
  "training_start_epoch": 0,
  "training_epochs": 10,
  "epoch": 10,
  "training_accuracy": 0.832136566860859,
  "training_accuracy3": 0.9360520254708035,
  "training_loss": 1.3558655679225922,
  "training_worker_0_memory_MB": 458.0625,
  "training_gpu_0_memory_MB": 0.0,
  "validation_accuracy": 0.7308420056764428,
  "validation_accuracy3": 0.8694418164616841,
  "validation_loss": 1.4150000512599945,
  "best_validation_accuracy": 0.7308420056764428,
  "best_validation_accuracy3": 0.8694418164616841,
  "best_validation_loss": 1.4150000512599945
>>>>>>> d836ce1692fa664e81db2dece590eb0f684bcec4
}