{
<<<<<<< HEAD
    "train_accuracy": 0.7362532405512349,
    "train_accuracy_per_label": {
        ".": 0.9431818181818182,
        "ADJ": 0.46130952380952384,
        "ADP": 0.8720292504570384,
        "ADV": 0.6294416243654822,
        "CONJ": 0.8695652173913043,
        "DET": 0.9341176470588235,
        "NOUN": 0.6511904761904762,
        "NUM": 0.2765957446808511,
        "PRON": 0.9221556886227545,
        "PRT": 0.8640776699029126,
        "VERB": 0.7458745874587459,
        "X": 0.4683357879234168,
        "<pad>": 0
    },
    "train_loss": 0.9890180826187134,
    "validation_accuracy": 0.6175488793514544,
    "validation_accuracy_per_label": {
        ".": 0.9236947791164659,
        "ADJ": 0.2727272727272727,
        "ADP": 0.9337748344370861,
        "ADV": 0.5271317829457365,
        "CONJ": 0.9285714285714286,
        "DET": 0.9,
        "NOUN": 0.3550420168067227,
        "NUM": 0.20588235294117646,
        "PRON": 0.9166666666666666,
        "PRT": 0.8771929824561403,
        "VERB": 0.6211699164345403,
        "X": 0.2681564245810056,
        "<pad>": 0
    },
    "validation_loss": 1.1961361169815063,
    "epoch_num": 30
=======
  "best_epoch": 29,
  "peak_worker_0_memory_MB": 471.1328125,
  "peak_gpu_0_memory_MB": 0,
  "training_duration": "0:00:38.539267",
  "training_start_epoch": 0,
  "training_epochs": 30,
  "epoch": 30,
  "training_accuracy": 0.960167998916136,
  "training_accuracy3": 0.9958000270965994,
  "training_loss": 0.21227940171957016,
  "training_worker_0_memory_MB": 471.1328125,
  "training_gpu_0_memory_MB": 0.0,
  "validation_accuracy": 0.8202459791863765,
  "validation_accuracy3": 0.9290444654683065,
  "validation_loss": 0.6007941216230392,
  "best_validation_accuracy": 0.8192999053926207,
  "best_validation_accuracy3": 0.9285714285714286,
  "best_validation_loss": 0.5977612137794495
>>>>>>> d836ce1692fa664e81db2dece590eb0f684bcec4
}