{
  "best_epoch": 29,
  "peak_worker_0_memory_MB": 342.0078125,
  "training_duration": "0:00:48.621673",
  "training_start_epoch": 0,
  "training_epochs": 30,
  "epoch": 30,
  "training_accuracy": 0.960167998916136,
  "training_accuracy3": 0.9958000270965994,
  "training_loss": 0.21227890253067017,
  "training_worker_0_memory_MB": 342.0078125,
  "validation_accuracy": 0.8202459791863765,
  "validation_accuracy3": 0.9290444654683065,
  "validation_loss": 0.6007988452911377,
  "best_validation_accuracy": 0.8192999053926207,
  "best_validation_accuracy3": 0.9285714285714286,
  "best_validation_loss": 0.5977638959884644
}