{
  "best_epoch": 32,
  "peak_worker_0_memory_MB": 471.1328125,
  "peak_gpu_0_memory_MB": 0,
  "training_duration": "0:00:42.028751",
  "training_start_epoch": 0,
  "training_epochs": 32,
  "epoch": 32,
  "training_accuracy": 0.9616583118818588,
  "training_accuracy3": 0.9970193740685543,
  "training_loss": 0.19396333148082098,
  "training_worker_0_memory_MB": 471.1328125,
  "training_gpu_0_memory_MB": 0.0,
  "validation_accuracy": 0.8216650898770104,
  "validation_accuracy3": 0.9299905392620624,
  "validation_loss": 0.5853546261787415,
  "best_validation_accuracy": 0.8216650898770104,
  "best_validation_accuracy3": 0.9299905392620624,
  "best_validation_loss": 0.5853546261787415
}