{
  "best_epoch": 39,
  "peak_worker_0_memory_MB": 474.54296875,
  "peak_gpu_0_memory_MB": 0,
  "training_duration": "0:00:55.821597",
  "training_start_epoch": 0,
  "training_epochs": 39,
  "epoch": 39,
  "training_accuracy": 0.9619292778756267,
  "training_accuracy3": 0.9979677550467416,
  "training_loss": 0.1535518274952968,
  "training_worker_0_memory_MB": 474.54296875,
  "training_gpu_0_memory_MB": 0.0,
  "validation_accuracy": 0.8211920529801324,
  "validation_accuracy3": 0.9323557237464523,
  "validation_loss": 0.5649825781583786,
  "best_validation_accuracy": 0.8211920529801324,
  "best_validation_accuracy3": 0.9323557237464523,
  "best_validation_loss": 0.5649825781583786,
  "test_accuracy": 0.8211920529801324,
  "test_accuracy3": 0.9323557237464523,
  "test_loss": 0.5745846033096313
}