{
  "best_epoch": 29,
  "peak_worker_0_memory_MB": 471.1328125,
  "peak_gpu_0_memory_MB": 0,
  "training_duration": "0:00:38.539267",
  "training_start_epoch": 0,
  "training_epochs": 30,
  "epoch": 30,
  "training_accuracy": 0.960167998916136,
  "training_accuracy3": 0.9958000270965994,
  "training_loss": 0.21227940171957016,
  "training_worker_0_memory_MB": 471.1328125,
  "training_gpu_0_memory_MB": 0.0,
  "validation_accuracy": 0.8202459791863765,
  "validation_accuracy3": 0.9290444654683065,
  "validation_loss": 0.6007941216230392,
  "best_validation_accuracy": 0.8192999053926207,
  "best_validation_accuracy3": 0.9285714285714286,
  "best_validation_loss": 0.5977612137794495
}