{
    "train_accuracy": 0.7921953881839269,
    "train_accuracy_per_label": {
        ".": 0.9431818181818182,
        "ADJ": 0.5982142857142857,
        "ADP": 0.8903107861060329,
        "ADV": 0.7258883248730964,
        "CONJ": 0.937888198757764,
        "DET": 0.9317647058823529,
        "NOUN": 0.731547619047619,
        "NUM": 0.3191489361702128,
        "PRON": 0.9535928143712575,
        "PRT": 0.8737864077669902,
        "VERB": 0.8151815181518152,
        "X": 0.5537555228276878,
        "<pad>": 0
    },
    "train_loss": 0.7895361185073853,
    "validation_accuracy": 0.6328087744396758,
    "validation_accuracy_per_label": {
        ".": 0.9236947791164659,
        "ADJ": 0.35353535353535354,
        "ADP": 0.9337748344370861,
        "ADV": 0.5658914728682171,
        "CONJ": 0.9285714285714286,
        "DET": 0.9,
        "NOUN": 0.3739495798319328,
        "NUM": 0.20588235294117646,
        "PRON": 0.9427083333333334,
        "PRT": 0.8771929824561403,
        "VERB": 0.6295264623955432,
        "X": 0.27932960893854747,
        "<pad>": 0
    },
    "validation_loss": 1.092353105545044,
    "epoch_num": 37
}