{
  "best_epoch": 29,
  "peak_worker_0_memory_MB": 342.0078125,
  "training_duration": "0:00:47.143629",
  "training_start_epoch": 0,
  "training_epochs": 29,
  "epoch": 29,
  "training_accuracy": 0.9611163798943233,
  "training_accuracy3": 0.9959355100934832,
  "training_loss": 0.222586527466774,
  "training_worker_0_memory_MB": 342.0078125,
  "validation_accuracy": 0.8192999053926207,
  "validation_accuracy3": 0.9285714285714286,
  "validation_loss": 0.5977638959884644,
  "best_validation_accuracy": 0.8192999053926207,
  "best_validation_accuracy3": 0.9285714285714286,
  "best_validation_loss": 0.5977638959884644
}