{
  "best_epoch": 27,
  "peak_worker_0_memory_MB": 471.1328125,
  "peak_gpu_0_memory_MB": 0,
  "training_duration": "0:00:35.714870",
  "training_start_epoch": 0,
  "training_epochs": 28,
  "epoch": 28,
  "training_accuracy": 0.9605744479067877,
  "training_accuracy3": 0.9956645440997155,
  "training_loss": 0.2353101409971714,
  "training_worker_0_memory_MB": 471.1328125,
  "training_gpu_0_memory_MB": 0.0,
  "validation_accuracy": 0.8192999053926207,
  "validation_accuracy3": 0.9276253547776726,
  "validation_loss": 0.6233857274055481,
  "best_validation_accuracy": 0.8197729422894986,
  "best_validation_accuracy3": 0.9257332071901608,
  "best_validation_loss": 0.6171015202999115
}