{
<<<<<<< HEAD
    "train_accuracy": 0.8073407013235093,
    "train_accuracy_per_label": {
        ".": 0.9454545454545454,
        "ADJ": 0.6071428571428571,
        "ADP": 0.8921389396709324,
        "ADV": 0.7538071065989848,
        "CONJ": 0.937888198757764,
        "DET": 0.9317647058823529,
        "NOUN": 0.7541666666666667,
        "NUM": 0.36879432624113473,
        "PRON": 0.9535928143712575,
        "PRT": 0.8737864077669902,
        "VERB": 0.8341584158415841,
        "X": 0.5920471281296024,
        "<pad>": 0
    },
    "train_loss": 0.7405983209609985,
    "validation_accuracy": 0.6413924654268002,
    "validation_accuracy_per_label": {
        ".": 0.927710843373494,
        "ADJ": 0.36363636363636365,
        "ADP": 0.9337748344370861,
        "ADV": 0.5891472868217055,
        "CONJ": 0.9285714285714286,
        "DET": 0.9,
        "NOUN": 0.3760504201680672,
        "NUM": 0.29411764705882354,
        "PRON": 0.9427083333333334,
        "PRT": 0.8771929824561403,
        "VERB": 0.637883008356546,
        "X": 0.3128491620111732,
        "<pad>": 0
    },
    "validation_loss": 1.0695405006408691,
    "epoch_num": 39
=======
  "best_epoch": 39,
  "peak_worker_0_memory_MB": 474.54296875,
  "peak_gpu_0_memory_MB": 0,
  "training_duration": "0:00:55.821597",
  "training_start_epoch": 0,
  "training_epochs": 39,
  "epoch": 39,
  "training_accuracy": 0.9619292778756267,
  "training_accuracy3": 0.9979677550467416,
  "training_loss": 0.1535518274952968,
  "training_worker_0_memory_MB": 474.54296875,
  "training_gpu_0_memory_MB": 0.0,
  "validation_accuracy": 0.8211920529801324,
  "validation_accuracy3": 0.9323557237464523,
  "validation_loss": 0.5649825781583786,
  "best_validation_accuracy": 0.8211920529801324,
  "best_validation_accuracy3": 0.9323557237464523,
  "best_validation_loss": 0.5649825781583786
>>>>>>> d836ce1692fa664e81db2dece590eb0f684bcec4
}