{
<<<<<<< HEAD
    "train_accuracy": 0.6912266339200437,
    "train_accuracy_per_label": {
        ".": 0.9318181818181818,
        "ADJ": 0.38095238095238093,
        "ADP": 0.8610603290676416,
        "ADV": 0.6142131979695431,
        "CONJ": 0.8633540372670807,
        "DET": 0.9458823529411765,
        "NOUN": 0.5684523809523809,
        "NUM": 0.2198581560283688,
        "PRON": 0.8847305389221557,
        "PRT": 0.8640776699029126,
        "VERB": 0.698019801980198,
        "X": 0.3873343151693667,
        "<pad>": 0
    },
    "train_loss": 1.1620769500732422,
    "validation_accuracy": 0.5894134477825465,
    "validation_accuracy_per_label": {
        ".": 0.9076305220883534,
        "ADJ": 0.24242424242424243,
        "ADP": 0.9072847682119205,
        "ADV": 0.49612403100775193,
        "CONJ": 0.9285714285714286,
        "DET": 0.9384615384615385,
        "NOUN": 0.3319327731092437,
        "NUM": 0.17647058823529413,
        "PRON": 0.8333333333333334,
        "PRT": 0.8771929824561403,
        "VERB": 0.5766016713091922,
        "X": 0.24022346368715083,
        "<pad>": 0
    },
    "validation_loss": 1.299736738204956,
    "epoch_num": 25
=======
  "best_epoch": 25,
  "peak_worker_0_memory_MB": 471.1328125,
  "peak_gpu_0_memory_MB": 0,
  "training_duration": "0:00:31.408293",
  "training_start_epoch": 0,
  "training_epochs": 25,
  "epoch": 25,
  "training_accuracy": 0.9592196179379487,
  "training_accuracy3": 0.9949871291152961,
  "training_loss": 0.28384262199203175,
  "training_worker_0_memory_MB": 471.1328125,
  "training_gpu_0_memory_MB": 0.0,
  "validation_accuracy": 0.8192999053926207,
  "validation_accuracy3": 0.9228949858088931,
  "validation_loss": 0.6192168146371841,
  "best_validation_accuracy": 0.8192999053926207,
  "best_validation_accuracy3": 0.9228949858088931,
  "best_validation_loss": 0.6192168146371841
>>>>>>> d836ce1692fa664e81db2dece590eb0f684bcec4
}