{
  "best_epoch": 21,
  "peak_worker_0_memory_MB": 340.58984375,
  "training_duration": "0:00:36.333370",
  "training_start_epoch": 0,
  "training_epochs": 22,
  "epoch": 22,
  "training_accuracy": 0.9570518899878065,
  "training_accuracy3": 0.9932258501558054,
  "training_loss": 0.3551016201575597,
  "training_worker_0_memory_MB": 340.58984375,
  "validation_accuracy": 0.8183538315988647,
  "validation_accuracy3": 0.9172185430463576,
  "validation_loss": 0.6799627542495728,
  "best_validation_accuracy": 0.8169347209082308,
  "best_validation_accuracy3": 0.9124881740775781,
  "best_validation_loss": 0.673516109585762
}