{
<<<<<<< HEAD
    "train_accuracy": 0.7840087324328012,
    "train_accuracy_per_label": {
        ".": 0.9431818181818182,
        "ADJ": 0.5833333333333334,
        "ADP": 0.8903107861060329,
        "ADV": 0.7258883248730964,
        "CONJ": 0.937888198757764,
        "DET": 0.9317647058823529,
        "NOUN": 0.7172619047619048,
        "NUM": 0.3191489361702128,
        "PRON": 0.9296407185628742,
        "PRT": 0.8737864077669902,
        "VERB": 0.8085808580858086,
        "X": 0.5434462444771723,
        "<pad>": 0
    },
    "train_loss": 0.8152700662612915,
    "validation_accuracy": 0.631378159275155,
    "validation_accuracy_per_label": {
        ".": 0.9236947791164659,
        "ADJ": 0.35353535353535354,
        "ADP": 0.9337748344370861,
        "ADV": 0.5658914728682171,
        "CONJ": 0.9285714285714286,
        "DET": 0.9,
        "NOUN": 0.36764705882352944,
        "NUM": 0.20588235294117646,
        "PRON": 0.9427083333333334,
        "PRT": 0.8771929824561403,
        "VERB": 0.6295264623955432,
        "X": 0.27932960893854747,
        "<pad>": 0
    },
    "validation_loss": 1.1047741174697876,
    "epoch_num": 36
=======
  "best_epoch": 36,
  "peak_worker_0_memory_MB": 474.54296875,
  "peak_gpu_0_memory_MB": 0,
  "training_duration": "0:00:50.710608",
  "training_start_epoch": 0,
  "training_epochs": 36,
  "epoch": 36,
  "training_accuracy": 0.961387345888091,
  "training_accuracy3": 0.9971548570654383,
  "training_loss": 0.16752017413576445,
  "training_worker_0_memory_MB": 474.54296875,
  "training_gpu_0_memory_MB": 0.0,
  "validation_accuracy": 0.8211920529801324,
  "validation_accuracy3": 0.9328287606433302,
  "validation_loss": 0.5769870728254318,
  "best_validation_accuracy": 0.8211920529801324,
  "best_validation_accuracy3": 0.9328287606433302,
  "best_validation_loss": 0.5769870728254318
>>>>>>> d836ce1692fa664e81db2dece590eb0f684bcec4
}