{
<<<<<<< HEAD
    "train_accuracy": 0.2812116250511666,
    "train_accuracy_per_label": {
        ".": 0.6636363636363637,
        "ADJ": 0.044642857142857144,
        "ADP": 0.42778793418647165,
        "ADV": 0.21573604060913706,
        "CONJ": 0.6149068322981367,
        "DET": 0.7482352941176471,
        "NOUN": 0.0625,
        "NUM": 0.028368794326241134,
        "PRON": 0.15419161676646706,
        "PRT": 0.7281553398058253,
        "VERB": 0.2079207920792079,
        "X": 0.16494845360824742,
        "<pad>": 0
    },
    "train_loss": 2.3504586219787598,
    "validation_accuracy": 0.27896995708154504,
    "validation_accuracy_per_label": {
        ".": 0.6947791164658634,
        "ADJ": 0.030303030303030304,
        "ADP": 0.5033112582781457,
        "ADV": 0.23255813953488372,
        "CONJ": 0.5714285714285714,
        "DET": 0.7307692307692307,
        "NOUN": 0.03361344537815126,
        "NUM": 0.029411764705882353,
        "PRON": 0.1875,
        "PRT": 0.7543859649122807,
        "VERB": 0.17827298050139276,
        "X": 0.1340782122905028,
        "<pad>": 0
    },
    "validation_loss": 2.269145965576172,
    "epoch_num": 3
=======
  "best_epoch": 3,
  "peak_worker_0_memory_MB": 438.60546875,
  "peak_gpu_0_memory_MB": 0,
  "training_duration": "0:00:08.763989",
  "training_start_epoch": 0,
  "training_epochs": 3,
  "epoch": 3,
  "training_accuracy": 0.6165831188185883,
  "training_accuracy3": 0.8073431784311069,
  "training_loss": 2.3074952165285745,
  "training_worker_0_memory_MB": 438.60546875,
  "training_gpu_0_memory_MB": 0.0,
  "validation_accuracy": 0.640964995269631,
  "validation_accuracy3": 0.8036896877956481,
  "validation_loss": 2.2776036858558655,
  "best_validation_accuracy": 0.640964995269631,
  "best_validation_accuracy3": 0.8036896877956481,
  "best_validation_loss": 2.2776036858558655
>>>>>>> d836ce1692fa664e81db2dece590eb0f684bcec4
}