{
<<<<<<< HEAD
    "train_accuracy": 0.7628598717423932,
    "train_accuracy_per_label": {
        ".": 0.9431818181818182,
        "ADJ": 0.5267857142857143,
        "ADP": 0.8829981718464351,
        "ADV": 0.7055837563451777,
        "CONJ": 0.937888198757764,
        "DET": 0.9317647058823529,
        "NOUN": 0.6827380952380953,
        "NUM": 0.28368794326241137,
        "PRON": 0.9266467065868264,
        "PRT": 0.8737864077669902,
        "VERB": 0.7846534653465347,
        "X": 0.4992636229749632,
        "<pad>": 0
    },
    "train_loss": 0.8978351950645447,
    "validation_accuracy": 0.6227944682880305,
    "validation_accuracy_per_label": {
        ".": 0.9236947791164659,
        "ADJ": 0.30303030303030304,
        "ADP": 0.9337748344370861,
        "ADV": 0.5426356589147286,
        "CONJ": 0.9285714285714286,
        "DET": 0.9,
        "NOUN": 0.3634453781512605,
        "NUM": 0.20588235294117646,
        "PRON": 0.9166666666666666,
        "PRT": 0.8771929824561403,
        "VERB": 0.6239554317548747,
        "X": 0.2737430167597765,
        "<pad>": 0
    },
    "validation_loss": 1.1465740203857422,
    "epoch_num": 33
=======
  "best_epoch": 33,
  "peak_worker_0_memory_MB": 471.1328125,
  "peak_gpu_0_memory_MB": 0,
  "training_duration": "0:00:44.150376",
  "training_start_epoch": 0,
  "training_epochs": 33,
  "epoch": 33,
  "training_accuracy": 0.9623357268662783,
  "training_accuracy3": 0.9971548570654383,
  "training_loss": 0.18624451756477356,
  "training_worker_0_memory_MB": 471.1328125,
  "training_gpu_0_memory_MB": 0.0,
  "validation_accuracy": 0.8221381267738883,
  "validation_accuracy3": 0.9309366130558183,
  "validation_loss": 0.5772318094968796,
  "best_validation_accuracy": 0.8221381267738883,
  "best_validation_accuracy3": 0.9309366130558183,
  "best_validation_loss": 0.5772318094968796
>>>>>>> d836ce1692fa664e81db2dece590eb0f684bcec4
}