{
  "best_epoch": 10,
  "peak_worker_0_memory_MB": 458.0625,
  "peak_gpu_0_memory_MB": 0,
  "training_duration": "0:00:16.421077",
  "training_start_epoch": 0,
  "training_epochs": 10,
  "epoch": 10,
  "training_accuracy": 0.832136566860859,
  "training_accuracy3": 0.9360520254708035,
  "training_loss": 1.3558655679225922,
  "training_worker_0_memory_MB": 458.0625,
  "training_gpu_0_memory_MB": 0.0,
  "validation_accuracy": 0.7308420056764428,
  "validation_accuracy3": 0.8694418164616841,
  "validation_loss": 1.4150000512599945,
  "best_validation_accuracy": 0.7308420056764428,
  "best_validation_accuracy3": 0.8694418164616841,
  "best_validation_loss": 1.4150000512599945
}