{
    "train_accuracy": 0.7362532405512349,
    "train_accuracy_per_label": {
        ".": 0.9431818181818182,
        "ADJ": 0.46130952380952384,
        "ADP": 0.8720292504570384,
        "ADV": 0.6294416243654822,
        "CONJ": 0.8695652173913043,
        "DET": 0.9341176470588235,
        "NOUN": 0.6511904761904762,
        "NUM": 0.2765957446808511,
        "PRON": 0.9221556886227545,
        "PRT": 0.8640776699029126,
        "VERB": 0.7458745874587459,
        "X": 0.4683357879234168,
        "<pad>": 0
    },
    "train_loss": 0.9890180826187134,
    "validation_accuracy": 0.6175488793514544,
    "validation_accuracy_per_label": {
        ".": 0.9236947791164659,
        "ADJ": 0.2727272727272727,
        "ADP": 0.9337748344370861,
        "ADV": 0.5271317829457365,
        "CONJ": 0.9285714285714286,
        "DET": 0.9,
        "NOUN": 0.3550420168067227,
        "NUM": 0.20588235294117646,
        "PRON": 0.9166666666666666,
        "PRT": 0.8771929824561403,
        "VERB": 0.6211699164345403,
        "X": 0.2681564245810056,
        "<pad>": 0
    },
    "validation_loss": 1.1961361169815063,
    "epoch_num": 30
}