{
<<<<<<< HEAD
    "train_accuracy": 0.5560103697639515,
    "train_accuracy_per_label": {
        ".": 0.8920454545454546,
        "ADJ": 0.2648809523809524,
        "ADP": 0.7312614259597806,
        "ADV": 0.5279187817258884,
        "CONJ": 0.7701863354037267,
        "DET": 0.8047058823529412,
        "NOUN": 0.33154761904761904,
        "NUM": 0.0425531914893617,
        "PRON": 0.8038922155688623,
        "PRT": 0.9514563106796117,
        "VERB": 0.5478547854785478,
        "X": 0.24594992636229748,
        "<pad>": 0
    },
    "train_loss": 1.5962032079696655,
    "validation_accuracy": 0.5045302813543157,
    "validation_accuracy_per_label": {
        ".": 0.8795180722891566,
        "ADJ": 0.20202020202020202,
        "ADP": 0.7814569536423841,
        "ADV": 0.46511627906976744,
        "CONJ": 0.8571428571428571,
        "DET": 0.8384615384615385,
        "NOUN": 0.21218487394957983,
        "NUM": 0.0,
        "PRON": 0.7604166666666666,
        "PRT": 0.9298245614035088,
        "VERB": 0.46518105849582175,
        "X": 0.16201117318435754,
        "<pad>": 0
    },
    "validation_loss": 1.609866738319397,
    "epoch_num": 15
=======
  "best_epoch": 15,
  "peak_worker_0_memory_MB": 467.53125,
  "peak_gpu_0_memory_MB": 0,
  "training_duration": "0:00:20.167003",
  "training_start_epoch": 0,
  "training_epochs": 15,
  "epoch": 15,
  "training_accuracy": 0.9298198076141444,
  "training_accuracy3": 0.9773743395203902,
  "training_loss": 0.7435479213794073,
  "training_worker_0_memory_MB": 467.53125,
  "training_gpu_0_memory_MB": 0.0,
  "validation_accuracy": 0.7913907284768212,
  "validation_accuracy3": 0.8992431409649952,
  "validation_loss": 0.9418015480041504,
  "best_validation_accuracy": 0.7913907284768212,
  "best_validation_accuracy3": 0.8992431409649952,
  "best_validation_loss": 0.9418015480041504
>>>>>>> d836ce1692fa664e81db2dece590eb0f684bcec4
}