{
<<<<<<< HEAD
    "train_accuracy": 0.3462955382726156,
    "train_accuracy_per_label": {
        ".": 0.7386363636363636,
        "ADJ": 0.09821428571428571,
        "ADP": 0.5813528336380256,
        "ADV": 0.3680203045685279,
        "CONJ": 0.7701863354037267,
        "DET": 0.7647058823529411,
        "NOUN": 0.06547619047619048,
        "NUM": 0.07801418439716312,
        "PRON": 0.405688622754491,
        "PRT": 0.7572815533980582,
        "VERB": 0.22772277227722773,
        "X": 0.17525773195876287,
        "<pad>": 0
    },
    "train_loss": 2.1824145317077637,
    "validation_accuracy": 0.3376251788268956,
    "validation_accuracy_per_label": {
        ".": 0.7349397590361446,
        "ADJ": 0.050505050505050504,
        "ADP": 0.6688741721854304,
        "ADV": 0.3178294573643411,
        "CONJ": 0.8571428571428571,
        "DET": 0.7307692307692307,
        "NOUN": 0.031512605042016806,
        "NUM": 0.029411764705882353,
        "PRON": 0.4635416666666667,
        "PRT": 0.7719298245614035,
        "VERB": 0.20612813370473537,
        "X": 0.1340782122905028,
        "<pad>": 0
    },
    "validation_loss": 2.115922212600708,
    "epoch_num": 5
=======
  "best_epoch": 5,
  "peak_worker_0_memory_MB": 445.54296875,
  "peak_gpu_0_memory_MB": 0,
  "training_duration": "0:00:11.765808",
  "training_start_epoch": 0,
  "training_epochs": 5,
  "epoch": 5,
  "training_accuracy": 0.7791627150792576,
  "training_accuracy3": 0.8973038883620106,
  "training_loss": 2.079951902230581,
  "training_worker_0_memory_MB": 445.54296875,
  "training_gpu_0_memory_MB": 0.0,
  "validation_accuracy": 0.7034058656575213,
  "validation_accuracy3": 0.8434247871333964,
  "validation_loss": 2.0467843413352966,
  "best_validation_accuracy": 0.7034058656575213,
  "best_validation_accuracy3": 0.8434247871333964,
  "best_validation_loss": 2.0467843413352966
>>>>>>> d836ce1692fa664e81db2dece590eb0f684bcec4
}