{
  "best_epoch": 31,
  "peak_worker_0_memory_MB": 471.1328125,
  "peak_gpu_0_memory_MB": 0,
  "training_duration": "0:00:39.933701",
  "training_start_epoch": 0,
  "training_epochs": 31,
  "epoch": 31,
  "training_accuracy": 0.9617937948787427,
  "training_accuracy3": 0.9962064760872511,
  "training_loss": 0.20230737080176672,
  "training_worker_0_memory_MB": 471.1328125,
  "training_gpu_0_memory_MB": 0.0,
  "validation_accuracy": 0.8211920529801324,
  "validation_accuracy3": 0.9290444654683065,
  "validation_loss": 0.5959900170564651,
  "best_validation_accuracy": 0.8211920529801324,
  "best_validation_accuracy3": 0.9290444654683065,
  "best_validation_loss": 0.5959900170564651
}