{
<<<<<<< HEAD
    "train_accuracy": 0.7709100832310002,
    "train_accuracy_per_label": {
        ".": 0.9431818181818182,
        "ADJ": 0.5386904761904762,
        "ADP": 0.8884826325411335,
        "ADV": 0.7106598984771574,
        "CONJ": 0.937888198757764,
        "DET": 0.9317647058823529,
        "NOUN": 0.6988095238095238,
        "NUM": 0.3120567375886525,
        "PRON": 0.9266467065868264,
        "PRT": 0.8737864077669902,
        "VERB": 0.7929042904290429,
        "X": 0.5125184094256259,
        "<pad>": 0
    },
    "train_loss": 0.8693907856941223,
    "validation_accuracy": 0.6232713400095374,
    "validation_accuracy_per_label": {
        ".": 0.9236947791164659,
        "ADJ": 0.30303030303030304,
        "ADP": 0.9337748344370861,
        "ADV": 0.5426356589147286,
        "CONJ": 0.9285714285714286,
        "DET": 0.9,
        "NOUN": 0.3634453781512605,
        "NUM": 0.20588235294117646,
        "PRON": 0.9166666666666666,
        "PRT": 0.8771929824561403,
        "VERB": 0.6267409470752089,
        "X": 0.2737430167597765,
        "<pad>": 0
    },
    "validation_loss": 1.1318401098251343,
    "epoch_num": 34
=======
  "best_epoch": 33,
  "peak_worker_0_memory_MB": 474.54296875,
  "peak_gpu_0_memory_MB": 0,
  "training_duration": "0:00:46.308691",
  "training_start_epoch": 0,
  "training_epochs": 34,
  "epoch": 34,
  "training_accuracy": 0.9623357268662783,
  "training_accuracy3": 0.9971548570654383,
  "training_loss": 0.17878534520665804,
  "training_worker_0_memory_MB": 474.54296875,
  "training_gpu_0_memory_MB": 0.0,
  "validation_accuracy": 0.8221381267738883,
  "validation_accuracy3": 0.9309366130558183,
  "validation_loss": 0.5858829468488693,
  "best_validation_accuracy": 0.8221381267738883,
  "best_validation_accuracy3": 0.9309366130558183,
  "best_validation_loss": 0.5772318094968796
>>>>>>> d836ce1692fa664e81db2dece590eb0f684bcec4
}