{
  "best_epoch": 6,
  "peak_worker_0_memory_MB": 329.33984375,
  "training_duration": "0:00:10.909822",
  "training_start_epoch": 0,
  "training_epochs": 6,
  "epoch": 6,
  "training_accuracy": 0.7978593686492346,
  "training_accuracy3": 0.9093618750846769,
  "training_loss": 1.9297410945097606,
  "training_worker_0_memory_MB": 329.33984375,
  "validation_accuracy": 0.7109744560075686,
  "validation_accuracy3": 0.8566698202459792,
  "validation_loss": 1.9089529812335968,
  "best_validation_accuracy": 0.7109744560075686,
  "best_validation_accuracy3": 0.8566698202459792,
  "best_validation_loss": 1.9089529812335968
}