{
  "best_epoch": 13,
  "peak_worker_0_memory_MB": 334.21875,
  "training_duration": "0:00:21.659372",
  "training_start_epoch": 0,
  "training_epochs": 13,
  "epoch": 13,
  "training_accuracy": 0.9139682969787292,
  "training_accuracy3": 0.9619292778756267,
  "training_loss": 0.9553926835457484,
  "training_worker_0_memory_MB": 334.21875,
  "validation_accuracy": 0.7592242194891201,
  "validation_accuracy3": 0.8902554399243141,
  "validation_loss": 1.0981012880802155,
  "best_validation_accuracy": 0.7592242194891201,
  "best_validation_accuracy3": 0.8902554399243141,
  "best_validation_loss": 1.0981012880802155
}