{
  "best_epoch": 36,
  "peak_worker_0_memory_MB": 342.6171875,
  "training_duration": "0:00:58.297730",
  "training_start_epoch": 0,
  "training_epochs": 36,
  "epoch": 36,
  "training_accuracy": 0.961387345888091,
  "training_accuracy3": 0.9971548570654383,
  "training_loss": 0.16752100735902786,
  "training_worker_0_memory_MB": 342.6171875,
  "validation_accuracy": 0.8211920529801324,
  "validation_accuracy3": 0.9328287606433302,
  "validation_loss": 0.5769877433776855,
  "best_validation_accuracy": 0.8211920529801324,
  "best_validation_accuracy3": 0.9328287606433302,
  "best_validation_loss": 0.5769877433776855
}