{
<<<<<<< HEAD
    "train_accuracy": 0.7125119388729704,
    "train_accuracy_per_label": {
        ".": 0.9318181818181818,
        "ADJ": 0.40476190476190477,
        "ADP": 0.8628884826325411,
        "ADV": 0.6142131979695431,
        "CONJ": 0.8695652173913043,
        "DET": 0.9458823529411765,
        "NOUN": 0.6130952380952381,
        "NUM": 0.2765957446808511,
        "PRON": 0.9011976047904192,
        "PRT": 0.8640776699029126,
        "VERB": 0.7252475247524752,
        "X": 0.41531664212076586,
        "<pad>": 0
    },
    "train_loss": 1.0895326137542725,
    "validation_accuracy": 0.6018121125417263,
    "validation_accuracy_per_label": {
        ".": 0.9076305220883534,
        "ADJ": 0.25252525252525254,
        "ADP": 0.9072847682119205,
        "ADV": 0.5193798449612403,
        "CONJ": 0.9285714285714286,
        "DET": 0.9384615384615385,
        "NOUN": 0.3487394957983193,
        "NUM": 0.20588235294117646,
        "PRON": 0.8541666666666666,
        "PRT": 0.8771929824561403,
        "VERB": 0.596100278551532,
        "X": 0.25139664804469275,
        "<pad>": 0
    },
    "validation_loss": 1.2548185586929321,
    "epoch_num": 27
=======
  "best_epoch": 27,
  "peak_worker_0_memory_MB": 471.1328125,
  "peak_gpu_0_memory_MB": 0,
  "training_duration": "0:00:34.284448",
  "training_start_epoch": 0,
  "training_epochs": 27,
  "epoch": 27,
  "training_accuracy": 0.958948651944181,
  "training_accuracy3": 0.9955290611028316,
  "training_loss": 0.24932382255792618,
  "training_worker_0_memory_MB": 471.1328125,
  "training_gpu_0_memory_MB": 0.0,
  "validation_accuracy": 0.8197729422894986,
  "validation_accuracy3": 0.9257332071901608,
  "validation_loss": 0.6171015202999115,
  "best_validation_accuracy": 0.8197729422894986,
  "best_validation_accuracy3": 0.9257332071901608,
  "best_validation_loss": 0.6171015202999115
>>>>>>> d836ce1692fa664e81db2dece590eb0f684bcec4
}