{
    "train_accuracy": 0.7125119388729704,
    "train_accuracy_per_label": {
        ".": 0.9318181818181818,
        "ADJ": 0.40476190476190477,
        "ADP": 0.8628884826325411,
        "ADV": 0.6142131979695431,
        "CONJ": 0.8695652173913043,
        "DET": 0.9458823529411765,
        "NOUN": 0.6130952380952381,
        "NUM": 0.2765957446808511,
        "PRON": 0.9011976047904192,
        "PRT": 0.8640776699029126,
        "VERB": 0.7252475247524752,
        "X": 0.41531664212076586,
        "<pad>": 0
    },
    "train_loss": 1.0895326137542725,
    "validation_accuracy": 0.6018121125417263,
    "validation_accuracy_per_label": {
        ".": 0.9076305220883534,
        "ADJ": 0.25252525252525254,
        "ADP": 0.9072847682119205,
        "ADV": 0.5193798449612403,
        "CONJ": 0.9285714285714286,
        "DET": 0.9384615384615385,
        "NOUN": 0.3487394957983193,
        "NUM": 0.20588235294117646,
        "PRON": 0.8541666666666666,
        "PRT": 0.8771929824561403,
        "VERB": 0.596100278551532,
        "X": 0.25139664804469275,
        "<pad>": 0
    },
    "validation_loss": 1.2548185586929321,
    "epoch_num": 27
}