{
    "train_accuracy": 0.652749351889753,
    "train_accuracy_per_label": {
        ".": 0.9238636363636363,
        "ADJ": 0.3482142857142857,
        "ADP": 0.8226691042047533,
        "ADV": 0.5761421319796954,
        "CONJ": 0.7701863354037267,
        "DET": 0.9341176470588235,
        "NOUN": 0.5113095238095238,
        "NUM": 0.20567375886524822,
        "PRON": 0.844311377245509,
        "PRT": 0.8640776699029126,
        "VERB": 0.6617161716171617,
        "X": 0.32989690721649484,
        "<pad>": 0
    },
    "train_loss": 1.2796114683151245,
    "validation_accuracy": 0.5674773485932284,
    "validation_accuracy_per_label": {
        ".": 0.9036144578313253,
        "ADJ": 0.23232323232323232,
        "ADP": 0.8410596026490066,
        "ADV": 0.4883720930232558,
        "CONJ": 0.8571428571428571,
        "DET": 0.9384615384615385,
        "NOUN": 0.31092436974789917,
        "NUM": 0.17647058823529413,
        "PRON": 0.7916666666666666,
        "PRT": 0.8771929824561403,
        "VERB": 0.5487465181058496,
        "X": 0.22905027932960895,
        "<pad>": 0
    },
    "validation_loss": 1.3769267797470093,
    "epoch_num": 22
}