{
    "train_accuracy": 0.6774457634056488,
    "train_accuracy_per_label": {
        ".": 0.9295454545454546,
        "ADJ": 0.36904761904761907,
        "ADP": 0.8537477148080439,
        "ADV": 0.6142131979695431,
        "CONJ": 0.7701863354037267,
        "DET": 0.9458823529411765,
        "NOUN": 0.5488095238095239,
        "NUM": 0.20567375886524822,
        "PRON": 0.8637724550898204,
        "PRT": 0.8640776699029126,
        "VERB": 0.6806930693069307,
        "X": 0.3784977908689249,
        "<pad>": 0
    },
    "train_loss": 1.2000707387924194,
    "validation_accuracy": 0.5832141154029566,
    "validation_accuracy_per_label": {
        ".": 0.9076305220883534,
        "ADJ": 0.24242424242424243,
        "ADP": 0.9072847682119205,
        "ADV": 0.49612403100775193,
        "CONJ": 0.8571428571428571,
        "DET": 0.9384615384615385,
        "NOUN": 0.32563025210084034,
        "NUM": 0.17647058823529413,
        "PRON": 0.8125,
        "PRT": 0.8771929824561403,
        "VERB": 0.5682451253481894,
        "X": 0.24022346368715083,
        "<pad>": 0
    },
    "validation_loss": 1.3241018056869507,
    "epoch_num": 24
}