{
    "train_accuracy": 0.3714012825760677,
    "train_accuracy_per_label": {
        ".": 0.7386363636363636,
        "ADJ": 0.13690476190476192,
        "ADP": 0.623400365630713,
        "ADV": 0.37817258883248733,
        "CONJ": 0.7701863354037267,
        "DET": 0.7647058823529411,
        "NOUN": 0.08571428571428572,
        "NUM": 0.0425531914893617,
        "PRON": 0.5104790419161677,
        "PRT": 0.7572815533980582,
        "VERB": 0.25742574257425743,
        "X": 0.18851251840942562,
        "<pad>": 0
    },
    "train_loss": 2.109097719192505,
    "validation_accuracy": 0.3586075345731998,
    "validation_accuracy_per_label": {
        ".": 0.7349397590361446,
        "ADJ": 0.1111111111111111,
        "ADP": 0.6754966887417219,
        "ADV": 0.32558139534883723,
        "CONJ": 0.8571428571428571,
        "DET": 0.7307692307692307,
        "NOUN": 0.05042016806722689,
        "NUM": 0.0,
        "PRON": 0.5572916666666666,
        "PRT": 0.7719298245614035,
        "VERB": 0.22562674094707522,
        "X": 0.15083798882681565,
        "<pad>": 0
    },
    "validation_loss": 2.0494208335876465,
    "epoch_num": 6
}