{
    "train_accuracy": 0.5176695319961796,
    "train_accuracy_per_label": {
        ".": 0.7625,
        "ADJ": 0.03273809523809524,
        "ADP": 0.16819012797074953,
        "ADV": 0.0,
        "CONJ": 0.0,
        "DET": 0.2611764705882353,
        "NOUN": 0.8119047619047619,
        "NUM": 0.0,
        "PRON": 0.5913173652694611,
        "PRT": 0.0,
        "VERB": 0.7301980198019802,
        "X": 0.390279823269514,
        "<pad>": 0
    },
    "train_loss": 1008.1244506835938,
    "validation_accuracy": 0.5264663805436338,
    "validation_accuracy_per_label": {
        ".": 0.8112449799196787,
        "ADJ": 0.020202020202020204,
        "ADP": 0.2582781456953642,
        "ADV": 0.0,
        "CONJ": 0.0,
        "DET": 0.3,
        "NOUN": 0.7899159663865546,
        "NUM": 0.0,
        "PRON": 0.625,
        "PRT": 0.0,
        "VERB": 0.7158774373259053,
        "X": 0.3854748603351955,
        "<pad>": 0
    },
    "validation_loss": 897.8070678710938,
    "epoch_num": 7
}