{
    "train_accuracy": 0.9332787556283259,
    "train_accuracy_per_label": {
        ".": 0.9568181818181818,
        "ADJ": 0.8184523809523809,
        "ADP": 0.9159049360146252,
        "ADV": 0.8756345177664975,
        "CONJ": 0.9130434782608695,
        "DET": 0.9576470588235294,
        "NOUN": 0.944047619047619,
        "NUM": 0.8226950354609929,
        "PRON": 0.9715568862275449,
        "PRT": 0.9223300970873787,
        "VERB": 0.9612211221122112,
        "X": 0.9086892488954345,
        "<pad>": 0
    },
    "train_loss": 173.96524047851562,
    "validation_accuracy": 0.8497854077253219,
    "validation_accuracy_per_label": {
        ".": 0.9518072289156626,
        "ADJ": 0.5555555555555556,
        "ADP": 0.9139072847682119,
        "ADV": 0.7286821705426356,
        "CONJ": 0.9285714285714286,
        "DET": 0.9076923076923077,
        "NOUN": 0.8067226890756303,
        "NUM": 0.7647058823529411,
        "PRON": 0.9427083333333334,
        "PRT": 0.8421052631578947,
        "VERB": 0.8607242339832869,
        "X": 0.8547486033519553,
        "<pad>": 0
    },
    "validation_loss": 293.9073181152344,
    "epoch_num": 32
}