{
    "train_accuracy": 0.8893437030972847,
    "train_accuracy_per_label": {
        ".": 0.9568181818181818,
        "ADJ": 0.6101190476190477,
        "ADP": 0.8921389396709324,
        "ADV": 0.751269035532995,
        "CONJ": 0.8260869565217391,
        "DET": 0.9529411764705882,
        "NOUN": 0.9154761904761904,
        "NUM": 0.6312056737588653,
        "PRON": 0.9595808383233533,
        "PRT": 0.8252427184466019,
        "VERB": 0.9183168316831684,
        "X": 0.8807069219440353,
        "<pad>": 0
    },
    "train_loss": 301.24176025390625,
    "validation_accuracy": 0.8259418216499762,
    "validation_accuracy_per_label": {
        ".": 0.9518072289156626,
        "ADJ": 0.42424242424242425,
        "ADP": 0.9006622516556292,
        "ADV": 0.627906976744186,
        "CONJ": 0.8809523809523809,
        "DET": 0.8769230769230769,
        "NOUN": 0.8088235294117647,
        "NUM": 0.6176470588235294,
        "PRON": 0.9375,
        "PRT": 0.8421052631578947,
        "VERB": 0.8495821727019499,
        "X": 0.8156424581005587,
        "<pad>": 0
    },
    "validation_loss": 361.78131103515625,
    "epoch_num": 22
}