{
    "train_accuracy": 0.6534315732023468,
    "train_accuracy_per_label": {
        ".": 0.9375,
        "ADJ": 0.047619047619047616,
        "ADP": 0.623400365630713,
        "ADV": 0.01015228426395939,
        "CONJ": 0.0,
        "DET": 0.6635294117647059,
        "NOUN": 0.8238095238095238,
        "NUM": 0.0,
        "PRON": 0.7410179640718563,
        "PRT": 0.0048543689320388345,
        "VERB": 0.8094059405940595,
        "X": 0.6774668630338734,
        "<pad>": 0
    },
    "train_loss": 786.9633178710938,
    "validation_accuracy": 0.6394849785407726,
    "validation_accuracy_per_label": {
        ".": 0.9437751004016064,
        "ADJ": 0.030303030303030304,
        "ADP": 0.7086092715231788,
        "ADV": 0.023255813953488372,
        "CONJ": 0.0,
        "DET": 0.6,
        "NOUN": 0.7815126050420168,
        "NUM": 0.0,
        "PRON": 0.765625,
        "PRT": 0.0,
        "VERB": 0.7771587743732591,
        "X": 0.6536312849162011,
        "<pad>": 0
    },
    "validation_loss": 720.0533447265625,
    "epoch_num": 10
}