{
    "train_accuracy": 0.9158138900259244,
    "train_accuracy_per_label": {
        ".": 0.9568181818181818,
        "ADJ": 0.7589285714285714,
        "ADP": 0.9012797074954296,
        "ADV": 0.8527918781725888,
        "CONJ": 0.9130434782608695,
        "DET": 0.9529411764705882,
        "NOUN": 0.9291666666666667,
        "NUM": 0.7659574468085106,
        "PRON": 0.9640718562874252,
        "PRT": 0.8640776699029126,
        "VERB": 0.9389438943894389,
        "X": 0.8910162002945509,
        "<pad>": 0
    },
    "train_loss": 221.39056396484375,
    "validation_accuracy": 0.843109203624225,
    "validation_accuracy_per_label": {
        ".": 0.9518072289156626,
        "ADJ": 0.5252525252525253,
        "ADP": 0.9072847682119205,
        "ADV": 0.7054263565891473,
        "CONJ": 0.9047619047619048,
        "DET": 0.8923076923076924,
        "NOUN": 0.8067226890756303,
        "NUM": 0.6764705882352942,
        "PRON": 0.9427083333333334,
        "PRT": 0.8596491228070176,
        "VERB": 0.8579387186629527,
        "X": 0.8491620111731844,
        "<pad>": 0
    },
    "validation_loss": 315.41986083984375,
    "epoch_num": 27
}