{
    "train_accuracy": 0.5669259107654523,
    "train_accuracy_per_label": {
        ".": 0.8511363636363637,
        "ADJ": 0.02976190476190476,
        "ADP": 0.31992687385740404,
        "ADV": 0.0,
        "CONJ": 0.0,
        "DET": 0.4188235294117647,
        "NOUN": 0.8125,
        "NUM": 0.0,
        "PRON": 0.6317365269461078,
        "PRT": 0.0,
        "VERB": 0.7508250825082509,
        "X": 0.5095729013254786,
        "<pad>": 0
    },
    "train_loss": 929.881591796875,
    "validation_accuracy": 0.5712923223652837,
    "validation_accuracy_per_label": {
        ".": 0.8714859437751004,
        "ADJ": 0.020202020202020204,
        "ADP": 0.4304635761589404,
        "ADV": 0.0,
        "CONJ": 0.0,
        "DET": 0.4307692307692308,
        "NOUN": 0.7899159663865546,
        "NUM": 0.0,
        "PRON": 0.6666666666666666,
        "PRT": 0.0,
        "VERB": 0.7437325905292479,
        "X": 0.4860335195530726,
        "<pad>": 0
    },
    "validation_loss": 833.5307006835938,
    "epoch_num": 8
}