{
    "train_accuracy": 0.6837221994815118,
    "train_accuracy_per_label": {
        ".": 0.9431818181818182,
        "ADJ": 0.08035714285714286,
        "ADP": 0.7038391224862889,
        "ADV": 0.017766497461928935,
        "CONJ": 0.0,
        "DET": 0.7552941176470588,
        "NOUN": 0.8363095238095238,
        "NUM": 0.028368794326241134,
        "PRON": 0.7874251497005988,
        "PRT": 0.014563106796116505,
        "VERB": 0.8217821782178217,
        "X": 0.7466863033873343,
        "<pad>": 0
    },
    "train_loss": 724.4922485351562,
    "validation_accuracy": 0.6609442060085837,
    "validation_accuracy_per_label": {
        ".": 0.9437751004016064,
        "ADJ": 0.030303030303030304,
        "ADP": 0.7417218543046358,
        "ADV": 0.031007751937984496,
        "CONJ": 0.0,
        "DET": 0.7307692307692307,
        "NOUN": 0.7836134453781513,
        "NUM": 0.029411764705882353,
        "PRON": 0.7760416666666666,
        "PRT": 0.08771929824561403,
        "VERB": 0.7938718662952646,
        "X": 0.6927374301675978,
        "<pad>": 0
    },
    "validation_loss": 671.240234375,
    "epoch_num": 11
}