{
    "train_accuracy": 0.8548233046800382,
    "train_accuracy_per_label": {
        ".": 0.9534090909090909,
        "ADJ": 0.49702380952380953,
        "ADP": 0.8628884826325411,
        "ADV": 0.5761421319796954,
        "CONJ": 0.6211180124223602,
        "DET": 0.9317647058823529,
        "NOUN": 0.9047619047619048,
        "NUM": 0.5673758865248227,
        "PRON": 0.9341317365269461,
        "PRT": 0.7864077669902912,
        "VERB": 0.8976897689768977,
        "X": 0.8689248895434463,
        "<pad>": 0
    },
    "train_loss": 376.9940185546875,
    "validation_accuracy": 0.804959465903672,
    "validation_accuracy_per_label": {
        ".": 0.9518072289156626,
        "ADJ": 0.35353535353535354,
        "ADP": 0.8874172185430463,
        "ADV": 0.5348837209302325,
        "CONJ": 0.5952380952380952,
        "DET": 0.8538461538461538,
        "NOUN": 0.8151260504201681,
        "NUM": 0.5588235294117647,
        "PRON": 0.9166666666666666,
        "PRT": 0.8245614035087719,
        "VERB": 0.8495821727019499,
        "X": 0.7932960893854749,
        "<pad>": 0
    },
    "validation_loss": 411.2121276855469,
    "epoch_num": 19
}