{
    "train_accuracy": 0.9439214081047892,
    "train_accuracy_per_label": {
        ".": 0.9613636363636363,
        "ADJ": 0.8660714285714286,
        "ADP": 0.9213893967093236,
        "ADV": 0.8883248730964467,
        "CONJ": 0.9254658385093167,
        "DET": 0.96,
        "NOUN": 0.9511904761904761,
        "NUM": 0.8652482269503546,
        "PRON": 0.9775449101796407,
        "PRT": 0.9466019417475728,
        "VERB": 0.9686468646864687,
        "X": 0.9248895434462445,
        "<pad>": 0
    },
    "train_loss": 142.59429931640625,
    "validation_accuracy": 0.8521697663328565,
    "validation_accuracy_per_label": {
        ".": 0.9558232931726908,
        "ADJ": 0.5959595959595959,
        "ADP": 0.9139072847682119,
        "ADV": 0.7286821705426356,
        "CONJ": 0.9285714285714286,
        "DET": 0.9230769230769231,
        "NOUN": 0.8046218487394958,
        "NUM": 0.7647058823529411,
        "PRON": 0.9479166666666666,
        "PRT": 0.8421052631578947,
        "VERB": 0.8579387186629527,
        "X": 0.8491620111731844,
        "<pad>": 0
    },
    "validation_loss": 284.3742370605469,
    "epoch_num": 37
}