{
    "train_accuracy": 0.8711966161822895,
    "train_accuracy_per_label": {
        ".": 0.9545454545454546,
        "ADJ": 0.5416666666666666,
        "ADP": 0.8775137111517367,
        "ADV": 0.6776649746192893,
        "CONJ": 0.6956521739130435,
        "DET": 0.9435294117647058,
        "NOUN": 0.9089285714285714,
        "NUM": 0.6028368794326241,
        "PRON": 0.9491017964071856,
        "PRT": 0.8058252427184466,
        "VERB": 0.905940594059406,
        "X": 0.8733431516936672,
        "<pad>": 0
    },
    "train_loss": 348.8095397949219,
    "validation_accuracy": 0.8135431568907964,
    "validation_accuracy_per_label": {
        ".": 0.9518072289156626,
        "ADJ": 0.3939393939393939,
        "ADP": 0.8874172185430463,
        "ADV": 0.6046511627906976,
        "CONJ": 0.6904761904761905,
        "DET": 0.8538461538461538,
        "NOUN": 0.8088235294117647,
        "NUM": 0.6176470588235294,
        "PRON": 0.921875,
        "PRT": 0.8421052631578947,
        "VERB": 0.8495821727019499,
        "X": 0.7932960893854749,
        "<pad>": 0
    },
    "validation_loss": 392.3640441894531,
    "epoch_num": 20
}