{
    "train_accuracy": 0.9044890162368673,
    "train_accuracy_per_label": {
        ".": 0.9568181818181818,
        "ADJ": 0.6815476190476191,
        "ADP": 0.8976234003656307,
        "ADV": 0.8121827411167513,
        "CONJ": 0.8819875776397516,
        "DET": 0.9529411764705882,
        "NOUN": 0.9202380952380952,
        "NUM": 0.7163120567375887,
        "PRON": 0.9625748502994012,
        "PRT": 0.8398058252427184,
        "VERB": 0.933993399339934,
        "X": 0.8910162002945509,
        "<pad>": 0
    },
    "train_loss": 263.7226867675781,
    "validation_accuracy": 0.8354792560801144,
    "validation_accuracy_per_label": {
        ".": 0.9518072289156626,
        "ADJ": 0.494949494949495,
        "ADP": 0.9006622516556292,
        "ADV": 0.6744186046511628,
        "CONJ": 0.8809523809523809,
        "DET": 0.8846153846153846,
        "NOUN": 0.8088235294117647,
        "NUM": 0.6470588235294118,
        "PRON": 0.9427083333333334,
        "PRT": 0.8596491228070176,
        "VERB": 0.8551532033426184,
        "X": 0.8212290502793296,
        "<pad>": 0
    },
    "validation_loss": 338.98321533203125,
    "epoch_num": 24
}