{
    "train_accuracy": 0.8968481375358166,
    "train_accuracy_per_label": {
        ".": 0.9568181818181818,
        "ADJ": 0.6428571428571429,
        "ADP": 0.8921389396709324,
        "ADV": 0.7842639593908629,
        "CONJ": 0.8509316770186336,
        "DET": 0.9529411764705882,
        "NOUN": 0.9184523809523809,
        "NUM": 0.6879432624113475,
        "PRON": 0.9610778443113772,
        "PRT": 0.8398058252427184,
        "VERB": 0.9232673267326733,
        "X": 0.8865979381443299,
        "<pad>": 0
    },
    "train_loss": 281.36956787109375,
    "validation_accuracy": 0.8335717691940868,
    "validation_accuracy_per_label": {
        ".": 0.9518072289156626,
        "ADJ": 0.47474747474747475,
        "ADP": 0.9006622516556292,
        "ADV": 0.6434108527131783,
        "CONJ": 0.8809523809523809,
        "DET": 0.8846153846153846,
        "NOUN": 0.8109243697478992,
        "NUM": 0.6470588235294118,
        "PRON": 0.9427083333333334,
        "PRT": 0.8596491228070176,
        "VERB": 0.8579387186629527,
        "X": 0.8212290502793296,
        "<pad>": 0
    },
    "validation_loss": 349.5316467285156,
    "epoch_num": 23
}