{
    "train_accuracy": 0.8819757129212716,
    "train_accuracy_per_label": {
        ".": 0.9568181818181818,
        "ADJ": 0.5922619047619048,
        "ADP": 0.8829981718464351,
        "ADV": 0.7309644670050761,
        "CONJ": 0.7577639751552795,
        "DET": 0.9435294117647058,
        "NOUN": 0.9107142857142857,
        "NUM": 0.6312056737588653,
        "PRON": 0.9565868263473054,
        "PRT": 0.8155339805825242,
        "VERB": 0.9141914191419142,
        "X": 0.8762886597938144,
        "<pad>": 0
    },
    "train_loss": 323.6331481933594,
    "validation_accuracy": 0.8183118741058655,
    "validation_accuracy_per_label": {
        ".": 0.9518072289156626,
        "ADJ": 0.40404040404040403,
        "ADP": 0.8874172185430463,
        "ADV": 0.6046511627906976,
        "CONJ": 0.7857142857142857,
        "DET": 0.8692307692307693,
        "NOUN": 0.8088235294117647,
        "NUM": 0.6176470588235294,
        "PRON": 0.9270833333333334,
        "PRT": 0.8421052631578947,
        "VERB": 0.8467966573816156,
        "X": 0.8100558659217877,
        "<pad>": 0
    },
    "validation_loss": 375.9736328125,
    "epoch_num": 21
}