{
    "train_accuracy": 0.9092645654250239,
    "train_accuracy_per_label": {
        ".": 0.9568181818181818,
        "ADJ": 0.7113095238095238,
        "ADP": 0.8976234003656307,
        "ADV": 0.8375634517766497,
        "CONJ": 0.8881987577639752,
        "DET": 0.9529411764705882,
        "NOUN": 0.9238095238095239,
        "NUM": 0.7304964539007093,
        "PRON": 0.9640718562874252,
        "PRT": 0.8495145631067961,
        "VERB": 0.9364686468646864,
        "X": 0.8910162002945509,
        "<pad>": 0
    },
    "train_loss": 248.01551818847656,
    "validation_accuracy": 0.8373867429661421,
    "validation_accuracy_per_label": {
        ".": 0.9518072289156626,
        "ADJ": 0.494949494949495,
        "ADP": 0.9072847682119205,
        "ADV": 0.6821705426356589,
        "CONJ": 0.9047619047619048,
        "DET": 0.8923076923076924,
        "NOUN": 0.8046218487394958,
        "NUM": 0.6176470588235294,
        "PRON": 0.9427083333333334,
        "PRT": 0.8596491228070176,
        "VERB": 0.8551532033426184,
        "X": 0.8379888268156425,
        "<pad>": 0
    },
    "validation_loss": 329.91021728515625,
    "epoch_num": 25
}