{
    "train_accuracy": 0.3390639923591213,
    "train_accuracy_per_label": {
        ".": 0.24204545454545454,
        "ADJ": 0.017857142857142856,
        "ADP": 0.0,
        "ADV": 0.0,
        "CONJ": 0.0,
        "DET": 0.0,
        "NOUN": 0.7291666666666666,
        "NUM": 0.0,
        "PRON": 0.15568862275449102,
        "PRT": 0.0,
        "VERB": 0.75,
        "X": 0.041237113402061855,
        "<pad>": 0
    },
    "train_loss": 1247.0433349609375,
    "validation_accuracy": 0.3671912255603243,
    "validation_accuracy_per_label": {
        ".": 0.36947791164658633,
        "ADJ": 0.020202020202020204,
        "ADP": 0.0,
        "ADV": 0.0,
        "CONJ": 0.0,
        "DET": 0.0,
        "NOUN": 0.7394957983193278,
        "NUM": 0.0,
        "PRON": 0.23958333333333334,
        "PRT": 0.0,
        "VERB": 0.7325905292479109,
        "X": 0.08379888268156424,
        "<pad>": 0
    },
    "validation_loss": 1101.521484375,
    "epoch_num": 4
}