{
    "train_accuracy": 0.7593123209169055,
    "train_accuracy_per_label": {
        ".": 0.95,
        "ADJ": 0.2648809523809524,
        "ADP": 0.793418647166362,
        "ADV": 0.1649746192893401,
        "CONJ": 0.043478260869565216,
        "DET": 0.8941176470588236,
        "NOUN": 0.8761904761904762,
        "NUM": 0.2978723404255319,
        "PRON": 0.8787425149700598,
        "PRT": 0.22330097087378642,
        "VERB": 0.8622112211221122,
        "X": 0.8276877761413843,
        "<pad>": 0
    },
    "train_loss": 522.3580322265625,
    "validation_accuracy": 0.7286599904625656,
    "validation_accuracy_per_label": {
        ".": 0.9477911646586346,
        "ADJ": 0.21212121212121213,
        "ADP": 0.7880794701986755,
        "ADV": 0.10852713178294573,
        "CONJ": 0.09523809523809523,
        "DET": 0.8615384615384616,
        "NOUN": 0.8172268907563025,
        "NUM": 0.29411764705882354,
        "PRON": 0.890625,
        "PRT": 0.3508771929824561,
        "VERB": 0.83008356545961,
        "X": 0.7486033519553073,
        "<pad>": 0
    },
    "validation_loss": 515.5972900390625,
    "epoch_num": 15
}