{
    "train_accuracy": 0.9672883704815799,
    "train_accuracy_per_label": {
        "B-company": 0.7089552238805971,
        "B-facility": 0.14473684210526316,
        "B-geo-loc": 0.7587939698492462,
        "B-movie": 0.0,
        "B-musicartist": 0.047619047619047616,
        "B-other": 0.2222222222222222,
        "B-person": 0.831858407079646,
        "B-product": 0.5769230769230769,
        "B-sportsteam": 0.45,
        "B-tvshow": 0.0,
        "I-company": 0.06896551724137931,
        "I-facility": 0.28,
        "I-geo-loc": 0.08571428571428572,
        "I-movie": 0.0,
        "I-musicartist": 0.021739130434782608,
        "I-other": 0.16317991631799164,
        "I-person": 0.46405228758169936,
        "I-product": 0.09375,
        "I-sportsteam": 0.15789473684210525,
        "I-tvshow": 0.0,
        "O": 0.9974086945917932,
        "<pad>": 0
    },
    "train_loss": 0.1750972419977188,
    "validation_accuracy": 0.9346576058546785,
    "validation_accuracy_per_label": {
        "B-company": 0.4444444444444444,
        "B-facility": 0.0,
        "B-geo-loc": 0.5584415584415584,
        "B-movie": 0.0,
        "B-musicartist": 0.07692307692307693,
        "B-other": 0.06349206349206349,
        "B-person": 0.7037037037037037,
        "B-product": 0.2631578947368421,
        "B-sportsteam": 0.18181818181818182,
        "B-tvshow": 0.0,
        "I-company": 0.0,
        "I-facility": 0.1724137931034483,
        "I-geo-loc": 0.0,
        "I-movie": 0.0,
        "I-musicartist": 0.0,
        "I-other": 0.06172839506172839,
        "I-person": 0.18032786885245902,
        "I-product": 0.0,
        "I-sportsteam": 0.0,
        "I-tvshow": 0.0,
        "O": 0.9726443768996961,
        "<pad>": 0
    },
    "validation_loss": 0.3330593705177307,
    "epoch_num": 19,
    "run_time": "0:01:18.702072"
}