{
    "train_accuracy": 0.92178658043654,
    "train_accuracy_per_label": {
        "B-company": 0.22388059701492538,
        "B-facility": 0.0,
        "B-geo-loc": 0.05025125628140704,
        "B-movie": 0.0,
        "B-musicartist": 0.0,
        "B-other": 0.043209876543209874,
        "B-person": 0.2359882005899705,
        "B-product": 0.11538461538461539,
        "B-sportsteam": 0.1,
        "B-tvshow": 0.0,
        "I-company": 0.0,
        "I-facility": 0.0,
        "I-geo-loc": 0.0,
        "I-movie": 0.0,
        "I-musicartist": 0.021739130434782608,
        "I-other": 0.008368200836820083,
        "I-person": 0.09803921568627451,
        "I-product": 0.0,
        "I-sportsteam": 0.0,
        "I-tvshow": 0.0,
        "O": 0.9685080178037925,
        "<pad>": 0
    },
    "train_loss": 0.5991396307945251,
    "validation_accuracy": 0.9145321484579195,
    "validation_accuracy_per_label": {
        "B-company": 0.2222222222222222,
        "B-facility": 0.03571428571428571,
        "B-geo-loc": 0.025974025974025976,
        "B-movie": 0.0,
        "B-musicartist": 0.0,
        "B-other": 0.015873015873015872,
        "B-person": 0.18518518518518517,
        "B-product": 0.15789473684210525,
        "B-sportsteam": 0.0,
        "B-tvshow": 0.0,
        "I-company": 0.0,
        "I-facility": 0.0,
        "I-geo-loc": 0.0,
        "I-movie": 0.0,
        "I-musicartist": 0.0,
        "I-other": 0.0,
        "I-person": 0.13114754098360656,
        "I-product": 0.0,
        "I-sportsteam": 0.0,
        "I-tvshow": 0.0,
        "O": 0.9628810905406651,
        "<pad>": 0
    },
    "validation_loss": 0.5672838091850281,
    "epoch_num": 3
}