{
    "train_accuracy": 0.9590888093313316,
    "train_accuracy_per_label": {
        "B-company": 0.6194029850746269,
        "B-facility": 0.02631578947368421,
        "B-geo-loc": 0.6482412060301508,
        "B-movie": 0.0,
        "B-musicartist": 0.0,
        "B-other": 0.08641975308641975,
        "B-person": 0.7846607669616519,
        "B-product": 0.44871794871794873,
        "B-sportsteam": 0.3,
        "B-tvshow": 0.0,
        "I-company": 0.034482758620689655,
        "I-facility": 0.09333333333333334,
        "I-geo-loc": 0.0,
        "I-movie": 0.0,
        "I-musicartist": 0.021739130434782608,
        "I-other": 0.11297071129707113,
        "I-person": 0.24183006535947713,
        "I-product": 0.046875,
        "I-sportsteam": 0.10526315789473684,
        "I-tvshow": 0.0,
        "O": 0.9938418389122614,
        "<pad>": 0
    },
    "train_loss": 0.22281907498836517,
    "validation_accuracy": 0.9351803450078411,
    "validation_accuracy_per_label": {
        "B-company": 0.4722222222222222,
        "B-facility": 0.03571428571428571,
        "B-geo-loc": 0.4805194805194805,
        "B-movie": 0.0,
        "B-musicartist": 0.0,
        "B-other": 0.031746031746031744,
        "B-person": 0.7037037037037037,
        "B-product": 0.2631578947368421,
        "B-sportsteam": 0.09090909090909091,
        "B-tvshow": 0.0,
        "I-company": 0.0,
        "I-facility": 0.13793103448275862,
        "I-geo-loc": 0.0,
        "I-movie": 0.0,
        "I-musicartist": 0.0,
        "I-other": 0.06172839506172839,
        "I-person": 0.18032786885245902,
        "I-product": 0.0,
        "I-sportsteam": 0.0,
        "I-tvshow": 0.0,
        "O": 0.974025974025974,
        "<pad>": 0
    },
    "validation_loss": 0.3492293357849121,
    "epoch_num": 13
}