{
    "train_accuracy": 0.9609365977595565,
    "train_accuracy_per_label": {
        "B-company": 0.6417910447761194,
        "B-facility": 0.05263157894736842,
        "B-geo-loc": 0.6934673366834171,
        "B-movie": 0.0,
        "B-musicartist": 0.0,
        "B-other": 0.09876543209876543,
        "B-person": 0.7846607669616519,
        "B-product": 0.48717948717948717,
        "B-sportsteam": 0.325,
        "B-tvshow": 0.0,
        "I-company": 0.06896551724137931,
        "I-facility": 0.10666666666666667,
        "I-geo-loc": 0.0,
        "I-movie": 0.0,
        "I-musicartist": 0.021739130434782608,
        "I-other": 0.12552301255230125,
        "I-person": 0.3006535947712418,
        "I-product": 0.0625,
        "I-sportsteam": 0.10526315789473684,
        "I-tvshow": 0.0,
        "O": 0.9947259313456497,
        "<pad>": 0
    },
    "train_loss": 0.21287690103054047,
    "validation_accuracy": 0.9350060986234535,
    "validation_accuracy_per_label": {
        "B-company": 0.4722222222222222,
        "B-facility": 0.03571428571428571,
        "B-geo-loc": 0.4935064935064935,
        "B-movie": 0.0,
        "B-musicartist": 0.0,
        "B-other": 0.031746031746031744,
        "B-person": 0.7037037037037037,
        "B-product": 0.2631578947368421,
        "B-sportsteam": 0.09090909090909091,
        "B-tvshow": 0.0,
        "I-company": 0.0,
        "I-facility": 0.13793103448275862,
        "I-geo-loc": 0.0,
        "I-movie": 0.0,
        "I-musicartist": 0.0,
        "I-other": 0.06172839506172839,
        "I-person": 0.18032786885245902,
        "I-product": 0.0,
        "I-sportsteam": 0.0,
        "I-tvshow": 0.0,
        "O": 0.9737496546007184,
        "<pad>": 0
    },
    "validation_loss": 0.34511667490005493,
    "epoch_num": 14
}