{
    "train_accuracy": 0.9647187896985795,
    "train_accuracy_per_label": {
        "B-company": 0.6567164179104478,
        "B-facility": 0.10526315789473684,
        "B-geo-loc": 0.7336683417085427,
        "B-movie": 0.0,
        "B-musicartist": 0.023809523809523808,
        "B-other": 0.1728395061728395,
        "B-person": 0.8112094395280236,
        "B-product": 0.5769230769230769,
        "B-sportsteam": 0.375,
        "B-tvshow": 0.0,
        "I-company": 0.06896551724137931,
        "I-facility": 0.21333333333333335,
        "I-geo-loc": 0.08571428571428572,
        "I-movie": 0.0,
        "I-musicartist": 0.021739130434782608,
        "I-other": 0.1506276150627615,
        "I-person": 0.37254901960784315,
        "I-product": 0.078125,
        "I-sportsteam": 0.15789473684210525,
        "I-tvshow": 0.0,
        "O": 0.9964331443204683,
        "<pad>": 0
    },
    "train_loss": 0.1882970780134201,
    "validation_accuracy": 0.9346576058546785,
    "validation_accuracy_per_label": {
        "B-company": 0.4444444444444444,
        "B-facility": 0.0,
        "B-geo-loc": 0.5454545454545454,
        "B-movie": 0.0,
        "B-musicartist": 0.0,
        "B-other": 0.06349206349206349,
        "B-person": 0.7037037037037037,
        "B-product": 0.2631578947368421,
        "B-sportsteam": 0.18181818181818182,
        "B-tvshow": 0.0,
        "I-company": 0.0,
        "I-facility": 0.13793103448275862,
        "I-geo-loc": 0.0,
        "I-movie": 0.0,
        "I-musicartist": 0.0,
        "I-other": 0.06172839506172839,
        "I-person": 0.18032786885245902,
        "I-product": 0.0,
        "I-sportsteam": 0.0,
        "I-tvshow": 0.0,
        "O": 0.9729206963249516,
        "<pad>": 0
    },
    "validation_loss": 0.3365074396133423,
    "epoch_num": 17
}