{
    "train_accuracy": 0.9452881395080264,
    "train_accuracy_per_label": {
        "B-company": 0.48507462686567165,
        "B-facility": 0.013157894736842105,
        "B-geo-loc": 0.23618090452261306,
        "B-movie": 0.0,
        "B-musicartist": 0.0,
        "B-other": 0.043209876543209874,
        "B-person": 0.6873156342182891,
        "B-product": 0.19230769230769232,
        "B-sportsteam": 0.225,
        "B-tvshow": 0.0,
        "I-company": 0.0,
        "I-facility": 0.0,
        "I-geo-loc": 0.0,
        "I-movie": 0.0,
        "I-musicartist": 0.021739130434782608,
        "I-other": 0.04184100418410042,
        "I-person": 0.026143790849673203,
        "I-product": 0.03125,
        "I-sportsteam": 0.0,
        "I-tvshow": 0.0,
        "O": 0.9861288945795988,
        "<pad>": 0
    },
    "train_loss": 0.32205498218536377,
    "validation_accuracy": 0.9279491200557588,
    "validation_accuracy_per_label": {
        "B-company": 0.4722222222222222,
        "B-facility": 0.03571428571428571,
        "B-geo-loc": 0.1038961038961039,
        "B-movie": 0.0,
        "B-musicartist": 0.0,
        "B-other": 0.015873015873015872,
        "B-person": 0.6111111111111112,
        "B-product": 0.21052631578947367,
        "B-sportsteam": 0.09090909090909091,
        "B-tvshow": 0.0,
        "I-company": 0.0,
        "I-facility": 0.0,
        "I-geo-loc": 0.0,
        "I-movie": 0.0,
        "I-musicartist": 0.0,
        "I-other": 0.024691358024691357,
        "I-person": 0.01639344262295082,
        "I-product": 0.0,
        "I-sportsteam": 0.0,
        "I-tvshow": 0.0,
        "O": 0.9717233121488441,
        "<pad>": 0
    },
    "validation_loss": 0.4015274941921234,
    "epoch_num": 7
}