{
    "train_accuracy": 0.9298129114216422,
    "train_accuracy_per_label": {
        "B-company": 0.27611940298507465,
        "B-facility": 0.013157894736842105,
        "B-geo-loc": 0.06532663316582915,
        "B-movie": 0.0,
        "B-musicartist": 0.0,
        "B-other": 0.05555555555555555,
        "B-person": 0.35398230088495575,
        "B-product": 0.15384615384615385,
        "B-sportsteam": 0.15,
        "B-tvshow": 0.0,
        "I-company": 0.0,
        "I-facility": 0.0,
        "I-geo-loc": 0.0,
        "I-movie": 0.0,
        "I-musicartist": 0.021739130434782608,
        "I-other": 0.03347280334728033,
        "I-person": 0.09803921568627451,
        "I-product": 0.0,
        "I-sportsteam": 0.0,
        "I-tvshow": 0.0,
        "O": 0.9750320102432779,
        "<pad>": 0
    },
    "train_loss": 0.46811261773109436,
    "validation_accuracy": 0.9188883080676076,
    "validation_accuracy_per_label": {
        "B-company": 0.3333333333333333,
        "B-facility": 0.03571428571428571,
        "B-geo-loc": 0.025974025974025976,
        "B-movie": 0.0,
        "B-musicartist": 0.0,
        "B-other": 0.015873015873015872,
        "B-person": 0.3148148148148148,
        "B-product": 0.15789473684210525,
        "B-sportsteam": 0.0,
        "B-tvshow": 0.0,
        "I-company": 0.0,
        "I-facility": 0.0,
        "I-geo-loc": 0.0,
        "I-movie": 0.0,
        "I-musicartist": 0.0,
        "I-other": 0.012345679012345678,
        "I-person": 0.01639344262295082,
        "I-product": 0.0,
        "I-sportsteam": 0.0,
        "I-tvshow": 0.0,
        "O": 0.9663811365939026,
        "<pad>": 0
    },
    "validation_loss": 0.48954665660858154,
    "epoch_num": 4
}