{
    "train_accuracy": 0.9357893521191823,
    "train_accuracy_per_label": {
        "B-company": 0.40298507462686567,
        "B-facility": 0.013157894736842105,
        "B-geo-loc": 0.12562814070351758,
        "B-movie": 0.0,
        "B-musicartist": 0.0,
        "B-other": 0.05555555555555555,
        "B-person": 0.4778761061946903,
        "B-product": 0.1282051282051282,
        "B-sportsteam": 0.15,
        "B-tvshow": 0.0,
        "I-company": 0.0,
        "I-facility": 0.0,
        "I-geo-loc": 0.0,
        "I-movie": 0.0,
        "I-musicartist": 0.021739130434782608,
        "I-other": 0.03347280334728033,
        "I-person": 0.0196078431372549,
        "I-product": 0.03125,
        "I-sportsteam": 0.0,
        "I-tvshow": 0.0,
        "O": 0.9795439302481556,
        "<pad>": 0
    },
    "train_loss": 0.3981199264526367,
    "validation_accuracy": 0.9228959749085206,
    "validation_accuracy_per_label": {
        "B-company": 0.4444444444444444,
        "B-facility": 0.03571428571428571,
        "B-geo-loc": 0.1038961038961039,
        "B-movie": 0.0,
        "B-musicartist": 0.0,
        "B-other": 0.015873015873015872,
        "B-person": 0.4351851851851852,
        "B-product": 0.15789473684210525,
        "B-sportsteam": 0.0,
        "B-tvshow": 0.0,
        "I-company": 0.0,
        "I-facility": 0.0,
        "I-geo-loc": 0.0,
        "I-movie": 0.0,
        "I-musicartist": 0.0,
        "I-other": 0.012345679012345678,
        "I-person": 0.01639344262295082,
        "I-product": 0.0,
        "I-sportsteam": 0.0,
        "I-tvshow": 0.0,
        "O": 0.9684995855208621,
        "<pad>": 0
    },
    "validation_loss": 0.4473022520542145,
    "epoch_num": 5
}