{
    "train_accuracy": 0.4583958886707472,
    "train_accuracy_per_label": {
        "B-company": 0.0,
        "B-facility": 0.0,
        "B-geo-loc": 0.07035175879396985,
        "B-movie": 0.0,
        "B-musicartist": 0.0,
        "B-other": 0.06172839506172839,
        "B-person": 0.011799410029498525,
        "B-product": 0.0,
        "B-sportsteam": 0.125,
        "B-tvshow": 0.0,
        "I-company": 0.034482758620689655,
        "I-facility": 0.0,
        "I-geo-loc": 0.0,
        "I-movie": 0.02857142857142857,
        "I-musicartist": 0.0,
        "I-other": 0.0041841004184100415,
        "I-person": 0.2549019607843137,
        "I-product": 0.046875,
        "I-sportsteam": 0.0,
        "I-tvshow": 0.0,
        "O": 0.48164746052069995,
        "<pad>": 0
    },
    "train_loss": 2.5605506896972656,
    "validation_accuracy": 0.823924028576407,
    "validation_accuracy_per_label": {
        "B-company": 0.0,
        "B-facility": 0.03571428571428571,
        "B-geo-loc": 0.025974025974025976,
        "B-movie": 0.0,
        "B-musicartist": 0.0,
        "B-other": 0.031746031746031744,
        "B-person": 0.009259259259259259,
        "B-product": 0.0,
        "B-sportsteam": 0.0,
        "B-tvshow": 0.0,
        "I-company": 0.2857142857142857,
        "I-facility": 0.0,
        "I-geo-loc": 0.0,
        "I-movie": 0.0,
        "I-musicartist": 0.0,
        "I-other": 0.0,
        "I-person": 0.2459016393442623,
        "I-product": 0.0,
        "I-sportsteam": 0.0,
        "I-tvshow": 0.0,
        "O": 0.8689324859537626,
        "<pad>": 0
    },
    "validation_loss": 1.9430609941482544,
    "epoch_num": 0
}