{
    "train_accuracy": 0.9480598221503638,
    "train_accuracy_per_label": {
        "B-company": 0.5,
        "B-facility": 0.013157894736842105,
        "B-geo-loc": 0.3165829145728643,
        "B-movie": 0.0,
        "B-musicartist": 0.0,
        "B-other": 0.043209876543209874,
        "B-person": 0.6991150442477876,
        "B-product": 0.2692307692307692,
        "B-sportsteam": 0.25,
        "B-tvshow": 0.0,
        "I-company": 0.0,
        "I-facility": 0.0,
        "I-geo-loc": 0.0,
        "I-movie": 0.0,
        "I-musicartist": 0.021739130434782608,
        "I-other": 0.04184100418410042,
        "I-person": 0.032679738562091505,
        "I-product": 0.03125,
        "I-sportsteam": 0.0,
        "I-tvshow": 0.0,
        "O": 0.9881409670142065,
        "<pad>": 0
    },
    "train_loss": 0.2975393533706665,
    "validation_accuracy": 0.9294302143230528,
    "validation_accuracy_per_label": {
        "B-company": 0.4722222222222222,
        "B-facility": 0.03571428571428571,
        "B-geo-loc": 0.15584415584415584,
        "B-movie": 0.0,
        "B-musicartist": 0.0,
        "B-other": 0.015873015873015872,
        "B-person": 0.6296296296296297,
        "B-product": 0.21052631578947367,
        "B-sportsteam": 0.09090909090909091,
        "B-tvshow": 0.0,
        "I-company": 0.0,
        "I-facility": 0.0,
        "I-geo-loc": 0.0,
        "I-movie": 0.0,
        "I-musicartist": 0.0,
        "I-other": 0.024691358024691357,
        "I-person": 0.01639344262295082,
        "I-product": 0.0,
        "I-sportsteam": 0.0,
        "I-tvshow": 0.0,
        "O": 0.9727364833747812,
        "<pad>": 0
    },
    "validation_loss": 0.3873480260372162,
    "epoch_num": 8
}