{
    "train_accuracy": 0.9660468876313663,
    "train_accuracy_per_label": {
        "B-company": 0.6865671641791045,
        "B-facility": 0.14473684210526316,
        "B-geo-loc": 0.7487437185929648,
        "B-movie": 0.0,
        "B-musicartist": 0.047619047619047616,
        "B-other": 0.19753086419753085,
        "B-person": 0.8171091445427728,
        "B-product": 0.5769230769230769,
        "B-sportsteam": 0.425,
        "B-tvshow": 0.0,
        "I-company": 0.06896551724137931,
        "I-facility": 0.22666666666666666,
        "I-geo-loc": 0.08571428571428572,
        "I-movie": 0.0,
        "I-musicartist": 0.021739130434782608,
        "I-other": 0.1589958158995816,
        "I-person": 0.43137254901960786,
        "I-product": 0.078125,
        "I-sportsteam": 0.15789473684210525,
        "I-tvshow": 0.0,
        "O": 0.9968904335101518,
        "<pad>": 0
    },
    "train_loss": 0.18143855035305023,
    "validation_accuracy": 0.934483359470291,
    "validation_accuracy_per_label": {
        "B-company": 0.4444444444444444,
        "B-facility": 0.0,
        "B-geo-loc": 0.5454545454545454,
        "B-movie": 0.0,
        "B-musicartist": 0.0,
        "B-other": 0.06349206349206349,
        "B-person": 0.7037037037037037,
        "B-product": 0.2631578947368421,
        "B-sportsteam": 0.18181818181818182,
        "B-tvshow": 0.0,
        "I-company": 0.0,
        "I-facility": 0.1724137931034483,
        "I-geo-loc": 0.0,
        "I-movie": 0.0,
        "I-musicartist": 0.0,
        "I-other": 0.06172839506172839,
        "I-person": 0.18032786885245902,
        "I-product": 0.0,
        "I-sportsteam": 0.0,
        "I-tvshow": 0.0,
        "O": 0.9726443768996961,
        "<pad>": 0
    },
    "validation_loss": 0.33459359407424927,
    "epoch_num": 18
}