{
    "train_accuracy": 0.9623513107749163,
    "train_accuracy_per_label": {
        "B-company": 0.6417910447761194,
        "B-facility": 0.07894736842105263,
        "B-geo-loc": 0.7035175879396985,
        "B-movie": 0.0,
        "B-musicartist": 0.0,
        "B-other": 0.13580246913580246,
        "B-person": 0.7935103244837758,
        "B-product": 0.5,
        "B-sportsteam": 0.325,
        "B-tvshow": 0.0,
        "I-company": 0.06896551724137931,
        "I-facility": 0.17333333333333334,
        "I-geo-loc": 0.02857142857142857,
        "I-movie": 0.0,
        "I-musicartist": 0.021739130434782608,
        "I-other": 0.13389121338912133,
        "I-person": 0.32679738562091504,
        "I-product": 0.078125,
        "I-sportsteam": 0.10526315789473684,
        "I-tvshow": 0.0,
        "O": 0.9953966221571855,
        "<pad>": 0
    },
    "train_loss": 0.20390677452087402,
    "validation_accuracy": 0.9353545913922287,
    "validation_accuracy_per_label": {
        "B-company": 0.4722222222222222,
        "B-facility": 0.03571428571428571,
        "B-geo-loc": 0.5064935064935064,
        "B-movie": 0.0,
        "B-musicartist": 0.0,
        "B-other": 0.047619047619047616,
        "B-person": 0.7129629629629629,
        "B-product": 0.2631578947368421,
        "B-sportsteam": 0.18181818181818182,
        "B-tvshow": 0.0,
        "I-company": 0.0,
        "I-facility": 0.13793103448275862,
        "I-geo-loc": 0.0,
        "I-movie": 0.0,
        "I-musicartist": 0.0,
        "I-other": 0.06172839506172839,
        "I-person": 0.18032786885245902,
        "I-product": 0.0,
        "I-sportsteam": 0.0,
        "I-tvshow": 0.0,
        "O": 0.9737496546007184,
        "<pad>": 0
    },
    "validation_loss": 0.34169289469718933,
    "epoch_num": 15
}