{
    "train_accuracy": 0.9500519690495438,
    "train_accuracy_per_label": {
        "B-company": 0.5223880597014925,
        "B-facility": 0.013157894736842105,
        "B-geo-loc": 0.40703517587939697,
        "B-movie": 0.0,
        "B-musicartist": 0.0,
        "B-other": 0.043209876543209874,
        "B-person": 0.7168141592920354,
        "B-product": 0.358974358974359,
        "B-sportsteam": 0.2,
        "B-tvshow": 0.0,
        "I-company": 0.0,
        "I-facility": 0.0,
        "I-geo-loc": 0.0,
        "I-movie": 0.0,
        "I-musicartist": 0.021739130434782608,
        "I-other": 0.058577405857740586,
        "I-person": 0.032679738562091505,
        "I-product": 0.03125,
        "I-sportsteam": 0.05263157894736842,
        "I-tvshow": 0.0,
        "O": 0.9891165172855314,
        "<pad>": 0
    },
    "train_loss": 0.27762046456336975,
    "validation_accuracy": 0.9309113085903468,
    "validation_accuracy_per_label": {
        "B-company": 0.4722222222222222,
        "B-facility": 0.03571428571428571,
        "B-geo-loc": 0.23376623376623376,
        "B-movie": 0.0,
        "B-musicartist": 0.0,
        "B-other": 0.031746031746031744,
        "B-person": 0.6666666666666666,
        "B-product": 0.2631578947368421,
        "B-sportsteam": 0.09090909090909091,
        "B-tvshow": 0.0,
        "I-company": 0.0,
        "I-facility": 0.0,
        "I-geo-loc": 0.0,
        "I-movie": 0.0,
        "I-musicartist": 0.0,
        "I-other": 0.037037037037037035,
        "I-person": 0.01639344262295082,
        "I-product": 0.0,
        "I-sportsteam": 0.0,
        "I-tvshow": 0.0,
        "O": 0.973104909275122,
        "<pad>": 0
    },
    "validation_loss": 0.3762669563293457,
    "epoch_num": 9
}