{
    "train_accuracy": 0.9414193324864303,
    "train_accuracy_per_label": {
        "B-company": 0.4701492537313433,
        "B-facility": 0.013157894736842105,
        "B-geo-loc": 0.19095477386934673,
        "B-movie": 0.0,
        "B-musicartist": 0.0,
        "B-other": 0.05555555555555555,
        "B-person": 0.5899705014749262,
        "B-product": 0.14102564102564102,
        "B-sportsteam": 0.15,
        "B-tvshow": 0.0,
        "I-company": 0.0,
        "I-facility": 0.0,
        "I-geo-loc": 0.0,
        "I-movie": 0.0,
        "I-musicartist": 0.021739130434782608,
        "I-other": 0.03765690376569038,
        "I-person": 0.0196078431372549,
        "I-product": 0.03125,
        "I-sportsteam": 0.0,
        "I-tvshow": 0.0,
        "O": 0.9835985610633498,
        "<pad>": 0
    },
    "train_loss": 0.35378292202949524,
    "validation_accuracy": 0.9260324098274961,
    "validation_accuracy_per_label": {
        "B-company": 0.4722222222222222,
        "B-facility": 0.03571428571428571,
        "B-geo-loc": 0.1038961038961039,
        "B-movie": 0.0,
        "B-musicartist": 0.0,
        "B-other": 0.015873015873015872,
        "B-person": 0.5555555555555556,
        "B-product": 0.15789473684210525,
        "B-sportsteam": 0.09090909090909091,
        "B-tvshow": 0.0,
        "I-company": 0.0,
        "I-facility": 0.0,
        "I-geo-loc": 0.0,
        "I-movie": 0.0,
        "I-musicartist": 0.0,
        "I-other": 0.012345679012345678,
        "I-person": 0.01639344262295082,
        "I-product": 0.0,
        "I-sportsteam": 0.0,
        "I-tvshow": 0.0,
        "O": 0.9704338214976513,
        "<pad>": 0
    },
    "validation_loss": 0.4204276502132416,
    "epoch_num": 6
}