{
    "train_accuracy": 0.9048966393347961,
    "train_accuracy_per_label": {
        "B-company": 0.05970149253731343,
        "B-facility": 0.0,
        "B-geo-loc": 0.035175879396984924,
        "B-movie": 0.0,
        "B-musicartist": 0.0,
        "B-other": 0.04938271604938271,
        "B-person": 0.12094395280235988,
        "B-product": 0.10256410256410256,
        "B-sportsteam": 0.1,
        "B-tvshow": 0.0,
        "I-company": 0.0,
        "I-facility": 0.0,
        "I-geo-loc": 0.0,
        "I-movie": 0.0,
        "I-musicartist": 0.0,
        "I-other": 0.008368200836820083,
        "I-person": 0.0915032679738562,
        "I-product": 0.0,
        "I-sportsteam": 0.0,
        "I-tvshow": 0.0,
        "O": 0.9526858118407414,
        "<pad>": 0
    },
    "train_loss": 0.8727889060974121,
    "validation_accuracy": 0.9058198292385433,
    "validation_accuracy_per_label": {
        "B-company": 0.19444444444444445,
        "B-facility": 0.03571428571428571,
        "B-geo-loc": 0.012987012987012988,
        "B-movie": 0.0,
        "B-musicartist": 0.0,
        "B-other": 0.015873015873015872,
        "B-person": 0.1388888888888889,
        "B-product": 0.0,
        "B-sportsteam": 0.0,
        "B-tvshow": 0.0,
        "I-company": 0.0,
        "I-facility": 0.0,
        "I-geo-loc": 0.0,
        "I-movie": 0.0,
        "I-musicartist": 0.0,
        "I-other": 0.0,
        "I-person": 0.13114754098360656,
        "I-product": 0.0,
        "I-sportsteam": 0.0,
        "I-tvshow": 0.0,
        "O": 0.9545915077829972,
        "<pad>": 0
    },
    "validation_loss": 0.7348212003707886,
    "epoch_num": 2
}