{
    "train_accuracy": 0.8647072410209031,
    "train_accuracy_per_label": {
        "B-company": 0.0,
        "B-facility": 0.0,
        "B-geo-loc": 0.02512562814070352,
        "B-movie": 0.0,
        "B-musicartist": 0.0,
        "B-other": 0.05555555555555555,
        "B-person": 0.04129793510324484,
        "B-product": 0.02564102564102564,
        "B-sportsteam": 0.1,
        "B-tvshow": 0.0,
        "I-company": 0.034482758620689655,
        "I-facility": 0.0,
        "I-geo-loc": 0.0,
        "I-movie": 0.02857142857142857,
        "I-musicartist": 0.0,
        "I-other": 0.008368200836820083,
        "I-person": 0.13071895424836602,
        "I-product": 0.0,
        "I-sportsteam": 0.0,
        "I-tvshow": 0.0,
        "O": 0.9112858972013902,
        "<pad>": 0
    },
    "train_loss": 1.4709551334381104,
    "validation_accuracy": 0.8828193064993901,
    "validation_accuracy_per_label": {
        "B-company": 0.027777777777777776,
        "B-facility": 0.03571428571428571,
        "B-geo-loc": 0.012987012987012988,
        "B-movie": 0.0,
        "B-musicartist": 0.0,
        "B-other": 0.015873015873015872,
        "B-person": 0.1111111111111111,
        "B-product": 0.0,
        "B-sportsteam": 0.0,
        "B-tvshow": 0.0,
        "I-company": 0.0,
        "I-facility": 0.0,
        "I-geo-loc": 0.0,
        "I-movie": 0.0,
        "I-musicartist": 0.0,
        "I-other": 0.0,
        "I-person": 0.13114754098360656,
        "I-product": 0.0,
        "I-sportsteam": 0.0,
        "I-tvshow": 0.0,
        "O": 0.9311043566362716,
        "<pad>": 0
    },
    "validation_loss": 1.1124142408370972,
    "epoch_num": 1
}