{
    "train_accuracy": 0.952361704584825,
    "train_accuracy_per_label": {
        "B-company": 0.5447761194029851,
        "B-facility": 0.013157894736842105,
        "B-geo-loc": 0.4723618090452261,
        "B-movie": 0.0,
        "B-musicartist": 0.0,
        "B-other": 0.04938271604938271,
        "B-person": 0.7374631268436578,
        "B-product": 0.38461538461538464,
        "B-sportsteam": 0.225,
        "B-tvshow": 0.0,
        "I-company": 0.0,
        "I-facility": 0.013333333333333334,
        "I-geo-loc": 0.0,
        "I-movie": 0.0,
        "I-musicartist": 0.021739130434782608,
        "I-other": 0.07112970711297072,
        "I-person": 0.0392156862745098,
        "I-product": 0.03125,
        "I-sportsteam": 0.10526315789473684,
        "I-tvshow": 0.0,
        "O": 0.9905493567465399,
        "<pad>": 0
    },
    "train_loss": 0.26088592410087585,
    "validation_accuracy": 0.9327408956264157,
    "validation_accuracy_per_label": {
        "B-company": 0.4722222222222222,
        "B-facility": 0.03571428571428571,
        "B-geo-loc": 0.35064935064935066,
        "B-movie": 0.0,
        "B-musicartist": 0.0,
        "B-other": 0.031746031746031744,
        "B-person": 0.6851851851851852,
        "B-product": 0.2631578947368421,
        "B-sportsteam": 0.09090909090909091,
        "B-tvshow": 0.0,
        "I-company": 0.0,
        "I-facility": 0.0,
        "I-geo-loc": 0.0,
        "I-movie": 0.0,
        "I-musicartist": 0.0,
        "I-other": 0.037037037037037035,
        "I-person": 0.11475409836065574,
        "I-product": 0.0,
        "I-sportsteam": 0.0,
        "I-tvshow": 0.0,
        "O": 0.9734733351754629,
        "<pad>": 0
    },
    "validation_loss": 0.3673776388168335,
    "epoch_num": 10
}