{
    "train_accuracy": 0.9574431227624437,
    "train_accuracy_per_label": {
        "B-company": 0.6044776119402985,
        "B-facility": 0.02631578947368421,
        "B-geo-loc": 0.6030150753768844,
        "B-movie": 0.0,
        "B-musicartist": 0.0,
        "B-other": 0.07407407407407407,
        "B-person": 0.7787610619469026,
        "B-product": 0.4230769230769231,
        "B-sportsteam": 0.25,
        "B-tvshow": 0.0,
        "I-company": 0.0,
        "I-facility": 0.05333333333333334,
        "I-geo-loc": 0.0,
        "I-movie": 0.0,
        "I-musicartist": 0.021739130434782608,
        "I-other": 0.09205020920502092,
        "I-person": 0.20261437908496732,
        "I-product": 0.03125,
        "I-sportsteam": 0.10526315789473684,
        "I-tvshow": 0.0,
        "O": 0.9931711481007256,
        "<pad>": 0
    },
    "train_loss": 0.23393963277339935,
    "validation_accuracy": 0.9346576058546785,
    "validation_accuracy_per_label": {
        "B-company": 0.4722222222222222,
        "B-facility": 0.03571428571428571,
        "B-geo-loc": 0.4675324675324675,
        "B-movie": 0.0,
        "B-musicartist": 0.0,
        "B-other": 0.031746031746031744,
        "B-person": 0.7037037037037037,
        "B-product": 0.2631578947368421,
        "B-sportsteam": 0.09090909090909091,
        "B-tvshow": 0.0,
        "I-company": 0.0,
        "I-facility": 0.13793103448275862,
        "I-geo-loc": 0.0,
        "I-movie": 0.0,
        "I-musicartist": 0.0,
        "I-other": 0.06172839506172839,
        "I-person": 0.14754098360655737,
        "I-product": 0.0,
        "I-sportsteam": 0.0,
        "I-tvshow": 0.0,
        "O": 0.9737496546007184,
        "<pad>": 0
    },
    "validation_loss": 0.35417211055755615,
    "epoch_num": 12
}