{
    "train_accuracy": 0.9638526388728491,
    "train_accuracy_per_label": {
        "B-company": 0.6492537313432836,
        "B-facility": 0.10526315789473684,
        "B-geo-loc": 0.7286432160804021,
        "B-movie": 0.0,
        "B-musicartist": 0.0,
        "B-other": 0.15432098765432098,
        "B-person": 0.8023598820058997,
        "B-product": 0.5512820512820513,
        "B-sportsteam": 0.35,
        "B-tvshow": 0.0,
        "I-company": 0.06896551724137931,
        "I-facility": 0.21333333333333335,
        "I-geo-loc": 0.08571428571428572,
        "I-movie": 0.0,
        "I-musicartist": 0.021739130434782608,
        "I-other": 0.14225941422594143,
        "I-person": 0.3464052287581699,
        "I-product": 0.078125,
        "I-sportsteam": 0.15789473684210525,
        "I-tvshow": 0.0,
        "O": 0.9960673129687214,
        "<pad>": 0
    },
    "train_loss": 0.1957542598247528,
    "validation_accuracy": 0.9349189754312598,
    "validation_accuracy_per_label": {
        "B-company": 0.4444444444444444,
        "B-facility": 0.03571428571428571,
        "B-geo-loc": 0.5324675324675324,
        "B-movie": 0.0,
        "B-musicartist": 0.0,
        "B-other": 0.06349206349206349,
        "B-person": 0.7129629629629629,
        "B-product": 0.2631578947368421,
        "B-sportsteam": 0.18181818181818182,
        "B-tvshow": 0.0,
        "I-company": 0.0,
        "I-facility": 0.13793103448275862,
        "I-geo-loc": 0.0,
        "I-movie": 0.0,
        "I-musicartist": 0.0,
        "I-other": 0.06172839506172839,
        "I-person": 0.18032786885245902,
        "I-product": 0.0,
        "I-sportsteam": 0.0,
        "I-tvshow": 0.0,
        "O": 0.973104909275122,
        "<pad>": 0
    },
    "validation_loss": 0.3388512432575226,
    "epoch_num": 16
}