{
    "train_accuracy": 0.9550467721445894,
    "train_accuracy_per_label": {
        "B-company": 0.5746268656716418,
        "B-facility": 0.02631578947368421,
        "B-geo-loc": 0.5577889447236181,
        "B-movie": 0.0,
        "B-musicartist": 0.0,
        "B-other": 0.05555555555555555,
        "B-person": 0.7551622418879056,
        "B-product": 0.4230769230769231,
        "B-sportsteam": 0.225,
        "B-tvshow": 0.0,
        "I-company": 0.0,
        "I-facility": 0.013333333333333334,
        "I-geo-loc": 0.0,
        "I-movie": 0.0,
        "I-musicartist": 0.021739130434782608,
        "I-other": 0.07112970711297072,
        "I-person": 0.1568627450980392,
        "I-product": 0.03125,
        "I-sportsteam": 0.10526315789473684,
        "I-tvshow": 0.0,
        "O": 0.9918602524236327,
        "<pad>": 0
    },
    "train_loss": 0.24650390446186066,
    "validation_accuracy": 0.9334378811639659,
    "validation_accuracy_per_label": {
        "B-company": 0.4722222222222222,
        "B-facility": 0.03571428571428571,
        "B-geo-loc": 0.4155844155844156,
        "B-movie": 0.0,
        "B-musicartist": 0.0,
        "B-other": 0.031746031746031744,
        "B-person": 0.6944444444444444,
        "B-product": 0.2631578947368421,
        "B-sportsteam": 0.09090909090909091,
        "B-tvshow": 0.0,
        "I-company": 0.0,
        "I-facility": 0.0,
        "I-geo-loc": 0.0,
        "I-movie": 0.0,
        "I-musicartist": 0.0,
        "I-other": 0.04938271604938271,
        "I-person": 0.13114754098360656,
        "I-product": 0.0,
        "I-sportsteam": 0.0,
        "I-tvshow": 0.0,
        "O": 0.9734733351754629,
        "<pad>": 0
    },
    "validation_loss": 0.36013585329055786,
    "epoch_num": 11
}