{
    "train_accuracy": 0.7685905307681812,
    "train_accuracy_per_label": {
        ".": 0.9522727272727273,
        "ADJ": 0.0,
        "ADP": 0.8208409506398537,
        "ADV": 0.027918781725888325,
        "CONJ": 0.4658385093167702,
        "DET": 0.8823529411764706,
        "NOUN": 0.9160714285714285,
        "NUM": 0.0,
        "PRON": 0.9146706586826348,
        "PRT": 0.3106796116504854,
        "VERB": 0.8927392739273927,
        "X": 0.8674521354933726,
        "<pad>": 0
    },
    "train_loss": 0.8290332555770874,
    "validation_accuracy": 0.7453505007153076,
    "validation_accuracy_per_label": {
        ".": 0.9558232931726908,
        "ADJ": 0.0,
        "ADP": 0.8874172185430463,
        "ADV": 0.046511627906976744,
        "CONJ": 0.6190476190476191,
        "DET": 0.8461538461538461,
        "NOUN": 0.8382352941176471,
        "NUM": 0.0,
        "PRON": 0.921875,
        "PRT": 0.5087719298245614,
        "VERB": 0.8384401114206128,
        "X": 0.7988826815642458,
        "<pad>": 0
    },
    "validation_loss": 0.9049167633056641,
    "epoch_num": 17
}