{
    "train_accuracy": 0.8158002455996726,
    "train_accuracy_per_label": {
        ".": 0.9568181818181818,
        "ADJ": 0.03571428571428571,
        "ADP": 0.8738574040219378,
        "ADV": 0.24873096446700507,
        "CONJ": 0.7701863354037267,
        "DET": 0.9176470588235294,
        "NOUN": 0.925,
        "NUM": 0.0070921985815602835,
        "PRON": 0.9565868263473054,
        "PRT": 0.6699029126213593,
        "VERB": 0.9141914191419142,
        "X": 0.8762886597938144,
        "<pad>": 0
    },
    "train_loss": 0.6988487839698792,
    "validation_accuracy": 0.7792083929422985,
    "validation_accuracy_per_label": {
        ".": 0.9558232931726908,
        "ADJ": 0.030303030303030304,
        "ADP": 0.9139072847682119,
        "ADV": 0.29457364341085274,
        "CONJ": 0.9047619047619048,
        "DET": 0.8538461538461538,
        "NOUN": 0.8403361344537815,
        "NUM": 0.058823529411764705,
        "PRON": 0.9375,
        "PRT": 0.7368421052631579,
        "VERB": 0.83008356545961,
        "X": 0.8156424581005587,
        "<pad>": 0
    },
    "validation_loss": 0.802060604095459,
    "epoch_num": 19
}