{
    "train_accuracy": 0.2374130167826443,
    "train_accuracy_per_label": {
        ".": 0.020454545454545454,
        "ADJ": 0.0,
        "ADP": 0.0,
        "ADV": 0.0,
        "CONJ": 0.0,
        "DET": 0.0,
        "NOUN": 0.9910714285714286,
        "NUM": 0.0,
        "PRON": 0.0,
        "PRT": 0.0,
        "VERB": 0.036303630363036306,
        "X": 0.01914580265095729,
        "<pad>": 0
    },
    "train_loss": 2.187134027481079,
    "validation_accuracy": 0.2684787792083929,
    "validation_accuracy_per_label": {
        ".": 0.08032128514056225,
        "ADJ": 0.0,
        "ADP": 0.0,
        "ADV": 0.0,
        "CONJ": 0.0,
        "DET": 0.0,
        "NOUN": 0.9621848739495799,
        "NUM": 0.0,
        "PRON": 0.0,
        "PRT": 0.0,
        "VERB": 0.1894150417827298,
        "X": 0.09497206703910614,
        "<pad>": 0
    },
    "validation_loss": 2.1467947959899902,
    "epoch_num": 3
}