{
    "train_accuracy": 0.9245463228271251,
    "train_accuracy_per_label": {
        ".": 0.9613636363636363,
        "ADJ": 0.6696428571428571,
        "ADP": 0.9012797074954296,
        "ADV": 0.8451776649746193,
        "CONJ": 0.9130434782608695,
        "DET": 0.9623529411764706,
        "NOUN": 0.9482142857142857,
        "NUM": 0.7659574468085106,
        "PRON": 0.9715568862275449,
        "PRT": 0.912621359223301,
        "VERB": 0.9570957095709571,
        "X": 0.9204712812960235,
        "<pad>": 0
    },
    "train_loss": 0.33244121074676514,
    "validation_accuracy": 0.8416785884597043,
    "validation_accuracy_per_label": {
        ".": 0.9518072289156626,
        "ADJ": 0.41414141414141414,
        "ADP": 0.9271523178807947,
        "ADV": 0.6744186046511628,
        "CONJ": 0.9285714285714286,
        "DET": 0.9153846153846154,
        "NOUN": 0.8109243697478992,
        "NUM": 0.6176470588235294,
        "PRON": 0.9479166666666666,
        "PRT": 0.9122807017543859,
        "VERB": 0.8635097493036211,
        "X": 0.8435754189944135,
        "<pad>": 0
    },
    "validation_loss": 0.5795179605484009,
    "epoch_num": 30
}