{
    "train_accuracy": 0.7066448355846636,
    "train_accuracy_per_label": {
        ".": 0.9477272727272728,
        "ADJ": 0.0,
        "ADP": 0.6489945155393053,
        "ADV": 0.0,
        "CONJ": 0.0,
        "DET": 0.8305882352941176,
        "NOUN": 0.8946428571428572,
        "NUM": 0.0,
        "PRON": 0.8143712574850299,
        "PRT": 0.0,
        "VERB": 0.8498349834983498,
        "X": 0.8247422680412371,
        "<pad>": 0
    },
    "train_loss": 1.0538939237594604,
    "validation_accuracy": 0.6838340486409156,
    "validation_accuracy_per_label": {
        ".": 0.9558232931726908,
        "ADJ": 0.0,
        "ADP": 0.7615894039735099,
        "ADV": 0.0,
        "CONJ": 0.0,
        "DET": 0.7923076923076923,
        "NOUN": 0.8361344537815126,
        "NUM": 0.0,
        "PRON": 0.78125,
        "PRT": 0.0,
        "VERB": 0.8133704735376045,
        "X": 0.770949720670391,
        "<pad>": 0
    },
    "validation_loss": 1.0983141660690308,
    "epoch_num": 14
}