{
    "train_accuracy": 0.9110383408377678,
    "train_accuracy_per_label": {
        ".": 0.9613636363636363,
        "ADJ": 0.5625,
        "ADP": 0.9049360146252285,
        "ADV": 0.8071065989847716,
        "CONJ": 0.8881987577639752,
        "DET": 0.9505882352941176,
        "NOUN": 0.9452380952380952,
        "NUM": 0.7092198581560284,
        "PRON": 0.9670658682634731,
        "PRT": 0.8883495145631068,
        "VERB": 0.948019801980198,
        "X": 0.9072164948453608,
        "<pad>": 0
    },
    "train_loss": 0.39170894026756287,
    "validation_accuracy": 0.837863614687649,
    "validation_accuracy_per_label": {
        ".": 0.9518072289156626,
        "ADJ": 0.3838383838383838,
        "ADP": 0.9205298013245033,
        "ADV": 0.6434108527131783,
        "CONJ": 0.9285714285714286,
        "DET": 0.9076923076923077,
        "NOUN": 0.8235294117647058,
        "NUM": 0.5882352941176471,
        "PRON": 0.9479166666666666,
        "PRT": 0.8947368421052632,
        "VERB": 0.8551532033426184,
        "X": 0.8435754189944135,
        "<pad>": 0
    },
    "validation_loss": 0.6018337607383728,
    "epoch_num": 27
}