{
    "train_accuracy": 0.8796561604584527,
    "train_accuracy_per_label": {
        ".": 0.9568181818181818,
        "ADJ": 0.34226190476190477,
        "ADP": 0.8939670932358318,
        "ADV": 0.6954314720812182,
        "CONJ": 0.84472049689441,
        "DET": 0.9458823529411765,
        "NOUN": 0.930952380952381,
        "NUM": 0.48936170212765956,
        "PRON": 0.9655688622754491,
        "PRT": 0.8106796116504854,
        "VERB": 0.933993399339934,
        "X": 0.9013254786450663,
        "<pad>": 0
    },
    "train_loss": 0.5146973729133606,
    "validation_accuracy": 0.8230805913209347,
    "validation_accuracy_per_label": {
        ".": 0.9558232931726908,
        "ADJ": 0.2222222222222222,
        "ADP": 0.9205298013245033,
        "ADV": 0.6124031007751938,
        "CONJ": 0.9285714285714286,
        "DET": 0.9,
        "NOUN": 0.8256302521008403,
        "NUM": 0.5294117647058824,
        "PRON": 0.9479166666666666,
        "PRT": 0.8245614035087719,
        "VERB": 0.8495821727019499,
        "X": 0.8212290502793296,
        "<pad>": 0
    },
    "validation_loss": 0.667791485786438,
    "epoch_num": 23
}