{
    "train_accuracy": 0.7448492290899168,
    "train_accuracy_per_label": {
        ".": 0.9545454545454546,
        "ADJ": 0.0,
        "ADP": 0.7769652650822669,
        "ADV": 0.005076142131979695,
        "CONJ": 0.19254658385093168,
        "DET": 0.8682352941176471,
        "NOUN": 0.9125,
        "NUM": 0.0,
        "PRON": 0.8967065868263473,
        "PRT": 0.10679611650485436,
        "VERB": 0.8770627062706271,
        "X": 0.8468335787923417,
        "<pad>": 0
    },
    "train_loss": 0.9002152681350708,
    "validation_accuracy": 0.7172150691463997,
    "validation_accuracy_per_label": {
        ".": 0.9558232931726908,
        "ADJ": 0.0,
        "ADP": 0.8211920529801324,
        "ADV": 0.015503875968992248,
        "CONJ": 0.40476190476190477,
        "DET": 0.8307692307692308,
        "NOUN": 0.8256302521008403,
        "NUM": 0.0,
        "PRON": 0.8645833333333334,
        "PRT": 0.24561403508771928,
        "VERB": 0.83008356545961,
        "X": 0.8044692737430168,
        "<pad>": 0
    },
    "validation_loss": 0.9642416834831238,
    "epoch_num": 16
}