{
    "train_accuracy": 0.4134261154318461,
    "train_accuracy_per_label": {
        ".": 0.425,
        "ADJ": 0.0,
        "ADP": 0.0,
        "ADV": 0.0,
        "CONJ": 0.0,
        "DET": 0.002352941176470588,
        "NOUN": 0.775,
        "NUM": 0.0,
        "PRON": 0.03293413173652695,
        "PRT": 0.0,
        "VERB": 0.7334983498349835,
        "X": 0.6509572901325479,
        "<pad>": 0
    },
    "train_loss": 1.7634254693984985,
    "validation_accuracy": 0.4287076776347163,
    "validation_accuracy_per_label": {
        ".": 0.5622489959839357,
        "ADJ": 0.0,
        "ADP": 0.0,
        "ADV": 0.0,
        "CONJ": 0.0,
        "DET": 0.0,
        "NOUN": 0.7794117647058824,
        "NUM": 0.0,
        "PRON": 0.10416666666666667,
        "PRT": 0.0,
        "VERB": 0.7298050139275766,
        "X": 0.5921787709497207,
        "<pad>": 0
    },
    "validation_loss": 1.7210633754730225,
    "epoch_num": 7
}