{
    "train_accuracy": 0.9512893982808023,
    "train_accuracy_per_label": {
        ".": 0.9659090909090909,
        "ADJ": 0.8452380952380952,
        "ADP": 0.9287020109689214,
        "ADV": 0.9137055837563451,
        "CONJ": 0.937888198757764,
        "DET": 0.9694117647058823,
        "NOUN": 0.9660714285714286,
        "NUM": 0.8297872340425532,
        "PRON": 0.9775449101796407,
        "PRT": 0.9466019417475728,
        "VERB": 0.9727722772277227,
        "X": 0.9425625920471281,
        "<pad>": 0
    },
    "train_loss": 0.21345558762550354,
    "validation_accuracy": 0.8402479732951836,
    "validation_accuracy_per_label": {
        ".": 0.9518072289156626,
        "ADJ": 0.5151515151515151,
        "ADP": 0.9337748344370861,
        "ADV": 0.6976744186046512,
        "CONJ": 0.9285714285714286,
        "DET": 0.9153846153846154,
        "NOUN": 0.7962184873949579,
        "NUM": 0.6470588235294118,
        "PRON": 0.9479166666666666,
        "PRT": 0.9122807017543859,
        "VERB": 0.8467966573816156,
        "X": 0.8156424581005587,
        "<pad>": 0
    },
    "validation_loss": 0.5638505220413208,
    "epoch_num": 39
}