{
    "train_accuracy": 0.344385318597353,
    "train_accuracy_per_label": {
        ".": 0.26704545454545453,
        "ADJ": 0.0,
        "ADP": 0.0,
        "ADV": 0.0,
        "CONJ": 0.0,
        "DET": 0.0,
        "NOUN": 0.7863095238095238,
        "NUM": 0.0,
        "PRON": 0.0,
        "PRT": 0.0,
        "VERB": 0.6122112211221122,
        "X": 0.3328424153166421,
        "<pad>": 0
    },
    "train_loss": 1.9970961809158325,
    "validation_accuracy": 0.3562231759656652,
    "validation_accuracy_per_label": {
        ".": 0.26907630522088355,
        "ADJ": 0.0,
        "ADP": 0.0,
        "ADV": 0.0,
        "CONJ": 0.0,
        "DET": 0.0,
        "NOUN": 0.7962184873949579,
        "NUM": 0.0,
        "PRON": 0.0,
        "PRT": 0.0,
        "VERB": 0.6434540389972145,
        "X": 0.39106145251396646,
        "<pad>": 0
    },
    "validation_loss": 1.9506093263626099,
    "epoch_num": 5
}