{
    "train_accuracy": 0.25856187747305226,
    "train_accuracy_per_label": {
        ".": 0.0,
        "ADJ": 0.0,
        "ADP": 0.0,
        "ADV": 0.0,
        "CONJ": 0.0,
        "DET": 0.0,
        "NOUN": 0.8244047619047619,
        "NUM": 0.0,
        "PRON": 0.0,
        "PRT": 0.0,
        "VERB": 0.4207920792079208,
        "X": 0.0,
        "<pad>": 0
    },
    "train_loss": 2.3514559268951416,
    "validation_accuracy": 0.2870767763471626,
    "validation_accuracy_per_label": {
        ".": 0.0,
        "ADJ": 0.0,
        "ADP": 0.0,
        "ADV": 0.0,
        "CONJ": 0.0,
        "DET": 0.0,
        "NOUN": 0.7857142857142857,
        "NUM": 0.0,
        "PRON": 0.0,
        "PRT": 0.0,
        "VERB": 0.6350974930362117,
        "X": 0.0,
        "<pad>": 0
    },
    "validation_loss": 2.2806448936462402,
    "epoch_num": 1
}