{
    "train_accuracy": 0.4569518351753309,
    "train_accuracy_per_label": {
        ".": 0.575,
        "ADJ": 0.0,
        "ADP": 0.0,
        "ADV": 0.0,
        "CONJ": 0.0,
        "DET": 0.04470588235294118,
        "NOUN": 0.7875,
        "NUM": 0.0,
        "PRON": 0.1631736526946108,
        "PRT": 0.0,
        "VERB": 0.7566006600660066,
        "X": 0.6995581737849779,
        "<pad>": 0
    },
    "train_loss": 1.6420420408248901,
    "validation_accuracy": 0.47353361945636624,
    "validation_accuracy_per_label": {
        ".": 0.678714859437751,
        "ADJ": 0.0,
        "ADP": 0.0,
        "ADV": 0.0,
        "CONJ": 0.0,
        "DET": 0.1076923076923077,
        "NOUN": 0.7752100840336135,
        "NUM": 0.0,
        "PRON": 0.2864583333333333,
        "PRT": 0.0,
        "VERB": 0.754874651810585,
        "X": 0.6424581005586593,
        "<pad>": 0
    },
    "validation_loss": 1.6130105257034302,
    "epoch_num": 8
}