{
    "train_accuracy": 0.9317778687406194,
    "train_accuracy_per_label": {
        ".": 0.9625,
        "ADJ": 0.7589285714285714,
        "ADP": 0.9104204753199269,
        "ADV": 0.8807106598984772,
        "CONJ": 0.9192546583850931,
        "DET": 0.9647058823529412,
        "NOUN": 0.9494047619047619,
        "NUM": 0.7730496453900709,
        "PRON": 0.9745508982035929,
        "PRT": 0.9223300970873787,
        "VERB": 0.9570957095709571,
        "X": 0.9116347569955817,
        "<pad>": 0
    },
    "train_loss": 0.2823908030986786,
    "validation_accuracy": 0.8412017167381974,
    "validation_accuracy_per_label": {
        ".": 0.9518072289156626,
        "ADJ": 0.46464646464646464,
        "ADP": 0.9271523178807947,
        "ADV": 0.6744186046511628,
        "CONJ": 0.9285714285714286,
        "DET": 0.9230769230769231,
        "NOUN": 0.8109243697478992,
        "NUM": 0.6176470588235294,
        "PRON": 0.9479166666666666,
        "PRT": 0.9122807017543859,
        "VERB": 0.8467966573816156,
        "X": 0.8379888268156425,
        "<pad>": 0
    },
    "validation_loss": 0.5660318732261658,
    "epoch_num": 33
}