{
    "train_accuracy": 0.37767771865193067,
    "train_accuracy_per_label": {
        ".": 0.2943181818181818,
        "ADJ": 0.0,
        "ADP": 0.0,
        "ADV": 0.0,
        "CONJ": 0.0,
        "DET": 0.0,
        "NOUN": 0.7738095238095238,
        "NUM": 0.0,
        "PRON": 0.008982035928143712,
        "PRT": 0.0,
        "VERB": 0.6872937293729373,
        "X": 0.5449189985272459,
        "<pad>": 0
    },
    "train_loss": 1.8848004341125488,
    "validation_accuracy": 0.38149737720553173,
    "validation_accuracy_per_label": {
        ".": 0.30522088353413657,
        "ADJ": 0.0,
        "ADP": 0.0,
        "ADV": 0.0,
        "CONJ": 0.0,
        "DET": 0.0,
        "NOUN": 0.8025210084033614,
        "NUM": 0.0,
        "PRON": 0.0,
        "PRT": 0.0,
        "VERB": 0.6768802228412256,
        "X": 0.553072625698324,
        "<pad>": 0
    },
    "validation_loss": 1.8377641439437866,
    "epoch_num": 6
}