{
    "train_accuracy": 0.8512757538545505,
    "train_accuracy_per_label": {
        ".": 0.9545454545454546,
        "ADJ": 0.17261904761904762,
        "ADP": 0.9085923217550275,
        "ADV": 0.5126903553299492,
        "CONJ": 0.8385093167701864,
        "DET": 0.9364705882352942,
        "NOUN": 0.9285714285714286,
        "NUM": 0.24822695035460993,
        "PRON": 0.9595808383233533,
        "PRT": 0.7864077669902912,
        "VERB": 0.9224422442244224,
        "X": 0.8733431516936672,
        "<pad>": 0
    },
    "train_loss": 0.5944302678108215,
    "validation_accuracy": 0.8087744396757273,
    "validation_accuracy_per_label": {
        ".": 0.9558232931726908,
        "ADJ": 0.13131313131313133,
        "ADP": 0.9205298013245033,
        "ADV": 0.5503875968992248,
        "CONJ": 0.9285714285714286,
        "DET": 0.8692307692307693,
        "NOUN": 0.8340336134453782,
        "NUM": 0.29411764705882354,
        "PRON": 0.9427083333333334,
        "PRT": 0.8245614035087719,
        "VERB": 0.8384401114206128,
        "X": 0.8212290502793296,
        "<pad>": 0
    },
    "validation_loss": 0.7239378094673157,
    "epoch_num": 21
}