{
    "train_accuracy": 0.8887979260472098,
    "train_accuracy_per_label": {
        ".": 0.9579545454545455,
        "ADJ": 0.40476190476190477,
        "ADP": 0.8957952468007313,
        "ADV": 0.7309644670050761,
        "CONJ": 0.8509316770186336,
        "DET": 0.9482352941176471,
        "NOUN": 0.9386904761904762,
        "NUM": 0.5531914893617021,
        "PRON": 0.9700598802395209,
        "PRT": 0.8300970873786407,
        "VERB": 0.9364686468646864,
        "X": 0.8954344624447718,
        "<pad>": 0
    },
    "train_loss": 0.476316899061203,
    "validation_accuracy": 0.8283261802575107,
    "validation_accuracy_per_label": {
        ".": 0.9558232931726908,
        "ADJ": 0.29292929292929293,
        "ADP": 0.9205298013245033,
        "ADV": 0.6201550387596899,
        "CONJ": 0.9285714285714286,
        "DET": 0.9,
        "NOUN": 0.8277310924369747,
        "NUM": 0.5882352941176471,
        "PRON": 0.9479166666666666,
        "PRT": 0.8245614035087719,
        "VERB": 0.8467966573816156,
        "X": 0.8268156424581006,
        "<pad>": 0
    },
    "validation_loss": 0.6461392045021057,
    "epoch_num": 24
}