{
    "train_accuracy": 0.9309592031655068,
    "train_accuracy_per_label": {
        ".": 0.9613636363636363,
        "ADJ": 0.7261904761904762,
        "ADP": 0.9159049360146252,
        "ADV": 0.8629441624365483,
        "CONJ": 0.9192546583850931,
        "DET": 0.9623529411764706,
        "NOUN": 0.9517857142857142,
        "NUM": 0.7588652482269503,
        "PRON": 0.9715568862275449,
        "PRT": 0.9271844660194175,
        "VERB": 0.9612211221122112,
        "X": 0.9189985272459499,
        "<pad>": 0
    },
    "train_loss": 0.29749178886413574,
    "validation_accuracy": 0.8392942298521697,
    "validation_accuracy_per_label": {
        ".": 0.9518072289156626,
        "ADJ": 0.41414141414141414,
        "ADP": 0.9271523178807947,
        "ADV": 0.689922480620155,
        "CONJ": 0.9285714285714286,
        "DET": 0.9076923076923077,
        "NOUN": 0.8046218487394958,
        "NUM": 0.5882352941176471,
        "PRON": 0.9479166666666666,
        "PRT": 0.9122807017543859,
        "VERB": 0.8607242339832869,
        "X": 0.8379888268156425,
        "<pad>": 0
    },
    "validation_loss": 0.5696495175361633,
    "epoch_num": 32
}