{
    "train_accuracy": 0.9435120753172329,
    "train_accuracy_per_label": {
        ".": 0.9659090909090909,
        "ADJ": 0.8214285714285714,
        "ADP": 0.9250457038391224,
        "ADV": 0.8984771573604061,
        "CONJ": 0.9316770186335404,
        "DET": 0.9670588235294117,
        "NOUN": 0.9583333333333334,
        "NUM": 0.8014184397163121,
        "PRON": 0.9745508982035929,
        "PRT": 0.941747572815534,
        "VERB": 0.9661716171617162,
        "X": 0.9263622974963182,
        "<pad>": 0
    },
    "train_loss": 0.23223264515399933,
    "validation_accuracy": 0.8397711015736766,
    "validation_accuracy_per_label": {
        ".": 0.9518072289156626,
        "ADJ": 0.494949494949495,
        "ADP": 0.9337748344370861,
        "ADV": 0.6744186046511628,
        "CONJ": 0.9285714285714286,
        "DET": 0.9153846153846154,
        "NOUN": 0.7983193277310925,
        "NUM": 0.6470588235294118,
        "PRON": 0.9479166666666666,
        "PRT": 0.9298245614035088,
        "VERB": 0.8495821727019499,
        "X": 0.8212290502793296,
        "<pad>": 0
    },
    "validation_loss": 0.5619657635688782,
    "epoch_num": 37
}