{
    "train_accuracy": 0.9420111884295266,
    "train_accuracy_per_label": {
        ".": 0.9659090909090909,
        "ADJ": 0.7976190476190477,
        "ADP": 0.9195612431444241,
        "ADV": 0.8883248730964467,
        "CONJ": 0.9130434782608695,
        "DET": 0.9694117647058823,
        "NOUN": 0.9583333333333334,
        "NUM": 0.8156028368794326,
        "PRON": 0.9790419161676647,
        "PRT": 0.9466019417475728,
        "VERB": 0.966996699669967,
        "X": 0.9248895434462445,
        "<pad>": 0
    },
    "train_loss": 0.2562952935695648,
    "validation_accuracy": 0.8402479732951836,
    "validation_accuracy_per_label": {
        ".": 0.9518072289156626,
        "ADJ": 0.47474747474747475,
        "ADP": 0.9271523178807947,
        "ADV": 0.6744186046511628,
        "CONJ": 0.9285714285714286,
        "DET": 0.9153846153846154,
        "NOUN": 0.8088235294117647,
        "NUM": 0.6470588235294118,
        "PRON": 0.9479166666666666,
        "PRT": 0.9298245614035088,
        "VERB": 0.8495821727019499,
        "X": 0.8156424581005587,
        "<pad>": 0
    },
    "validation_loss": 0.5620959997177124,
    "epoch_num": 35
}