{
    "train_accuracy": 0.8650566243689453,
    "train_accuracy_per_label": {
        ".": 0.9556818181818182,
        "ADJ": 0.22916666666666666,
        "ADP": 0.8884826325411335,
        "ADV": 0.6294416243654822,
        "CONJ": 0.8509316770186336,
        "DET": 0.9388235294117647,
        "NOUN": 0.9267857142857143,
        "NUM": 0.3617021276595745,
        "PRON": 0.9700598802395209,
        "PRT": 0.8252427184466019,
        "VERB": 0.9232673267326733,
        "X": 0.8939617083946981,
        "<pad>": 0
    },
    "train_loss": 0.5512451529502869,
    "validation_accuracy": 0.8144969003338102,
    "validation_accuracy_per_label": {
        ".": 0.9558232931726908,
        "ADJ": 0.1717171717171717,
        "ADP": 0.9205298013245033,
        "ADV": 0.5658914728682171,
        "CONJ": 0.9285714285714286,
        "DET": 0.8846153846153846,
        "NOUN": 0.8319327731092437,
        "NUM": 0.38235294117647056,
        "PRON": 0.9479166666666666,
        "PRT": 0.8245614035087719,
        "VERB": 0.8384401114206128,
        "X": 0.8268156424581006,
        "<pad>": 0
    },
    "validation_loss": 0.6927152276039124,
    "epoch_num": 22
}