{
    "train_accuracy": 0.9136307818256242,
    "train_accuracy_per_label": {
        ".": 0.9579545454545455,
        "ADJ": 0.6041666666666666,
        "ADP": 0.903107861060329,
        "ADV": 0.8197969543147208,
        "CONJ": 0.9006211180124224,
        "DET": 0.9505882352941176,
        "NOUN": 0.9416666666666667,
        "NUM": 0.7375886524822695,
        "PRON": 0.9715568862275449,
        "PRT": 0.9029126213592233,
        "VERB": 0.9471947194719472,
        "X": 0.9057437407952872,
        "<pad>": 0
    },
    "train_loss": 0.3731696605682373,
    "validation_accuracy": 0.8397711015736766,
    "validation_accuracy_per_label": {
        ".": 0.9518072289156626,
        "ADJ": 0.3939393939393939,
        "ADP": 0.9205298013245033,
        "ADV": 0.6434108527131783,
        "CONJ": 0.9285714285714286,
        "DET": 0.9230769230769231,
        "NOUN": 0.8172268907563025,
        "NUM": 0.6176470588235294,
        "PRON": 0.9479166666666666,
        "PRT": 0.9122807017543859,
        "VERB": 0.8635097493036211,
        "X": 0.8379888268156425,
        "<pad>": 0
    },
    "validation_loss": 0.5927149057388306,
    "epoch_num": 28
}