{
    "train_accuracy": 0.8336744439896302,
    "train_accuracy_per_label": {
        ".": 0.9556818181818182,
        "ADJ": 0.09821428571428571,
        "ADP": 0.886654478976234,
        "ADV": 0.38071065989847713,
        "CONJ": 0.7950310559006211,
        "DET": 0.9270588235294117,
        "NOUN": 0.9297619047619048,
        "NUM": 0.11347517730496454,
        "PRON": 0.9565868263473054,
        "PRT": 0.7621359223300971,
        "VERB": 0.9100660066006601,
        "X": 0.8865979381443299,
        "<pad>": 0
    },
    "train_loss": 0.6464505791664124,
    "validation_accuracy": 0.7949451597520267,
    "validation_accuracy_per_label": {
        ".": 0.9558232931726908,
        "ADJ": 0.10101010101010101,
        "ADP": 0.9139072847682119,
        "ADV": 0.4418604651162791,
        "CONJ": 0.9285714285714286,
        "DET": 0.8615384615384616,
        "NOUN": 0.8340336134453782,
        "NUM": 0.11764705882352941,
        "PRON": 0.9427083333333334,
        "PRT": 0.8070175438596491,
        "VERB": 0.8328690807799443,
        "X": 0.8156424581005587,
        "<pad>": 0
    },
    "validation_loss": 0.7597929239273071,
    "epoch_num": 20
}