{
    "train_accuracy": 0.9179969982262246,
    "train_accuracy_per_label": {
        ".": 0.9590909090909091,
        "ADJ": 0.6488095238095238,
        "ADP": 0.8976234003656307,
        "ADV": 0.8451776649746193,
        "CONJ": 0.9006211180124224,
        "DET": 0.9529411764705882,
        "NOUN": 0.944047619047619,
        "NUM": 0.75177304964539,
        "PRON": 0.9715568862275449,
        "PRT": 0.8932038834951457,
        "VERB": 0.9463696369636964,
        "X": 0.9131075110456554,
        "<pad>": 0
    },
    "train_loss": 0.35142719745635986,
    "validation_accuracy": 0.8421554601812112,
    "validation_accuracy_per_label": {
        ".": 0.9518072289156626,
        "ADJ": 0.41414141414141414,
        "ADP": 0.9271523178807947,
        "ADV": 0.6589147286821705,
        "CONJ": 0.9285714285714286,
        "DET": 0.9230769230769231,
        "NOUN": 0.8151260504201681,
        "NUM": 0.6176470588235294,
        "PRON": 0.9479166666666666,
        "PRT": 0.9122807017543859,
        "VERB": 0.8635097493036211,
        "X": 0.8435754189944135,
        "<pad>": 0
    },
    "validation_loss": 0.5859739184379578,
    "epoch_num": 29
}