{
    "train_accuracy": 0.8990312457361168,
    "train_accuracy_per_label": {
        ".": 0.9590909090909091,
        "ADJ": 0.46726190476190477,
        "ADP": 0.903107861060329,
        "ADV": 0.7614213197969543,
        "CONJ": 0.8819875776397516,
        "DET": 0.9576470588235294,
        "NOUN": 0.9386904761904762,
        "NUM": 0.6524822695035462,
        "PRON": 0.9700598802395209,
        "PRT": 0.8349514563106796,
        "VERB": 0.943069306930693,
        "X": 0.9027982326951399,
        "<pad>": 0
    },
    "train_loss": 0.44652727246284485,
    "validation_accuracy": 0.8335717691940868,
    "validation_accuracy_per_label": {
        ".": 0.9558232931726908,
        "ADJ": 0.32323232323232326,
        "ADP": 0.9205298013245033,
        "ADV": 0.6434108527131783,
        "CONJ": 0.9285714285714286,
        "DET": 0.9,
        "NOUN": 0.8277310924369747,
        "NUM": 0.6176470588235294,
        "PRON": 0.9479166666666666,
        "PRT": 0.8771929824561403,
        "VERB": 0.8467966573816156,
        "X": 0.8324022346368715,
        "<pad>": 0
    },
    "validation_loss": 0.6286560893058777,
    "epoch_num": 25
}