{
    "train_accuracy": 0.5702005730659025,
    "train_accuracy_per_label": {
        ".": 0.8465909090909091,
        "ADJ": 0.0,
        "ADP": 0.09689213893967093,
        "ADV": 0.0,
        "CONJ": 0.0,
        "DET": 0.44,
        "NOUN": 0.8315476190476191,
        "NUM": 0.0,
        "PRON": 0.48353293413173654,
        "PRT": 0.0,
        "VERB": 0.7945544554455446,
        "X": 0.7525773195876289,
        "<pad>": 0
    },
    "train_loss": 1.4235670566558838,
    "validation_accuracy": 0.5884597043395327,
    "validation_accuracy_per_label": {
        ".": 0.9076305220883534,
        "ADJ": 0.0,
        "ADP": 0.23178807947019867,
        "ADV": 0.0,
        "CONJ": 0.0,
        "DET": 0.5230769230769231,
        "NOUN": 0.8151260504201681,
        "NUM": 0.0,
        "PRON": 0.578125,
        "PRT": 0.0,
        "VERB": 0.7883008356545961,
        "X": 0.6871508379888268,
        "<pad>": 0
    },
    "validation_loss": 1.420902967453003,
    "epoch_num": 10
}