{
    "train_accuracy": 0.6857688634192932,
    "train_accuracy_per_label": {
        ".": 0.9386363636363636,
        "ADJ": 0.0,
        "ADP": 0.5411334552102377,
        "ADV": 0.0,
        "CONJ": 0.0,
        "DET": 0.7905882352941176,
        "NOUN": 0.8857142857142857,
        "NUM": 0.0,
        "PRON": 0.7829341317365269,
        "PRT": 0.0,
        "VERB": 0.8325082508250825,
        "X": 0.8070692194403535,
        "<pad>": 0
    },
    "train_loss": 1.1382502317428589,
    "validation_accuracy": 0.670004768717215,
    "validation_accuracy_per_label": {
        ".": 0.9437751004016064,
        "ADJ": 0.0,
        "ADP": 0.6887417218543046,
        "ADV": 0.0,
        "CONJ": 0.0,
        "DET": 0.7692307692307693,
        "NOUN": 0.8319327731092437,
        "NUM": 0.0,
        "PRON": 0.7395833333333334,
        "PRT": 0.0,
        "VERB": 0.8161559888579387,
        "X": 0.7541899441340782,
        "<pad>": 0
    },
    "validation_loss": 1.1720256805419922,
    "epoch_num": 13
}