{
    "train_accuracy": 0.6204120616728067,
    "train_accuracy_per_label": {
        ".": 0.9090909090909091,
        "ADJ": 0.0,
        "ADP": 0.23948811700182815,
        "ADV": 0.0,
        "CONJ": 0.0,
        "DET": 0.6282352941176471,
        "NOUN": 0.8523809523809524,
        "NUM": 0.0,
        "PRON": 0.6062874251497006,
        "PRT": 0.0,
        "VERB": 0.8135313531353136,
        "X": 0.7746686303387335,
        "<pad>": 0
    },
    "train_loss": 1.3230472803115845,
    "validation_accuracy": 0.6280400572246065,
    "validation_accuracy_per_label": {
        ".": 0.9317269076305221,
        "ADJ": 0.0,
        "ADP": 0.4370860927152318,
        "ADV": 0.0,
        "CONJ": 0.0,
        "DET": 0.6461538461538462,
        "NOUN": 0.8256302521008403,
        "NUM": 0.0,
        "PRON": 0.6614583333333334,
        "PRT": 0.0,
        "VERB": 0.8022284122562674,
        "X": 0.7094972067039106,
        "<pad>": 0
    },
    "validation_loss": 1.3321839570999146,
    "epoch_num": 11
}