{
    "train_accuracy": 0.9033974621367171,
    "train_accuracy_per_label": {
        ".": 0.9579545454545455,
        "ADJ": 0.5,
        "ADP": 0.9049360146252285,
        "ADV": 0.7918781725888325,
        "CONJ": 0.8881987577639752,
        "DET": 0.9529411764705882,
        "NOUN": 0.9380952380952381,
        "NUM": 0.6453900709219859,
        "PRON": 0.9700598802395209,
        "PRT": 0.8786407766990292,
        "VERB": 0.9438943894389439,
        "X": 0.9057437407952872,
        "<pad>": 0
    },
    "train_loss": 0.4195843040943146,
    "validation_accuracy": 0.8340486409155937,
    "validation_accuracy_per_label": {
        ".": 0.9558232931726908,
        "ADJ": 0.35353535353535354,
        "ADP": 0.9205298013245033,
        "ADV": 0.6434108527131783,
        "CONJ": 0.9285714285714286,
        "DET": 0.9,
        "NOUN": 0.8256302521008403,
        "NUM": 0.5882352941176471,
        "PRON": 0.9479166666666666,
        "PRT": 0.8771929824561403,
        "VERB": 0.8467966573816156,
        "X": 0.8324022346368715,
        "<pad>": 0
    },
    "validation_loss": 0.6139962077140808,
    "epoch_num": 26
}