{
    "train_accuracy": 0.20493928230317915,
    "train_accuracy_per_label": {
        ".": 0.004545454545454545,
        "ADJ": 0.0,
        "ADP": 0.0,
        "ADV": 0.0025380710659898475,
        "CONJ": 0.0,
        "DET": 0.0,
        "NOUN": 0.7154761904761905,
        "NUM": 0.0,
        "PRON": 0.011976047904191617,
        "PRT": 0.0,
        "VERB": 0.017326732673267328,
        "X": 0.3917525773195876,
        "<pad>": 0
    },
    "train_loss": 2.4865288734436035,
    "validation_accuracy": 0.23509775870290892,
    "validation_accuracy_per_label": {
        ".": 0.0,
        "ADJ": 0.0,
        "ADP": 0.0,
        "ADV": 0.0,
        "CONJ": 0.0,
        "DET": 0.0,
        "NOUN": 0.9684873949579832,
        "NUM": 0.0,
        "PRON": 0.0,
        "PRT": 0.0,
        "VERB": 0.08913649025069638,
        "X": 0.0,
        "<pad>": 0
    },
    "validation_loss": 2.416363477706909,
    "epoch_num": 0
}