{
    "train_accuracy": 0.5130304270705417,
    "train_accuracy_per_label": {
        ".": 0.7284090909090909,
        "ADJ": 0.0,
        "ADP": 0.014625228519195612,
        "ADV": 0.0,
        "CONJ": 0.0,
        "DET": 0.21176470588235294,
        "NOUN": 0.8089285714285714,
        "NUM": 0.0,
        "PRON": 0.3203592814371258,
        "PRT": 0.0,
        "VERB": 0.7846534653465347,
        "X": 0.7319587628865979,
        "<pad>": 0
    },
    "train_loss": 1.5299782752990723,
    "validation_accuracy": 0.5293276108726752,
    "validation_accuracy_per_label": {
        ".": 0.8152610441767069,
        "ADJ": 0.0,
        "ADP": 0.06622516556291391,
        "ADV": 0.0,
        "CONJ": 0.0,
        "DET": 0.3076923076923077,
        "NOUN": 0.7962184873949579,
        "NUM": 0.0,
        "PRON": 0.421875,
        "PRT": 0.0,
        "VERB": 0.7688022284122563,
        "X": 0.6759776536312849,
        "<pad>": 0
    },
    "validation_loss": 1.5140721797943115,
    "epoch_num": 9
}