{
    "train_accuracy": 0.30099604311638695,
    "train_accuracy_per_label": {
        ".": 0.18977272727272726,
        "ADJ": 0.0,
        "ADP": 0.0,
        "ADV": 0.0,
        "CONJ": 0.0,
        "DET": 0.0,
        "NOUN": 0.888095238095238,
        "NUM": 0.0,
        "PRON": 0.0,
        "PRT": 0.0,
        "VERB": 0.34983498349834985,
        "X": 0.18114874815905743,
        "<pad>": 0
    },
    "train_loss": 2.0997235774993896,
    "validation_accuracy": 0.3223652837386743,
    "validation_accuracy_per_label": {
        ".": 0.21285140562248997,
        "ADJ": 0.0,
        "ADP": 0.0,
        "ADV": 0.0,
        "CONJ": 0.0,
        "DET": 0.0,
        "NOUN": 0.8214285714285714,
        "NUM": 0.0,
        "PRON": 0.0,
        "PRT": 0.0,
        "VERB": 0.5125348189415042,
        "X": 0.2681564245810056,
        "<pad>": 0
    },
    "validation_loss": 2.0543739795684814,
    "epoch_num": 4
}