{
    "train_accuracy": 0.9364169736662573,
    "train_accuracy_per_label": {
        ".": 0.9647727272727272,
        "ADJ": 0.75,
        "ADP": 0.9104204753199269,
        "ADV": 0.883248730964467,
        "CONJ": 0.9254658385093167,
        "DET": 0.971764705882353,
        "NOUN": 0.9541666666666667,
        "NUM": 0.7943262411347518,
        "PRON": 0.9715568862275449,
        "PRT": 0.9271844660194175,
        "VERB": 0.9645214521452146,
        "X": 0.9278350515463918,
        "<pad>": 0
    },
    "train_loss": 0.26874879002571106,
    "validation_accuracy": 0.8412017167381974,
    "validation_accuracy_per_label": {
        ".": 0.9518072289156626,
        "ADJ": 0.494949494949495,
        "ADP": 0.9271523178807947,
        "ADV": 0.6744186046511628,
        "CONJ": 0.9285714285714286,
        "DET": 0.9153846153846154,
        "NOUN": 0.8109243697478992,
        "NUM": 0.6176470588235294,
        "PRON": 0.9479166666666666,
        "PRT": 0.9122807017543859,
        "VERB": 0.8495821727019499,
        "X": 0.8212290502793296,
        "<pad>": 0
    },
    "validation_loss": 0.5624912977218628,
    "epoch_num": 34
}