{
    "train_accuracy": 0.6587528994405786,
    "train_accuracy_per_label": {
        ".": 0.9318181818181818,
        "ADJ": 0.0,
        "ADP": 0.38939670932358317,
        "ADV": 0.0,
        "CONJ": 0.0,
        "DET": 0.7458823529411764,
        "NOUN": 0.868452380952381,
        "NUM": 0.0,
        "PRON": 0.7155688622754491,
        "PRT": 0.0,
        "VERB": 0.8250825082508251,
        "X": 0.7967599410898379,
        "<pad>": 0
    },
    "train_loss": 1.2280244827270508,
    "validation_accuracy": 0.6518836432999523,
    "validation_accuracy_per_label": {
        ".": 0.9357429718875502,
        "ADJ": 0.0,
        "ADP": 0.5496688741721855,
        "ADV": 0.0,
        "CONJ": 0.0,
        "DET": 0.7461538461538462,
        "NOUN": 0.8235294117647058,
        "NUM": 0.0,
        "PRON": 0.7135416666666666,
        "PRT": 0.0,
        "VERB": 0.8133704735376045,
        "X": 0.7430167597765364,
        "<pad>": 0
    },
    "validation_loss": 1.2495462894439697,
    "epoch_num": 12
}