{
    "train_accuracy": 0.7238368126620276,
    "train_accuracy_per_label": {
        ".": 0.9522727272727273,
        "ADJ": 0.0,
        "ADP": 0.7276051188299817,
        "ADV": 0.0,
        "CONJ": 0.024844720496894408,
        "DET": 0.8541176470588235,
        "NOUN": 0.9047619047619048,
        "NUM": 0.0,
        "PRON": 0.8488023952095808,
        "PRT": 0.009708737864077669,
        "VERB": 0.8597359735973598,
        "X": 0.8409425625920471,
        "<pad>": 0
    },
    "train_loss": 0.9747700691223145,
    "validation_accuracy": 0.6938483547925608,
    "validation_accuracy_per_label": {
        ".": 0.9558232931726908,
        "ADJ": 0.0,
        "ADP": 0.7947019867549668,
        "ADV": 0.0,
        "CONJ": 0.11904761904761904,
        "DET": 0.8076923076923077,
        "NOUN": 0.8319327731092437,
        "NUM": 0.0,
        "PRON": 0.8072916666666666,
        "PRT": 0.03508771929824561,
        "VERB": 0.8161559888579387,
        "X": 0.7877094972067039,
        "<pad>": 0
    },
    "validation_loss": 1.0289599895477295,
    "epoch_num": 15
}