{
    "train_accuracy": 0.9489698458179834,
    "train_accuracy_per_label": {
        ".": 0.9670454545454545,
        "ADJ": 0.8184523809523809,
        "ADP": 0.9323583180987203,
        "ADV": 0.9035532994923858,
        "CONJ": 0.9254658385093167,
        "DET": 0.9694117647058823,
        "NOUN": 0.9660714285714286,
        "NUM": 0.8014184397163121,
        "PRON": 0.9775449101796407,
        "PRT": 0.9514563106796117,
        "VERB": 0.9735973597359736,
        "X": 0.9381443298969072,
        "<pad>": 0
    },
    "train_loss": 0.2207714319229126,
    "validation_accuracy": 0.8416785884597043,
    "validation_accuracy_per_label": {
        ".": 0.9518072289156626,
        "ADJ": 0.5151515151515151,
        "ADP": 0.9337748344370861,
        "ADV": 0.7054263565891473,
        "CONJ": 0.9285714285714286,
        "DET": 0.9153846153846154,
        "NOUN": 0.7962184873949579,
        "NUM": 0.6470588235294118,
        "PRON": 0.9479166666666666,
        "PRT": 0.9122807017543859,
        "VERB": 0.8495821727019499,
        "X": 0.8212290502793296,
        "<pad>": 0
    },
    "validation_loss": 0.560878574848175,
    "epoch_num": 38
}