{
    "train_accuracy": 0.7950607176968209,
    "train_accuracy_per_label": {
        ".": 0.9556818181818182,
        "ADJ": 0.01488095238095238,
        "ADP": 0.8555758683729433,
        "ADV": 0.1319796954314721,
        "CONJ": 0.7080745341614907,
        "DET": 0.9035294117647059,
        "NOUN": 0.9214285714285714,
        "NUM": 0.0,
        "PRON": 0.9446107784431138,
        "PRT": 0.5194174757281553,
        "VERB": 0.8935643564356436,
        "X": 0.8748159057437408,
        "<pad>": 0
    },
    "train_loss": 0.761695146560669,
    "validation_accuracy": 0.7615641392465426,
    "validation_accuracy_per_label": {
        ".": 0.9558232931726908,
        "ADJ": 0.010101010101010102,
        "ADP": 0.9271523178807947,
        "ADV": 0.15503875968992248,
        "CONJ": 0.8095238095238095,
        "DET": 0.8538461538461538,
        "NOUN": 0.8382352941176471,
        "NUM": 0.0,
        "PRON": 0.9375,
        "PRT": 0.5614035087719298,
        "VERB": 0.8272980501392758,
        "X": 0.8100558659217877,
        "<pad>": 0
    },
    "validation_loss": 0.8498349785804749,
    "epoch_num": 18
}