{
    "train_accuracy": 0.9420111884295266,
    "train_accuracy_per_label": {
        ".": 0.9625,
        "ADJ": 0.7976190476190477,
        "ADP": 0.9195612431444241,
        "ADV": 0.8756345177664975,
        "CONJ": 0.9254658385093167,
        "DET": 0.9670588235294117,
        "NOUN": 0.9571428571428572,
        "NUM": 0.8085106382978723,
        "PRON": 0.9790419161676647,
        "PRT": 0.9466019417475728,
        "VERB": 0.9702970297029703,
        "X": 0.9337260677466863,
        "<pad>": 0
    },
    "train_loss": 0.24436789751052856,
    "validation_accuracy": 0.8392942298521697,
    "validation_accuracy_per_label": {
        ".": 0.9518072289156626,
        "ADJ": 0.48484848484848486,
        "ADP": 0.9271523178807947,
        "ADV": 0.689922480620155,
        "CONJ": 0.9285714285714286,
        "DET": 0.9153846153846154,
        "NOUN": 0.7962184873949579,
        "NUM": 0.6176470588235294,
        "PRON": 0.9479166666666666,
        "PRT": 0.9298245614035088,
        "VERB": 0.8523676880222841,
        "X": 0.8212290502793296,
        "<pad>": 0
    },
    "validation_loss": 0.5618902444839478,
    "epoch_num": 36
}