{
    "train_accuracy": 0.25201255287215174,
    "train_accuracy_per_label": {
        ".": 0.0,
        "ADJ": 0.0,
        "ADP": 0.0,
        "ADV": 0.0,
        "CONJ": 0.0,
        "DET": 0.0,
        "NOUN": 0.9285714285714286,
        "NUM": 0.0,
        "PRON": 0.0,
        "PRT": 0.0,
        "VERB": 0.2367986798679868,
        "X": 0.0,
        "<pad>": 0
    },
    "train_loss": 2.2545719146728516,
    "validation_accuracy": 0.22699093943729137,
    "validation_accuracy_per_label": {
        ".": 0.0,
        "ADJ": 0.0,
        "ADP": 0.0,
        "ADV": 0.0,
        "CONJ": 0.0,
        "DET": 0.0,
        "NOUN": 0.9978991596638656,
        "NUM": 0.0,
        "PRON": 0.0,
        "PRT": 0.0,
        "VERB": 0.002785515320334262,
        "X": 0.0,
        "<pad>": 0
    },
    "validation_loss": 2.220731496810913,
    "epoch_num": 2
}