{
    "train_accuracy": 0.9278209851275754,
    "train_accuracy_per_label": {
        ".": 0.9613636363636363,
        "ADJ": 0.6785714285714286,
        "ADP": 0.9049360146252285,
        "ADV": 0.868020304568528,
        "CONJ": 0.9130434782608695,
        "DET": 0.9623529411764706,
        "NOUN": 0.950595238095238,
        "NUM": 0.7446808510638298,
        "PRON": 0.9715568862275449,
        "PRT": 0.9223300970873787,
        "VERB": 0.9612211221122112,
        "X": 0.9234167893961709,
        "<pad>": 0
    },
    "train_loss": 0.3136104345321655,
    "validation_accuracy": 0.8416785884597043,
    "validation_accuracy_per_label": {
        ".": 0.9518072289156626,
        "ADJ": 0.42424242424242425,
        "ADP": 0.9271523178807947,
        "ADV": 0.6744186046511628,
        "CONJ": 0.9285714285714286,
        "DET": 0.9230769230769231,
        "NOUN": 0.8109243697478992,
        "NUM": 0.6176470588235294,
        "PRON": 0.9479166666666666,
        "PRT": 0.9122807017543859,
        "VERB": 0.8607242339832869,
        "X": 0.8379888268156425,
        "<pad>": 0
    },
    "validation_loss": 0.5741201639175415,
    "epoch_num": 31
}