{
    "train_accuracy": 0.9685009816376025,
    "train_accuracy_per_label": {
        "B-company": 0.6194029850746269,
        "B-facility": 0.10526315789473684,
        "B-geo-loc": 0.7185929648241206,
        "B-movie": 0.0,
        "B-musicartist": 0.023809523809523808,
        "B-other": 0.1728395061728395,
        "B-person": 0.8407079646017699,
        "B-product": 0.5,
        "B-sportsteam": 0.35,
        "B-tvshow": 0.0,
        "I-company": 0.0,
        "I-facility": 0.21333333333333335,
        "I-geo-loc": 0.17142857142857143,
        "I-movie": 0.0,
        "I-musicartist": 0.021739130434782608,
        "I-other": 0.1506276150627615,
        "I-person": 0.7124183006535948,
        "I-product": 0.21875,
        "I-sportsteam": 0.2631578947368421,
        "I-tvshow": 0.0,
        "O": 0.9986281324309493,
        "<pad>": 0
    },
    "train_loss": 87.65644073486328,
    "validation_accuracy": 0.9445896497647673,
    "validation_accuracy_per_label": {
        "B-company": 0.4166666666666667,
        "B-facility": 0.0,
        "B-geo-loc": 0.35064935064935066,
        "B-movie": 0.0,
        "B-musicartist": 0.0,
        "B-other": 0.047619047619047616,
        "B-person": 0.75,
        "B-product": 0.21052631578947367,
        "B-sportsteam": 0.18181818181818182,
        "B-tvshow": 0.0,
        "I-company": 0.0,
        "I-facility": 0.13793103448275862,
        "I-geo-loc": 0.07142857142857142,
        "I-movie": 0.0,
        "I-musicartist": 0.0,
        "I-other": 0.037037037037037035,
        "I-person": 0.4918032786885246,
        "I-product": 0.0,
        "I-sportsteam": 0.0,
        "I-tvshow": 0.0,
        "O": 0.9829603021092382,
        "<pad>": 0
    },
    "validation_loss": 159.6796417236328,
    "epoch_num": 19
}