{
    "train_accuracy": 0.9663933479616584,
    "train_accuracy_per_label": {
        "B-company": 0.582089552238806,
        "B-facility": 0.039473684210526314,
        "B-geo-loc": 0.6733668341708543,
        "B-movie": 0.0,
        "B-musicartist": 0.0,
        "B-other": 0.12962962962962962,
        "B-person": 0.8171091445427728,
        "B-product": 0.46153846153846156,
        "B-sportsteam": 0.3,
        "B-tvshow": 0.0,
        "I-company": 0.0,
        "I-facility": 0.10666666666666667,
        "I-geo-loc": 0.11428571428571428,
        "I-movie": 0.0,
        "I-musicartist": 0.021739130434782608,
        "I-other": 0.13389121338912133,
        "I-person": 0.6666666666666666,
        "I-product": 0.171875,
        "I-sportsteam": 0.15789473684210525,
        "I-tvshow": 0.0,
        "O": 0.998414730809097,
        "<pad>": 0
    },
    "train_loss": 95.68787384033203,
    "validation_accuracy": 0.9440669106116049,
    "validation_accuracy_per_label": {
        "B-company": 0.4166666666666667,
        "B-facility": 0.0,
        "B-geo-loc": 0.35064935064935066,
        "B-movie": 0.0,
        "B-musicartist": 0.0,
        "B-other": 0.031746031746031744,
        "B-person": 0.7407407407407407,
        "B-product": 0.21052631578947367,
        "B-sportsteam": 0.09090909090909091,
        "B-tvshow": 0.0,
        "I-company": 0.0,
        "I-facility": 0.10344827586206896,
        "I-geo-loc": 0.07142857142857142,
        "I-movie": 0.0,
        "I-musicartist": 0.0,
        "I-other": 0.037037037037037035,
        "I-person": 0.47540983606557374,
        "I-product": 0.0,
        "I-sportsteam": 0.0,
        "I-tvshow": 0.0,
        "O": 0.9828681956341531,
        "<pad>": 0
    },
    "validation_loss": 163.69268798828125,
    "epoch_num": 17
}