{
    "train_accuracy": 0.9026446471878969,
    "train_accuracy_per_label": {
        "B-company": 0.13432835820895522,
        "B-facility": 0.013157894736842105,
        "B-geo-loc": 0.010050251256281407,
        "B-movie": 0.0,
        "B-musicartist": 0.0,
        "B-other": 0.030864197530864196,
        "B-person": 0.1976401179941003,
        "B-product": 0.01282051282051282,
        "B-sportsteam": 0.0,
        "B-tvshow": 0.0,
        "I-company": 0.0,
        "I-facility": 0.013333333333333334,
        "I-geo-loc": 0.0,
        "I-movie": 0.02857142857142857,
        "I-musicartist": 0.0,
        "I-other": 0.04184100418410042,
        "I-person": 0.0915032679738562,
        "I-product": 0.015625,
        "I-sportsteam": 0.0,
        "I-tvshow": 0.0,
        "O": 0.9494238156209988,
        "<pad>": 0
    },
    "train_loss": 497.3033447265625,
    "validation_accuracy": 0.9111343439623628,
    "validation_accuracy_per_label": {
        "B-company": 0.19444444444444445,
        "B-facility": 0.0,
        "B-geo-loc": 0.0,
        "B-movie": 0.0,
        "B-musicartist": 0.0,
        "B-other": 0.0,
        "B-person": 0.1574074074074074,
        "B-product": 0.0,
        "B-sportsteam": 0.0,
        "B-tvshow": 0.0,
        "I-company": 0.0,
        "I-facility": 0.0,
        "I-geo-loc": 0.0,
        "I-movie": 0.0,
        "I-musicartist": 0.0,
        "I-other": 0.012345679012345678,
        "I-person": 0.13114754098360656,
        "I-product": 0.0,
        "I-sportsteam": 0.0,
        "I-tvshow": 0.0,
        "O": 0.9602100027631942,
        "<pad>": 0
    },
    "validation_loss": 409.64276123046875,
    "epoch_num": 2
}