{
    "train_accuracy": 0.9521018593371059,
    "train_accuracy_per_label": {
        "B-company": 0.44029850746268656,
        "B-facility": 0.0,
        "B-geo-loc": 0.16080402010050251,
        "B-movie": 0.0,
        "B-musicartist": 0.0,
        "B-other": 0.024691358024691357,
        "B-person": 0.6578171091445427,
        "B-product": 0.15384615384615385,
        "B-sportsteam": 0.1,
        "B-tvshow": 0.0,
        "I-company": 0.0,
        "I-facility": 0.0,
        "I-geo-loc": 0.0,
        "I-movie": 0.02857142857142857,
        "I-musicartist": 0.0,
        "I-other": 0.04602510460251046,
        "I-person": 0.2679738562091503,
        "I-product": 0.015625,
        "I-sportsteam": 0.0,
        "I-tvshow": 0.0,
        "O": 0.9935064935064936,
        "<pad>": 0
    },
    "train_loss": 158.5734405517578,
    "validation_accuracy": 0.9373584248126852,
    "validation_accuracy_per_label": {
        "B-company": 0.4444444444444444,
        "B-facility": 0.0,
        "B-geo-loc": 0.012987012987012988,
        "B-movie": 0.0,
        "B-musicartist": 0.0,
        "B-other": 0.015873015873015872,
        "B-person": 0.5833333333333334,
        "B-product": 0.10526315789473684,
        "B-sportsteam": 0.0,
        "B-tvshow": 0.0,
        "I-company": 0.0,
        "I-facility": 0.0,
        "I-geo-loc": 0.0,
        "I-movie": 0.0,
        "I-musicartist": 0.0,
        "I-other": 0.024691358024691357,
        "I-person": 0.19672131147540983,
        "I-product": 0.0,
        "I-sportsteam": 0.0,
        "I-tvshow": 0.0,
        "O": 0.9820392373583863,
        "<pad>": 0
    },
    "validation_loss": 202.18942260742188,
    "epoch_num": 8
}