{
    "train_accuracy": 0.8280113177041228,
    "train_accuracy_per_label": {
        "B-company": 0.022388059701492536,
        "B-facility": 0.013157894736842105,
        "B-geo-loc": 0.020100502512562814,
        "B-movie": 0.0,
        "B-musicartist": 0.0,
        "B-other": 0.024691358024691357,
        "B-person": 0.07079646017699115,
        "B-product": 0.0,
        "B-sportsteam": 0.075,
        "B-tvshow": 0.0,
        "I-company": 0.034482758620689655,
        "I-facility": 0.0,
        "I-geo-loc": 0.0,
        "I-movie": 0.0,
        "I-musicartist": 0.0,
        "I-other": 0.03347280334728033,
        "I-person": 0.058823529411764705,
        "I-product": 0.0,
        "I-sportsteam": 0.0,
        "I-tvshow": 0.0,
        "O": 0.8725687458081824,
        "<pad>": 0
    },
    "train_loss": 892.5662231445312,
    "validation_accuracy": 0.8741941104722077,
    "validation_accuracy_per_label": {
        "B-company": 0.027777777777777776,
        "B-facility": 0.0,
        "B-geo-loc": 0.012987012987012988,
        "B-movie": 0.0,
        "B-musicartist": 0.0,
        "B-other": 0.0,
        "B-person": 0.12037037037037036,
        "B-product": 0.0,
        "B-sportsteam": 0.0,
        "B-tvshow": 0.0,
        "I-company": 0.0,
        "I-facility": 0.0,
        "I-geo-loc": 0.0,
        "I-movie": 0.0,
        "I-musicartist": 0.0,
        "I-other": 0.012345679012345678,
        "I-person": 0.13114754098360656,
        "I-product": 0.0,
        "I-sportsteam": 0.0,
        "I-tvshow": 0.0,
        "O": 0.9219858156028369,
        "<pad>": 0
    },
    "validation_loss": 650.8629760742188,
    "epoch_num": 1
}