{
    "train_accuracy": 0.9564903568541402,
    "train_accuracy_per_label": {
        "B-company": 0.4701492537313433,
        "B-facility": 0.013157894736842105,
        "B-geo-loc": 0.3015075376884422,
        "B-movie": 0.0,
        "B-musicartist": 0.0,
        "B-other": 0.05555555555555555,
        "B-person": 0.7374631268436578,
        "B-product": 0.28205128205128205,
        "B-sportsteam": 0.125,
        "B-tvshow": 0.0,
        "I-company": 0.0,
        "I-facility": 0.013333333333333334,
        "I-geo-loc": 0.0,
        "I-movie": 0.0,
        "I-musicartist": 0.0,
        "I-other": 0.058577405857740586,
        "I-person": 0.39869281045751637,
        "I-product": 0.046875,
        "I-sportsteam": 0.0,
        "I-tvshow": 0.0,
        "O": 0.9950612767514176,
        "<pad>": 0
    },
    "train_loss": 137.79637145996094,
    "validation_accuracy": 0.939972120578498,
    "validation_accuracy_per_label": {
        "B-company": 0.4166666666666667,
        "B-facility": 0.0,
        "B-geo-loc": 0.12987012987012986,
        "B-movie": 0.0,
        "B-musicartist": 0.0,
        "B-other": 0.031746031746031744,
        "B-person": 0.6388888888888888,
        "B-product": 0.21052631578947367,
        "B-sportsteam": 0.09090909090909091,
        "B-tvshow": 0.0,
        "I-company": 0.0,
        "I-facility": 0.0,
        "I-geo-loc": 0.07142857142857142,
        "I-movie": 0.0,
        "I-musicartist": 0.0,
        "I-other": 0.024691358024691357,
        "I-person": 0.2786885245901639,
        "I-product": 0.0,
        "I-sportsteam": 0.0,
        "I-tvshow": 0.0,
        "O": 0.9825918762088974,
        "<pad>": 0
    },
    "validation_loss": 188.58192443847656,
    "epoch_num": 10
}