{
    "train_accuracy": 0.9490703314470493,
    "train_accuracy_per_label": {
        "B-company": 0.417910447761194,
        "B-facility": 0.0,
        "B-geo-loc": 0.07035175879396985,
        "B-movie": 0.0,
        "B-musicartist": 0.0,
        "B-other": 0.024691358024691357,
        "B-person": 0.6253687315634219,
        "B-product": 0.11538461538461539,
        "B-sportsteam": 0.05,
        "B-tvshow": 0.0,
        "I-company": 0.0,
        "I-facility": 0.0,
        "I-geo-loc": 0.0,
        "I-movie": 0.02857142857142857,
        "I-musicartist": 0.0,
        "I-other": 0.04184100418410042,
        "I-person": 0.24183006535947713,
        "I-product": 0.015625,
        "I-sportsteam": 0.0,
        "I-tvshow": 0.0,
        "O": 0.9915858789098225,
        "<pad>": 0
    },
    "train_loss": 172.4091796875,
    "validation_accuracy": 0.93561596096881,
    "validation_accuracy_per_label": {
        "B-company": 0.4444444444444444,
        "B-facility": 0.0,
        "B-geo-loc": 0.0,
        "B-movie": 0.0,
        "B-musicartist": 0.0,
        "B-other": 0.0,
        "B-person": 0.5555555555555556,
        "B-product": 0.10526315789473684,
        "B-sportsteam": 0.0,
        "B-tvshow": 0.0,
        "I-company": 0.0,
        "I-facility": 0.0,
        "I-geo-loc": 0.0,
        "I-movie": 0.0,
        "I-musicartist": 0.0,
        "I-other": 0.024691358024691357,
        "I-person": 0.13114754098360656,
        "I-product": 0.0,
        "I-sportsteam": 0.0,
        "I-tvshow": 0.0,
        "O": 0.9810260661324491,
        "<pad>": 0
    },
    "validation_loss": 211.42495727539062,
    "epoch_num": 7
}