{
    "train_accuracy": 0.9642279708973323,
    "train_accuracy_per_label": {
        "B-company": 0.5522388059701493,
        "B-facility": 0.039473684210526314,
        "B-geo-loc": 0.5879396984924623,
        "B-movie": 0.0,
        "B-musicartist": 0.0,
        "B-other": 0.09876543209876543,
        "B-person": 0.7964601769911505,
        "B-product": 0.4230769230769231,
        "B-sportsteam": 0.2,
        "B-tvshow": 0.0,
        "I-company": 0.0,
        "I-facility": 0.04,
        "I-geo-loc": 0.05714285714285714,
        "I-movie": 0.0,
        "I-musicartist": 0.021739130434782608,
        "I-other": 0.1087866108786611,
        "I-person": 0.6274509803921569,
        "I-product": 0.171875,
        "I-sportsteam": 0.10526315789473684,
        "I-tvshow": 0.0,
        "O": 0.9979574416194135,
        "<pad>": 0
    },
    "train_loss": 104.96361541748047,
    "validation_accuracy": 0.9438055410350236,
    "validation_accuracy_per_label": {
        "B-company": 0.4166666666666667,
        "B-facility": 0.0,
        "B-geo-loc": 0.3246753246753247,
        "B-movie": 0.0,
        "B-musicartist": 0.0,
        "B-other": 0.031746031746031744,
        "B-person": 0.7407407407407407,
        "B-product": 0.21052631578947367,
        "B-sportsteam": 0.09090909090909091,
        "B-tvshow": 0.0,
        "I-company": 0.0,
        "I-facility": 0.0,
        "I-geo-loc": 0.07142857142857142,
        "I-movie": 0.0,
        "I-musicartist": 0.0,
        "I-other": 0.037037037037037035,
        "I-person": 0.45901639344262296,
        "I-product": 0.0,
        "I-sportsteam": 0.0,
        "I-tvshow": 0.0,
        "O": 0.9831445150594087,
        "<pad>": 0
    },
    "validation_loss": 168.70452880859375,
    "epoch_num": 15
}