{
    "train_accuracy": 0.923634368864765,
    "train_accuracy_per_label": {
        "B-company": 0.1865671641791045,
        "B-facility": 0.0,
        "B-geo-loc": 0.01507537688442211,
        "B-movie": 0.0,
        "B-musicartist": 0.0,
        "B-other": 0.006172839506172839,
        "B-person": 0.2949852507374631,
        "B-product": 0.038461538461538464,
        "B-sportsteam": 0.0,
        "B-tvshow": 0.0,
        "I-company": 0.0,
        "I-facility": 0.013333333333333334,
        "I-geo-loc": 0.0,
        "I-movie": 0.02857142857142857,
        "I-musicartist": 0.0,
        "I-other": 0.03347280334728033,
        "I-person": 0.10457516339869281,
        "I-product": 0.0,
        "I-sportsteam": 0.0,
        "I-tvshow": 0.0,
        "O": 0.9704591183464423,
        "<pad>": 0
    },
    "train_loss": 330.44110107421875,
    "validation_accuracy": 0.9221118661787768,
    "validation_accuracy_per_label": {
        "B-company": 0.2222222222222222,
        "B-facility": 0.0,
        "B-geo-loc": 0.0,
        "B-movie": 0.0,
        "B-musicartist": 0.0,
        "B-other": 0.0,
        "B-person": 0.25925925925925924,
        "B-product": 0.0,
        "B-sportsteam": 0.0,
        "B-tvshow": 0.0,
        "I-company": 0.0,
        "I-facility": 0.0,
        "I-geo-loc": 0.0,
        "I-movie": 0.0,
        "I-musicartist": 0.0,
        "I-other": 0.012345679012345678,
        "I-person": 0.11475409836065574,
        "I-product": 0.0,
        "I-sportsteam": 0.0,
        "I-tvshow": 0.0,
        "O": 0.970802247397992,
        "<pad>": 0
    },
    "validation_loss": 310.83685302734375,
    "epoch_num": 3
}