{
    "train_accuracy": 0.9415636909573853,
    "train_accuracy_per_label": {
        "B-company": 0.3805970149253731,
        "B-facility": 0.0,
        "B-geo-loc": 0.035175879396984924,
        "B-movie": 0.0,
        "B-musicartist": 0.0,
        "B-other": 0.018518518518518517,
        "B-person": 0.46017699115044247,
        "B-product": 0.0641025641025641,
        "B-sportsteam": 0.0,
        "B-tvshow": 0.0,
        "I-company": 0.0,
        "I-facility": 0.0,
        "I-geo-loc": 0.0,
        "I-movie": 0.02857142857142857,
        "I-musicartist": 0.0,
        "I-other": 0.029288702928870293,
        "I-person": 0.16339869281045752,
        "I-product": 0.015625,
        "I-sportsteam": 0.0,
        "I-tvshow": 0.0,
        "O": 0.986403268093409,
        "<pad>": 0
    },
    "train_loss": 215.40380859375,
    "validation_accuracy": 0.9322181564732532,
    "validation_accuracy_per_label": {
        "B-company": 0.4444444444444444,
        "B-facility": 0.0,
        "B-geo-loc": 0.0,
        "B-movie": 0.0,
        "B-musicartist": 0.0,
        "B-other": 0.0,
        "B-person": 0.4537037037037037,
        "B-product": 0.10526315789473684,
        "B-sportsteam": 0.0,
        "B-tvshow": 0.0,
        "I-company": 0.0,
        "I-facility": 0.0,
        "I-geo-loc": 0.0,
        "I-movie": 0.0,
        "I-musicartist": 0.0,
        "I-other": 0.012345679012345678,
        "I-person": 0.11475409836065574,
        "I-product": 0.0,
        "I-sportsteam": 0.0,
        "I-tvshow": 0.0,
        "O": 0.9786312977802339,
        "<pad>": 0
    },
    "validation_loss": 239.8865966796875,
    "epoch_num": 5
}