{
    "train_accuracy": 0.9458655733918466,
    "train_accuracy_per_label": {
        "B-company": 0.41044776119402987,
        "B-facility": 0.0,
        "B-geo-loc": 0.04522613065326633,
        "B-movie": 0.0,
        "B-musicartist": 0.0,
        "B-other": 0.024691358024691357,
        "B-person": 0.56047197640118,
        "B-product": 0.07692307692307693,
        "B-sportsteam": 0.0,
        "B-tvshow": 0.0,
        "I-company": 0.0,
        "I-facility": 0.0,
        "I-geo-loc": 0.0,
        "I-movie": 0.02857142857142857,
        "I-musicartist": 0.0,
        "I-other": 0.03765690376569038,
        "I-person": 0.20261437908496732,
        "I-product": 0.015625,
        "I-sportsteam": 0.0,
        "I-tvshow": 0.0,
        "O": 0.9894213767453204,
        "<pad>": 0
    },
    "train_loss": 190.30221557617188,
    "validation_accuracy": 0.9343091130859035,
    "validation_accuracy_per_label": {
        "B-company": 0.4722222222222222,
        "B-facility": 0.0,
        "B-geo-loc": 0.0,
        "B-movie": 0.0,
        "B-musicartist": 0.0,
        "B-other": 0.0,
        "B-person": 0.5277777777777778,
        "B-product": 0.10526315789473684,
        "B-sportsteam": 0.0,
        "B-tvshow": 0.0,
        "I-company": 0.0,
        "I-facility": 0.0,
        "I-geo-loc": 0.0,
        "I-movie": 0.0,
        "I-musicartist": 0.0,
        "I-other": 0.012345679012345678,
        "I-person": 0.11475409836065574,
        "I-product": 0.0,
        "I-sportsteam": 0.0,
        "I-tvshow": 0.0,
        "O": 0.9800128949065119,
        "<pad>": 0
    },
    "validation_loss": 223.37071228027344,
    "epoch_num": 6
}