{
    "train_accuracy": 0.9633906917657928,
    "train_accuracy_per_label": {
        "B-company": 0.5447761194029851,
        "B-facility": 0.039473684210526314,
        "B-geo-loc": 0.5678391959798995,
        "B-movie": 0.0,
        "B-musicartist": 0.0,
        "B-other": 0.09876543209876543,
        "B-person": 0.7935103244837758,
        "B-product": 0.3717948717948718,
        "B-sportsteam": 0.175,
        "B-tvshow": 0.0,
        "I-company": 0.0,
        "I-facility": 0.04,
        "I-geo-loc": 0.05714285714285714,
        "I-movie": 0.0,
        "I-musicartist": 0.021739130434782608,
        "I-other": 0.1087866108786611,
        "I-person": 0.5947712418300654,
        "I-product": 0.140625,
        "I-sportsteam": 0.10526315789473684,
        "I-tvshow": 0.0,
        "O": 0.9976220962136455,
        "<pad>": 0
    },
    "train_loss": 110.21322631835938,
    "validation_accuracy": 0.9430214323052797,
    "validation_accuracy_per_label": {
        "B-company": 0.4166666666666667,
        "B-facility": 0.0,
        "B-geo-loc": 0.2987012987012987,
        "B-movie": 0.0,
        "B-musicartist": 0.0,
        "B-other": 0.031746031746031744,
        "B-person": 0.7222222222222222,
        "B-product": 0.21052631578947367,
        "B-sportsteam": 0.09090909090909091,
        "B-tvshow": 0.0,
        "I-company": 0.0,
        "I-facility": 0.0,
        "I-geo-loc": 0.07142857142857142,
        "I-movie": 0.0,
        "I-musicartist": 0.0,
        "I-other": 0.037037037037037035,
        "I-person": 0.4262295081967213,
        "I-product": 0.0,
        "I-sportsteam": 0.0,
        "I-tvshow": 0.0,
        "O": 0.9828681956341531,
        "<pad>": 0
    },
    "validation_loss": 171.68667602539062,
    "epoch_num": 14
}