{
    "train_accuracy": 0.9621780806097702,
    "train_accuracy_per_label": {
        "B-company": 0.5149253731343284,
        "B-facility": 0.039473684210526314,
        "B-geo-loc": 0.5226130653266332,
        "B-movie": 0.0,
        "B-musicartist": 0.0,
        "B-other": 0.09259259259259259,
        "B-person": 0.7846607669616519,
        "B-product": 0.34615384615384615,
        "B-sportsteam": 0.175,
        "B-tvshow": 0.0,
        "I-company": 0.0,
        "I-facility": 0.04,
        "I-geo-loc": 0.02857142857142857,
        "I-movie": 0.0,
        "I-musicartist": 0.021739130434782608,
        "I-other": 0.1087866108786611,
        "I-person": 0.5751633986928104,
        "I-product": 0.09375,
        "I-sportsteam": 0.0,
        "I-tvshow": 0.0,
        "O": 0.9971952929699408,
        "<pad>": 0
    },
    "train_loss": 115.98538970947266,
    "validation_accuracy": 0.9431085554974734,
    "validation_accuracy_per_label": {
        "B-company": 0.4166666666666667,
        "B-facility": 0.0,
        "B-geo-loc": 0.2857142857142857,
        "B-movie": 0.0,
        "B-musicartist": 0.0,
        "B-other": 0.031746031746031744,
        "B-person": 0.7314814814814815,
        "B-product": 0.21052631578947367,
        "B-sportsteam": 0.09090909090909091,
        "B-tvshow": 0.0,
        "I-company": 0.0,
        "I-facility": 0.0,
        "I-geo-loc": 0.07142857142857142,
        "I-movie": 0.0,
        "I-musicartist": 0.0,
        "I-other": 0.037037037037037035,
        "I-person": 0.4098360655737705,
        "I-product": 0.0,
        "I-sportsteam": 0.0,
        "I-tvshow": 0.0,
        "O": 0.9830524085843235,
        "<pad>": 0
    },
    "validation_loss": 175.06591796875,
    "epoch_num": 13
}