{
    "train_accuracy": 0.9603014204873542,
    "train_accuracy_per_label": {
        "B-company": 0.5,
        "B-facility": 0.02631578947368421,
        "B-geo-loc": 0.46733668341708545,
        "B-movie": 0.0,
        "B-musicartist": 0.0,
        "B-other": 0.08641975308641975,
        "B-person": 0.7610619469026548,
        "B-product": 0.3333333333333333,
        "B-sportsteam": 0.15,
        "B-tvshow": 0.0,
        "I-company": 0.0,
        "I-facility": 0.02666666666666667,
        "I-geo-loc": 0.0,
        "I-movie": 0.0,
        "I-musicartist": 0.021739130434782608,
        "I-other": 0.09623430962343096,
        "I-person": 0.5163398692810458,
        "I-product": 0.09375,
        "I-sportsteam": 0.0,
        "I-tvshow": 0.0,
        "O": 0.9964026583744894,
        "<pad>": 0
    },
    "train_loss": 122.39493560791016,
    "validation_accuracy": 0.9419759539989545,
    "validation_accuracy_per_label": {
        "B-company": 0.4166666666666667,
        "B-facility": 0.0,
        "B-geo-loc": 0.2597402597402597,
        "B-movie": 0.0,
        "B-musicartist": 0.0,
        "B-other": 0.031746031746031744,
        "B-person": 0.6666666666666666,
        "B-product": 0.21052631578947367,
        "B-sportsteam": 0.09090909090909091,
        "B-tvshow": 0.0,
        "I-company": 0.0,
        "I-facility": 0.0,
        "I-geo-loc": 0.07142857142857142,
        "I-movie": 0.0,
        "I-musicartist": 0.0,
        "I-other": 0.037037037037037035,
        "I-person": 0.3442622950819672,
        "I-product": 0.0,
        "I-sportsteam": 0.0,
        "I-tvshow": 0.0,
        "O": 0.9830524085843235,
        "<pad>": 0
    },
    "validation_loss": 178.92581176757812,
    "epoch_num": 12
}