{
    "train_accuracy": 0.9672594987873888,
    "train_accuracy_per_label": {
        "B-company": 0.5970149253731343,
        "B-facility": 0.06578947368421052,
        "B-geo-loc": 0.6934673366834171,
        "B-movie": 0.0,
        "B-musicartist": 0.023809523809523808,
        "B-other": 0.1419753086419753,
        "B-person": 0.8289085545722714,
        "B-product": 0.47435897435897434,
        "B-sportsteam": 0.3,
        "B-tvshow": 0.0,
        "I-company": 0.0,
        "I-facility": 0.16,
        "I-geo-loc": 0.14285714285714285,
        "I-movie": 0.0,
        "I-musicartist": 0.021739130434782608,
        "I-other": 0.14644351464435146,
        "I-person": 0.6993464052287581,
        "I-product": 0.171875,
        "I-sportsteam": 0.15789473684210525,
        "I-tvshow": 0.0,
        "O": 0.9984452167550759,
        "<pad>": 0
    },
    "train_loss": 91.54007720947266,
    "validation_accuracy": 0.944328280188186,
    "validation_accuracy_per_label": {
        "B-company": 0.4166666666666667,
        "B-facility": 0.0,
        "B-geo-loc": 0.35064935064935066,
        "B-movie": 0.0,
        "B-musicartist": 0.0,
        "B-other": 0.031746031746031744,
        "B-person": 0.7407407407407407,
        "B-product": 0.21052631578947367,
        "B-sportsteam": 0.18181818181818182,
        "B-tvshow": 0.0,
        "I-company": 0.0,
        "I-facility": 0.10344827586206896,
        "I-geo-loc": 0.07142857142857142,
        "I-movie": 0.0,
        "I-musicartist": 0.0,
        "I-other": 0.037037037037037035,
        "I-person": 0.47540983606557374,
        "I-product": 0.0,
        "I-sportsteam": 0.0,
        "I-tvshow": 0.0,
        "O": 0.9830524085843235,
        "<pad>": 0
    },
    "validation_loss": 161.576904296875,
    "epoch_num": 18
}