{
    "train_accuracy": 0.93515417484698,
    "train_accuracy_per_label": {
        "B-company": 0.2462686567164179,
        "B-facility": 0.0,
        "B-geo-loc": 0.02512562814070352,
        "B-movie": 0.0,
        "B-musicartist": 0.0,
        "B-other": 0.024691358024691357,
        "B-person": 0.3864306784660767,
        "B-product": 0.02564102564102564,
        "B-sportsteam": 0.0,
        "B-tvshow": 0.0,
        "I-company": 0.0,
        "I-facility": 0.0,
        "I-geo-loc": 0.0,
        "I-movie": 0.02857142857142857,
        "I-musicartist": 0.0,
        "I-other": 0.016736401673640166,
        "I-person": 0.1111111111111111,
        "I-product": 0.015625,
        "I-sportsteam": 0.0,
        "I-tvshow": 0.0,
        "O": 0.9814035729528687,
        "<pad>": 0
    },
    "train_loss": 255.2376708984375,
    "validation_accuracy": 0.9273392577104025,
    "validation_accuracy_per_label": {
        "B-company": 0.3333333333333333,
        "B-facility": 0.0,
        "B-geo-loc": 0.0,
        "B-movie": 0.0,
        "B-musicartist": 0.0,
        "B-other": 0.0,
        "B-person": 0.3333333333333333,
        "B-product": 0.10526315789473684,
        "B-sportsteam": 0.0,
        "B-tvshow": 0.0,
        "I-company": 0.0,
        "I-facility": 0.0,
        "I-geo-loc": 0.0,
        "I-movie": 0.0,
        "I-musicartist": 0.0,
        "I-other": 0.012345679012345678,
        "I-person": 0.11475409836065574,
        "I-product": 0.0,
        "I-sportsteam": 0.0,
        "I-tvshow": 0.0,
        "O": 0.9750391452519112,
        "<pad>": 0
    },
    "validation_loss": 265.2472229003906,
    "epoch_num": 4
}