{
    "train_accuracy": 0.9545848250375332,
    "train_accuracy_per_label": {
        "B-company": 0.4701492537313433,
        "B-facility": 0.013157894736842105,
        "B-geo-loc": 0.20100502512562815,
        "B-movie": 0.0,
        "B-musicartist": 0.0,
        "B-other": 0.037037037037037035,
        "B-person": 0.6932153392330384,
        "B-product": 0.2692307692307692,
        "B-sportsteam": 0.125,
        "B-tvshow": 0.0,
        "I-company": 0.0,
        "I-facility": 0.013333333333333334,
        "I-geo-loc": 0.0,
        "I-movie": 0.0,
        "I-musicartist": 0.0,
        "I-other": 0.05439330543933055,
        "I-person": 0.3202614379084967,
        "I-product": 0.046875,
        "I-sportsteam": 0.0,
        "I-tvshow": 0.0,
        "O": 0.994634473507713,
        "<pad>": 0
    },
    "train_loss": 147.29965209960938,
    "validation_accuracy": 0.9385781495033978,
    "validation_accuracy_per_label": {
        "B-company": 0.4444444444444444,
        "B-facility": 0.0,
        "B-geo-loc": 0.06493506493506493,
        "B-movie": 0.0,
        "B-musicartist": 0.0,
        "B-other": 0.015873015873015872,
        "B-person": 0.6018518518518519,
        "B-product": 0.21052631578947367,
        "B-sportsteam": 0.0,
        "B-tvshow": 0.0,
        "I-company": 0.0,
        "I-facility": 0.0,
        "I-geo-loc": 0.0,
        "I-movie": 0.0,
        "I-musicartist": 0.0,
        "I-other": 0.024691358024691357,
        "I-person": 0.21311475409836064,
        "I-product": 0.0,
        "I-sportsteam": 0.0,
        "I-tvshow": 0.0,
        "O": 0.9824997697338123,
        "<pad>": 0
    },
    "validation_loss": 194.7460479736328,
    "epoch_num": 9
}