{
    "train_accuracy": 0.3032971474766139,
    "train_accuracy_per_label": {
        "B-company": 0.014925373134328358,
        "B-facility": 0.06578947368421052,
        "B-geo-loc": 0.04522613065326633,
        "B-movie": 0.0,
        "B-musicartist": 0.0,
        "B-other": 0.012345679012345678,
        "B-person": 0.0,
        "B-product": 0.01282051282051282,
        "B-sportsteam": 0.05,
        "B-tvshow": 0.0,
        "I-company": 0.06896551724137931,
        "I-facility": 0.0,
        "I-geo-loc": 0.0,
        "I-movie": 0.05714285714285714,
        "I-musicartist": 0.0,
        "I-other": 0.008368200836820083,
        "I-person": 0.0915032679738562,
        "I-product": 0.21875,
        "I-sportsteam": 0.0,
        "I-tvshow": 0.0,
        "O": 0.31857813547954394,
        "<pad>": 0
    },
    "train_loss": 1614.0672607421875,
    "validation_accuracy": 0.7180693500609863,
    "validation_accuracy_per_label": {
        "B-company": 0.0,
        "B-facility": 0.0,
        "B-geo-loc": 0.025974025974025976,
        "B-movie": 0.0,
        "B-musicartist": 0.0,
        "B-other": 0.031746031746031744,
        "B-person": 0.037037037037037035,
        "B-product": 0.0,
        "B-sportsteam": 0.09090909090909091,
        "B-tvshow": 0.0,
        "I-company": 0.42857142857142855,
        "I-facility": 0.0,
        "I-geo-loc": 0.0,
        "I-movie": 0.0,
        "I-musicartist": 0.0,
        "I-other": 0.012345679012345678,
        "I-person": 0.11475409836065574,
        "I-product": 0.0,
        "I-sportsteam": 0.0,
        "I-tvshow": 0.0,
        "O": 0.7572994381505019,
        "<pad>": 0
    },
    "validation_loss": 1207.9739990234375,
    "epoch_num": 0
}