{
    "train_accuracy": 0.9586268622242753,
    "train_accuracy_per_label": {
        "B-company": 0.47761194029850745,
        "B-facility": 0.02631578947368421,
        "B-geo-loc": 0.3768844221105528,
        "B-movie": 0.0,
        "B-musicartist": 0.0,
        "B-other": 0.08024691358024691,
        "B-person": 0.7551622418879056,
        "B-product": 0.32051282051282054,
        "B-sportsteam": 0.125,
        "B-tvshow": 0.0,
        "I-company": 0.0,
        "I-facility": 0.02666666666666667,
        "I-geo-loc": 0.0,
        "I-movie": 0.0,
        "I-musicartist": 0.0,
        "I-other": 0.08786610878661087,
        "I-person": 0.45098039215686275,
        "I-product": 0.0625,
        "I-sportsteam": 0.0,
        "I-tvshow": 0.0,
        "O": 0.995884397292848,
        "<pad>": 0
    },
    "train_loss": 129.59547424316406,
    "validation_accuracy": 0.9404948597316606,
    "validation_accuracy_per_label": {
        "B-company": 0.4166666666666667,
        "B-facility": 0.0,
        "B-geo-loc": 0.16883116883116883,
        "B-movie": 0.0,
        "B-musicartist": 0.0,
        "B-other": 0.031746031746031744,
        "B-person": 0.6481481481481481,
        "B-product": 0.21052631578947367,
        "B-sportsteam": 0.09090909090909091,
        "B-tvshow": 0.0,
        "I-company": 0.0,
        "I-facility": 0.0,
        "I-geo-loc": 0.07142857142857142,
        "I-movie": 0.0,
        "I-musicartist": 0.0,
        "I-other": 0.024691358024691357,
        "I-person": 0.2786885245901639,
        "I-product": 0.0,
        "I-sportsteam": 0.0,
        "I-tvshow": 0.0,
        "O": 0.9827760891590679,
        "<pad>": 0
    },
    "validation_loss": 183.38046264648438,
    "epoch_num": 11
}