{
    "train_accuracy": 0.8723293682873311,
    "train_accuracy_per_label": {
        "B-company": 0.3805970149253731,
        "B-facility": 0.02631578947368421,
        "B-geo-loc": 0.08542713567839195,
        "B-movie": 0.0,
        "B-musicartist": 0.023809523809523808,
        "B-other": 0.043209876543209874,
        "B-person": 0.05014749262536873,
        "B-product": 0.05128205128205128,
        "B-sportsteam": 0.0,
        "B-tvshow": 0.0,
        "I-company": 0.0,
        "I-facility": 0.0,
        "I-geo-loc": 0.08571428571428572,
        "I-movie": 0.0,
        "I-musicartist": 0.021739130434782608,
        "I-other": 0.016736401673640166,
        "I-person": 0.1111111111111111,
        "I-product": 0.0,
        "I-sportsteam": 0.0,
        "I-tvshow": 0.0,
        "O": 0.9173221145052131,
        "<pad>": 0
    },
    "train_loss": 0.8360179662704468,
    "validation_accuracy": 0.912876807806238,
    "validation_accuracy_per_label": {
        "B-company": 0.25,
        "B-facility": 0.0,
        "B-geo-loc": 0.07792207792207792,
        "B-movie": 0.0,
        "B-musicartist": 0.0,
        "B-other": 0.015873015873015872,
        "B-person": 0.07407407407407407,
        "B-product": 0.0,
        "B-sportsteam": 0.0,
        "B-tvshow": 0.0,
        "I-company": 0.0,
        "I-facility": 0.0,
        "I-geo-loc": 0.07142857142857142,
        "I-movie": 0.0,
        "I-musicartist": 0.0,
        "I-other": 0.0,
        "I-person": 0.0,
        "I-product": 0.0,
        "I-sportsteam": 0.0,
        "I-tvshow": 0.0,
        "O": 0.9627889840655798,
        "<pad>": 0
    },
    "validation_loss": 0.6711432337760925,
    "epoch_num": 6
}