{
    "train_accuracy": 0.9348365862108788,
    "train_accuracy_per_label": {
        "B-company": 0.5970149253731343,
        "B-facility": 0.09210526315789473,
        "B-geo-loc": 0.35175879396984927,
        "B-movie": 0.0,
        "B-musicartist": 0.19047619047619047,
        "B-other": 0.07407407407407407,
        "B-person": 0.44542772861356933,
        "B-product": 0.2948717948717949,
        "B-sportsteam": 0.025,
        "B-tvshow": 0.08695652173913043,
        "I-company": 0.0,
        "I-facility": 0.16,
        "I-geo-loc": 0.14285714285714285,
        "I-movie": 0.0,
        "I-musicartist": 0.0,
        "I-other": 0.058577405857740586,
        "I-person": 0.37254901960784315,
        "I-product": 0.0,
        "I-sportsteam": 0.0,
        "I-tvshow": 0.0,
        "O": 0.9736296567282483,
        "<pad>": 0
    },
    "train_loss": 0.3765547275543213,
    "validation_accuracy": 0.9404077365394669,
    "validation_accuracy_per_label": {
        "B-company": 0.3611111111111111,
        "B-facility": 0.0,
        "B-geo-loc": 0.12987012987012986,
        "B-movie": 0.0,
        "B-musicartist": 0.07692307692307693,
        "B-other": 0.06349206349206349,
        "B-person": 0.28703703703703703,
        "B-product": 0.21052631578947367,
        "B-sportsteam": 0.0,
        "B-tvshow": 0.0,
        "I-company": 0.0,
        "I-facility": 0.13793103448275862,
        "I-geo-loc": 0.07142857142857142,
        "I-movie": 0.0,
        "I-musicartist": 0.0,
        "I-other": 0.012345679012345678,
        "I-person": 0.11475409836065574,
        "I-product": 0.0,
        "I-sportsteam": 0.0,
        "I-tvshow": 0.0,
        "O": 0.9871971999631574,
        "<pad>": 0
    },
    "validation_loss": 0.3803366422653198,
    "epoch_num": 15
}