{
    "train_accuracy": 0.9476054031927957,
    "train_accuracy_per_label": {
        ".": 0.9613636363636363,
        "ADJ": 0.875,
        "ADP": 0.923217550274223,
        "ADV": 0.9060913705583756,
        "CONJ": 0.9316770186335404,
        "DET": 0.9647058823529412,
        "NOUN": 0.9529761904761904,
        "NUM": 0.8723404255319149,
        "PRON": 0.9775449101796407,
        "PRT": 0.9466019417475728,
        "VERB": 0.9735973597359736,
        "X": 0.9293078055964654,
        "<pad>": 0
    },
    "train_loss": 132.81295776367188,
    "validation_accuracy": 0.8521697663328565,
    "validation_accuracy_per_label": {
        ".": 0.9558232931726908,
        "ADJ": 0.5959595959595959,
        "ADP": 0.9139072847682119,
        "ADV": 0.7209302325581395,
        "CONJ": 0.9285714285714286,
        "DET": 0.9230769230769231,
        "NOUN": 0.8067226890756303,
        "NUM": 0.7647058823529411,
        "PRON": 0.9479166666666666,
        "PRT": 0.8421052631578947,
        "VERB": 0.8579387186629527,
        "X": 0.8491620111731844,
        "<pad>": 0
    },
    "validation_loss": 282.4864196777344,
    "epoch_num": 39,
    "run_time": "0:02:56.039154"
}