{
    "train_accuracy": 0.926865875289944,
    "train_accuracy_per_label": {
        ".": 0.9568181818181818,
        "ADJ": 0.8005952380952381,
        "ADP": 0.9122486288848263,
        "ADV": 0.8654822335025381,
        "CONJ": 0.9130434782608695,
        "DET": 0.9576470588235294,
        "NOUN": 0.9386904761904762,
        "NUM": 0.8085106382978723,
        "PRON": 0.9670658682634731,
        "PRT": 0.8980582524271845,
        "VERB": 0.9496699669966997,
        "X": 0.9057437407952872,
        "<pad>": 0
    },
    "train_loss": 190.3880615234375,
    "validation_accuracy": 0.8474010491177874,
    "validation_accuracy_per_label": {
        ".": 0.9518072289156626,
        "ADJ": 0.5454545454545454,
        "ADP": 0.9139072847682119,
        "ADV": 0.7209302325581395,
        "CONJ": 0.9285714285714286,
        "DET": 0.9,
        "NOUN": 0.8109243697478992,
        "NUM": 0.7352941176470589,
        "PRON": 0.9427083333333334,
        "PRT": 0.8596491228070176,
        "VERB": 0.8579387186629527,
        "X": 0.8379888268156425,
        "<pad>": 0
    },
    "validation_loss": 300.5615539550781,
    "epoch_num": 30
}