{
    "train_accuracy": 0.9235912129894938,
    "train_accuracy_per_label": {
        ".": 0.9568181818181818,
        "ADJ": 0.7857142857142857,
        "ADP": 0.9049360146252285,
        "ADV": 0.8604060913705583,
        "CONJ": 0.9130434782608695,
        "DET": 0.9552941176470588,
        "NOUN": 0.9369047619047619,
        "NUM": 0.8014184397163121,
        "PRON": 0.9655688622754491,
        "PRT": 0.8932038834951457,
        "VERB": 0.9471947194719472,
        "X": 0.9013254786450663,
        "<pad>": 0
    },
    "train_loss": 199.75013732910156,
    "validation_accuracy": 0.8478779208392943,
    "validation_accuracy_per_label": {
        ".": 0.9518072289156626,
        "ADJ": 0.5454545454545454,
        "ADP": 0.9139072847682119,
        "ADV": 0.7054263565891473,
        "CONJ": 0.9047619047619048,
        "DET": 0.9,
        "NOUN": 0.8151260504201681,
        "NUM": 0.7647058823529411,
        "PRON": 0.9427083333333334,
        "PRT": 0.8596491228070176,
        "VERB": 0.8607242339832869,
        "X": 0.8379888268156425,
        "<pad>": 0
    },
    "validation_loss": 304.7651672363281,
    "epoch_num": 29
}