{
    "train_accuracy": 0.1742393232364579,
    "train_accuracy_per_label": {
        ".": 0.0011363636363636363,
        "ADJ": 0.017857142857142856,
        "ADP": 0.009140767824497258,
        "ADV": 0.0,
        "CONJ": 0.0,
        "DET": 0.0,
        "NOUN": 0.047619047619047616,
        "NUM": 0.0070921985815602835,
        "PRON": 0.0014970059880239522,
        "PRT": 0.019417475728155338,
        "VERB": 0.9570957095709571,
        "X": 0.027982326951399118,
        "<pad>": 0
    },
    "train_loss": 1487.118408203125,
    "validation_accuracy": 0.17358130662851692,
    "validation_accuracy_per_label": {
        ".": 0.0,
        "ADJ": 0.0,
        "ADP": 0.0,
        "ADV": 0.0,
        "CONJ": 0.0,
        "DET": 0.0,
        "NOUN": 0.01680672268907563,
        "NUM": 0.0,
        "PRON": 0.0,
        "PRT": 0.0,
        "VERB": 0.9805013927576601,
        "X": 0.0223463687150838,
        "<pad>": 0
    },
    "validation_loss": 1304.2550048828125,
    "epoch_num": 1
}