{
    "train_accuracy": 0.9130850047755492,
    "train_accuracy_per_label": {
        ".": 0.9568181818181818,
        "ADJ": 0.7440476190476191,
        "ADP": 0.8976234003656307,
        "ADV": 0.8451776649746193,
        "CONJ": 0.9130434782608695,
        "DET": 0.9529411764705882,
        "NOUN": 0.9279761904761905,
        "NUM": 0.7446808510638298,
        "PRON": 0.9640718562874252,
        "PRT": 0.8495145631067961,
        "VERB": 0.9372937293729373,
        "X": 0.8910162002945509,
        "<pad>": 0
    },
    "train_loss": 233.9821319580078,
    "validation_accuracy": 0.8383404864091559,
    "validation_accuracy_per_label": {
        ".": 0.9518072289156626,
        "ADJ": 0.5151515151515151,
        "ADP": 0.9072847682119205,
        "ADV": 0.689922480620155,
        "CONJ": 0.9047619047619048,
        "DET": 0.8923076923076924,
        "NOUN": 0.8004201680672269,
        "NUM": 0.6470588235294118,
        "PRON": 0.9427083333333334,
        "PRT": 0.8596491228070176,
        "VERB": 0.8523676880222841,
        "X": 0.8435754189944135,
        "<pad>": 0
    },
    "validation_loss": 322.113525390625,
    "epoch_num": 26
}