{
    "train_accuracy": 0.7868740619456952,
    "train_accuracy_per_label": {
        ".": 0.9511363636363637,
        "ADJ": 0.34523809523809523,
        "ADP": 0.8080438756855576,
        "ADV": 0.2563451776649746,
        "CONJ": 0.2732919254658385,
        "DET": 0.9035294117647059,
        "NOUN": 0.8827380952380952,
        "NUM": 0.40425531914893614,
        "PRON": 0.8937125748502994,
        "PRT": 0.33980582524271846,
        "VERB": 0.8770627062706271,
        "X": 0.8438880706921944,
        "<pad>": 0
    },
    "train_loss": 481.0075988769531,
    "validation_accuracy": 0.7591797806390082,
    "validation_accuracy_per_label": {
        ".": 0.9477911646586346,
        "ADJ": 0.2727272727272727,
        "ADP": 0.8609271523178808,
        "ADV": 0.20930232558139536,
        "CONJ": 0.30952380952380953,
        "DET": 0.8615384615384616,
        "NOUN": 0.8214285714285714,
        "NUM": 0.3235294117647059,
        "PRON": 0.9010416666666666,
        "PRT": 0.631578947368421,
        "VERB": 0.83008356545961,
        "X": 0.770949720670391,
        "<pad>": 0
    },
    "validation_loss": 484.8780212402344,
    "epoch_num": 16
}