{
    "train_accuracy": 0.8357211079274116,
    "train_accuracy_per_label": {
        ".": 0.9534090909090909,
        "ADJ": 0.44345238095238093,
        "ADP": 0.8574040219378428,
        "ADV": 0.4593908629441624,
        "CONJ": 0.5652173913043478,
        "DET": 0.9176470588235294,
        "NOUN": 0.8964285714285715,
        "NUM": 0.475177304964539,
        "PRON": 0.9131736526946108,
        "PRT": 0.7524271844660194,
        "VERB": 0.8952145214521452,
        "X": 0.8586156111929307,
        "<pad>": 0
    },
    "train_loss": 408.35491943359375,
    "validation_accuracy": 0.7939914163090128,
    "validation_accuracy_per_label": {
        ".": 0.9477911646586346,
        "ADJ": 0.3333333333333333,
        "ADP": 0.8807947019867549,
        "ADV": 0.4728682170542636,
        "CONJ": 0.5476190476190477,
        "DET": 0.8538461538461538,
        "NOUN": 0.8214285714285714,
        "NUM": 0.38235294117647056,
        "PRON": 0.9114583333333334,
        "PRT": 0.7719298245614035,
        "VERB": 0.8440111420612814,
        "X": 0.7932960893854749,
        "<pad>": 0
    },
    "validation_loss": 432.7771301269531,
    "epoch_num": 18
}