{
    "train_accuracy": 0.9386000818665575,
    "train_accuracy_per_label": {
        ".": 0.9590909090909091,
        "ADJ": 0.8452380952380952,
        "ADP": 0.9177330895795247,
        "ADV": 0.8807106598984772,
        "CONJ": 0.9130434782608695,
        "DET": 0.96,
        "NOUN": 0.9494047619047619,
        "NUM": 0.8368794326241135,
        "PRON": 0.9745508982035929,
        "PRT": 0.941747572815534,
        "VERB": 0.9636963696369637,
        "X": 0.914580265095729,
        "<pad>": 0
    },
    "train_loss": 160.00819396972656,
    "validation_accuracy": 0.8521697663328565,
    "validation_accuracy_per_label": {
        ".": 0.9518072289156626,
        "ADJ": 0.5959595959595959,
        "ADP": 0.9139072847682119,
        "ADV": 0.7286821705426356,
        "CONJ": 0.9285714285714286,
        "DET": 0.9153846153846154,
        "NOUN": 0.8109243697478992,
        "NUM": 0.7647058823529411,
        "PRON": 0.9427083333333334,
        "PRT": 0.8421052631578947,
        "VERB": 0.8579387186629527,
        "X": 0.8491620111731844,
        "<pad>": 0
    },
    "validation_loss": 289.0901184082031,
    "epoch_num": 34
}