{
    "train_accuracy": 0.7032337290216947,
    "train_accuracy_per_label": {
        ".": 0.946590909090909,
        "ADJ": 0.10416666666666667,
        "ADP": 0.7458866544789763,
        "ADV": 0.02284263959390863,
        "CONJ": 0.0,
        "DET": 0.8023529411764706,
        "NOUN": 0.8488095238095238,
        "NUM": 0.09929078014184398,
        "PRON": 0.8098802395209581,
        "PRT": 0.07766990291262135,
        "VERB": 0.8333333333333334,
        "X": 0.7673048600883653,
        "<pad>": 0
    },
    "train_loss": 667.5624389648438,
    "validation_accuracy": 0.6809728183118741,
    "validation_accuracy_per_label": {
        ".": 0.9477911646586346,
        "ADJ": 0.09090909090909091,
        "ADP": 0.7748344370860927,
        "ADV": 0.031007751937984496,
        "CONJ": 0.0,
        "DET": 0.8,
        "NOUN": 0.7815126050420168,
        "NUM": 0.14705882352941177,
        "PRON": 0.8072916666666666,
        "PRT": 0.17543859649122806,
        "VERB": 0.8105849582172702,
        "X": 0.6983240223463687,
        "<pad>": 0
    },
    "validation_loss": 626.9127807617188,
    "epoch_num": 12
}