{
    "train_accuracy": 0.9455587392550143,
    "train_accuracy_per_label": {
        ".": 0.9613636363636363,
        "ADJ": 0.8720238095238095,
        "ADP": 0.9213893967093236,
        "ADV": 0.8984771573604061,
        "CONJ": 0.9254658385093167,
        "DET": 0.96,
        "NOUN": 0.9517857142857142,
        "NUM": 0.8723404255319149,
        "PRON": 0.9775449101796407,
        "PRT": 0.9466019417475728,
        "VERB": 0.971947194719472,
        "X": 0.9248895434462445,
        "<pad>": 0
    },
    "train_loss": 137.5456085205078,
    "validation_accuracy": 0.8531235097758703,
    "validation_accuracy_per_label": {
        ".": 0.9558232931726908,
        "ADJ": 0.5959595959595959,
        "ADP": 0.9139072847682119,
        "ADV": 0.7209302325581395,
        "CONJ": 0.9285714285714286,
        "DET": 0.9230769230769231,
        "NOUN": 0.8067226890756303,
        "NUM": 0.7647058823529411,
        "PRON": 0.9479166666666666,
        "PRT": 0.8596491228070176,
        "VERB": 0.8579387186629527,
        "X": 0.8547486033519553,
        "<pad>": 0
    },
    "validation_loss": 283.3221740722656,
    "epoch_num": 38
}