{
    "train_accuracy": 0.17901487242461456,
    "train_accuracy_per_label": {
        ".": 0.02159090909090909,
        "ADJ": 0.005952380952380952,
        "ADP": 0.0018281535648994515,
        "ADV": 0.0,
        "CONJ": 0.0,
        "DET": 0.0,
        "NOUN": 0.04523809523809524,
        "NUM": 0.0,
        "PRON": 0.0,
        "PRT": 0.0,
        "VERB": 0.9884488448844885,
        "X": 0.023564064801178203,
        "<pad>": 0
    },
    "train_loss": 1397.258544921875,
    "validation_accuracy": 0.21649976156413925,
    "validation_accuracy_per_label": {
        ".": 0.07630522088353414,
        "ADJ": 0.0,
        "ADP": 0.0,
        "ADV": 0.0,
        "CONJ": 0.0,
        "DET": 0.0,
        "NOUN": 0.17647058823529413,
        "NUM": 0.0,
        "PRON": 0.005208333333333333,
        "PRT": 0.0,
        "VERB": 0.9554317548746518,
        "X": 0.03910614525139665,
        "<pad>": 0
    },
    "validation_loss": 1231.2435302734375,
    "epoch_num": 2
}