{
    "train_accuracy": 0.3920043662164006,
    "train_accuracy_per_label": {
        ".": 0.4125,
        "ADJ": 0.026785714285714284,
        "ADP": 0.005484460694698354,
        "ADV": 0.0,
        "CONJ": 0.0,
        "DET": 0.0,
        "NOUN": 0.7898809523809524,
        "NUM": 0.0,
        "PRON": 0.24550898203592814,
        "PRT": 0.0,
        "VERB": 0.7334983498349835,
        "X": 0.17378497790868924,
        "<pad>": 0
    },
    "train_loss": 1168.6590576171875,
    "validation_accuracy": 0.4110634239389604,
    "validation_accuracy_per_label": {
        ".": 0.5140562248995983,
        "ADJ": 0.010101010101010102,
        "ADP": 0.013245033112582781,
        "ADV": 0.0,
        "CONJ": 0.0,
        "DET": 0.0,
        "NOUN": 0.7836134453781513,
        "NUM": 0.0,
        "PRON": 0.3697916666666667,
        "PRT": 0.0,
        "VERB": 0.6908077994428969,
        "X": 0.21787709497206703,
        "<pad>": 0
    },
    "validation_loss": 1033.3531494140625,
    "epoch_num": 5
}