{
    "train_accuracy": 0.44617273843634875,
    "train_accuracy_per_label": {
        ".": 0.6090909090909091,
        "ADJ": 0.02976190476190476,
        "ADP": 0.03656307129798903,
        "ADV": 0.0,
        "CONJ": 0.0,
        "DET": 0.03529411764705882,
        "NOUN": 0.8023809523809524,
        "NUM": 0.0,
        "PRON": 0.4086826347305389,
        "PRT": 0.0,
        "VERB": 0.7186468646864687,
        "X": 0.29013254786450665,
        "<pad>": 0
    },
    "train_loss": 1088.402587890625,
    "validation_accuracy": 0.4721030042918455,
    "validation_accuracy_per_label": {
        ".": 0.6987951807228916,
        "ADJ": 0.010101010101010102,
        "ADP": 0.11258278145695365,
        "ADV": 0.0,
        "CONJ": 0.0,
        "DET": 0.15384615384615385,
        "NOUN": 0.7773109243697479,
        "NUM": 0.0,
        "PRON": 0.5729166666666666,
        "PRT": 0.0,
        "VERB": 0.7019498607242339,
        "X": 0.2569832402234637,
        "<pad>": 0
    },
    "validation_loss": 964.9458618164062,
    "epoch_num": 6
}