{
    "train_accuracy": 0.9305498703779506,
    "train_accuracy_per_label": {
        ".": 0.9568181818181818,
        "ADJ": 0.8095238095238095,
        "ADP": 0.9122486288848263,
        "ADV": 0.8756345177664975,
        "CONJ": 0.9130434782608695,
        "DET": 0.9576470588235294,
        "NOUN": 0.9416666666666667,
        "NUM": 0.8226950354609929,
        "PRON": 0.9700598802395209,
        "PRT": 0.9174757281553398,
        "VERB": 0.9546204620462047,
        "X": 0.9072164948453608,
        "<pad>": 0
    },
    "train_loss": 181.82723999023438,
    "validation_accuracy": 0.8483547925608012,
    "validation_accuracy_per_label": {
        ".": 0.9518072289156626,
        "ADJ": 0.5454545454545454,
        "ADP": 0.9139072847682119,
        "ADV": 0.7209302325581395,
        "CONJ": 0.9285714285714286,
        "DET": 0.9076923076923077,
        "NOUN": 0.8025210084033614,
        "NUM": 0.7647058823529411,
        "PRON": 0.9427083333333334,
        "PRT": 0.8596491228070176,
        "VERB": 0.8607242339832869,
        "X": 0.8547486033519553,
        "<pad>": 0
    },
    "validation_loss": 296.9703674316406,
    "epoch_num": 31
}