{
    "train_accuracy": 0.8167553554373038,
    "train_accuracy_per_label": {
        ".": 0.9522727272727273,
        "ADJ": 0.3958333333333333,
        "ADP": 0.8391224862888482,
        "ADV": 0.36548223350253806,
        "CONJ": 0.4782608695652174,
        "DET": 0.9105882352941177,
        "NOUN": 0.8886904761904761,
        "NUM": 0.46099290780141844,
        "PRON": 0.905688622754491,
        "PRT": 0.6310679611650486,
        "VERB": 0.886963696369637,
        "X": 0.8541973490427098,
        "<pad>": 0
    },
    "train_loss": 443.0101013183594,
    "validation_accuracy": 0.7773009060562709,
    "validation_accuracy_per_label": {
        ".": 0.9477911646586346,
        "ADJ": 0.31313131313131315,
        "ADP": 0.8741721854304636,
        "ADV": 0.3023255813953488,
        "CONJ": 0.5238095238095238,
        "DET": 0.8615384615384616,
        "NOUN": 0.819327731092437,
        "NUM": 0.38235294117647056,
        "PRON": 0.9114583333333334,
        "PRT": 0.7192982456140351,
        "VERB": 0.8384401114206128,
        "X": 0.770949720670391,
        "<pad>": 0
    },
    "validation_loss": 457.28485107421875,
    "epoch_num": 17
}