{
    "train_accuracy": 0.9409196343293764,
    "train_accuracy_per_label": {
        ".": 0.9590909090909091,
        "ADJ": 0.8482142857142857,
        "ADP": 0.9213893967093236,
        "ADV": 0.8857868020304569,
        "CONJ": 0.9130434782608695,
        "DET": 0.96,
        "NOUN": 0.9511904761904761,
        "NUM": 0.851063829787234,
        "PRON": 0.9775449101796407,
        "PRT": 0.9466019417475728,
        "VERB": 0.9653465346534653,
        "X": 0.9175257731958762,
        "<pad>": 0
    },
    "train_loss": 153.78428649902344,
    "validation_accuracy": 0.8516928946113496,
    "validation_accuracy_per_label": {
        ".": 0.9558232931726908,
        "ADJ": 0.5959595959595959,
        "ADP": 0.9139072847682119,
        "ADV": 0.7286821705426356,
        "CONJ": 0.9285714285714286,
        "DET": 0.9153846153846154,
        "NOUN": 0.8067226890756303,
        "NUM": 0.7647058823529411,
        "PRON": 0.9427083333333334,
        "PRT": 0.8421052631578947,
        "VERB": 0.8579387186629527,
        "X": 0.8491620111731844,
        "<pad>": 0
    },
    "validation_loss": 287.2255554199219,
    "epoch_num": 35
}