{
    "train_accuracy": 0.9193614408514122,
    "train_accuracy_per_label": {
        ".": 0.9568181818181818,
        "ADJ": 0.7767857142857143,
        "ADP": 0.9049360146252285,
        "ADV": 0.8553299492385786,
        "CONJ": 0.9130434782608695,
        "DET": 0.9552941176470588,
        "NOUN": 0.9321428571428572,
        "NUM": 0.7943262411347518,
        "PRON": 0.9640718562874252,
        "PRT": 0.8689320388349514,
        "VERB": 0.9414191419141914,
        "X": 0.8954344624447718,
        "<pad>": 0
    },
    "train_loss": 210.03623962402344,
    "validation_accuracy": 0.8469241773962805,
    "validation_accuracy_per_label": {
        ".": 0.9518072289156626,
        "ADJ": 0.5454545454545454,
        "ADP": 0.9072847682119205,
        "ADV": 0.7054263565891473,
        "CONJ": 0.9047619047619048,
        "DET": 0.9,
        "NOUN": 0.8130252100840336,
        "NUM": 0.7352941176470589,
        "PRON": 0.9427083333333334,
        "PRT": 0.8596491228070176,
        "VERB": 0.8607242339832869,
        "X": 0.8435754189944135,
        "<pad>": 0
    },
    "validation_loss": 309.6806945800781,
    "epoch_num": 28
}