{
    "train_accuracy": 0.9358711966161823,
    "train_accuracy_per_label": {
        ".": 0.9568181818181818,
        "ADJ": 0.8333333333333334,
        "ADP": 0.9177330895795247,
        "ADV": 0.8807106598984772,
        "CONJ": 0.9130434782608695,
        "DET": 0.96,
        "NOUN": 0.9452380952380952,
        "NUM": 0.8297872340425532,
        "PRON": 0.9730538922155688,
        "PRT": 0.941747572815534,
        "VERB": 0.9612211221122112,
        "X": 0.9116347569955817,
        "<pad>": 0
    },
    "train_loss": 166.71556091308594,
    "validation_accuracy": 0.8507391511683358,
    "validation_accuracy_per_label": {
        ".": 0.9518072289156626,
        "ADJ": 0.5757575757575758,
        "ADP": 0.9139072847682119,
        "ADV": 0.7286821705426356,
        "CONJ": 0.9285714285714286,
        "DET": 0.9076923076923077,
        "NOUN": 0.8109243697478992,
        "NUM": 0.7647058823529411,
        "PRON": 0.9427083333333334,
        "PRT": 0.8421052631578947,
        "VERB": 0.8579387186629527,
        "X": 0.8491620111731844,
        "<pad>": 0
    },
    "validation_loss": 291.300537109375,
    "epoch_num": 33
}