{
    "train_accuracy": 0.7227452585618774,
    "train_accuracy_per_label": {
        ".": 0.9477272727272728,
        "ADJ": 0.13690476190476192,
        "ADP": 0.7641681901279708,
        "ADV": 0.04314720812182741,
        "CONJ": 0.0,
        "DET": 0.8376470588235294,
        "NOUN": 0.856547619047619,
        "NUM": 0.24113475177304963,
        "PRON": 0.8353293413173652,
        "PRT": 0.1407766990291262,
        "VERB": 0.8473597359735974,
        "X": 0.7938144329896907,
        "<pad>": 0
    },
    "train_loss": 615.3283081054688,
    "validation_accuracy": 0.6976633285646161,
    "validation_accuracy_per_label": {
        ".": 0.9477911646586346,
        "ADJ": 0.1111111111111111,
        "ADP": 0.7814569536423841,
        "ADV": 0.031007751937984496,
        "CONJ": 0.0,
        "DET": 0.8153846153846154,
        "NOUN": 0.7983193277310925,
        "NUM": 0.23529411764705882,
        "PRON": 0.84375,
        "PRT": 0.2807017543859649,
        "VERB": 0.8189415041782729,
        "X": 0.7150837988826816,
        "<pad>": 0
    },
    "validation_loss": 586.4617309570312,
    "epoch_num": 13
}