{
    "train_accuracy": 0.11870650839132214,
    "train_accuracy_per_label": {
        ".": 0.0022727272727272726,
        "ADJ": 0.047619047619047616,
        "ADP": 0.0712979890310786,
        "ADV": 0.30710659898477155,
        "CONJ": 0.0,
        "DET": 0.0,
        "NOUN": 0.14583333333333334,
        "NUM": 0.0070921985815602835,
        "PRON": 0.0029940119760479044,
        "PRT": 0.1796116504854369,
        "VERB": 0.33003300330033003,
        "X": 0.010309278350515464,
        "<pad>": 0
    },
    "train_loss": 1578.6240234375,
    "validation_accuracy": 0.17787315212207916,
    "validation_accuracy_per_label": {
        ".": 0.0,
        "ADJ": 0.030303030303030304,
        "ADP": 0.059602649006622516,
        "ADV": 0.0,
        "CONJ": 0.0,
        "DET": 0.0,
        "NOUN": 0.09663865546218488,
        "NUM": 0.0,
        "PRON": 0.0,
        "PRT": 0.03508771929824561,
        "VERB": 0.8607242339832869,
        "X": 0.0223463687150838,
        "<pad>": 0
    },
    "validation_loss": 1388.009765625,
    "epoch_num": 0
}