{
    "train_accuracy": 0.9422840769545641,
    "train_accuracy_per_label": {
        ".": 0.9590909090909091,
        "ADJ": 0.8571428571428571,
        "ADP": 0.9213893967093236,
        "ADV": 0.8857868020304569,
        "CONJ": 0.9192546583850931,
        "DET": 0.96,
        "NOUN": 0.9511904761904761,
        "NUM": 0.8581560283687943,
        "PRON": 0.9775449101796407,
        "PRT": 0.9466019417475728,
        "VERB": 0.966996699669967,
        "X": 0.9219440353460973,
        "<pad>": 0
    },
    "train_loss": 147.99404907226562,
    "validation_accuracy": 0.8516928946113496,
    "validation_accuracy_per_label": {
        ".": 0.9558232931726908,
        "ADJ": 0.5959595959595959,
        "ADP": 0.9139072847682119,
        "ADV": 0.7286821705426356,
        "CONJ": 0.9285714285714286,
        "DET": 0.9153846153846154,
        "NOUN": 0.8067226890756303,
        "NUM": 0.7647058823529411,
        "PRON": 0.9427083333333334,
        "PRT": 0.8421052631578947,
        "VERB": 0.8579387186629527,
        "X": 0.8491620111731844,
        "<pad>": 0
    },
    "validation_loss": 285.6650085449219,
    "epoch_num": 36
}