{
    "train_accuracy": 0.7392550143266475,
    "train_accuracy_per_label": {
        ".": 0.9488636363636364,
        "ADJ": 0.1875,
        "ADP": 0.7787934186471663,
        "ADV": 0.08883248730964467,
        "CONJ": 0.0,
        "DET": 0.8729411764705882,
        "NOUN": 0.8660714285714286,
        "NUM": 0.2907801418439716,
        "PRON": 0.8547904191616766,
        "PRT": 0.16990291262135923,
        "VERB": 0.8547854785478548,
        "X": 0.8100147275405007,
        "<pad>": 0
    },
    "train_loss": 567.0770874023438,
    "validation_accuracy": 0.7114926084883166,
    "validation_accuracy_per_label": {
        ".": 0.9477911646586346,
        "ADJ": 0.16161616161616163,
        "ADP": 0.7814569536423841,
        "ADV": 0.06201550387596899,
        "CONJ": 0.0,
        "DET": 0.8615384615384616,
        "NOUN": 0.8067226890756303,
        "NUM": 0.2647058823529412,
        "PRON": 0.8697916666666666,
        "PRT": 0.2982456140350877,
        "VERB": 0.8189415041782729,
        "X": 0.7318435754189944,
        "<pad>": 0
    },
    "validation_loss": 549.4360961914062,
    "epoch_num": 14
}