{
    "train_accuracy": 0.2829854004639105,
    "train_accuracy_per_label": {
        ".": 0.15,
        "ADJ": 0.011904761904761904,
        "ADP": 0.0,
        "ADV": 0.0,
        "CONJ": 0.0,
        "DET": 0.0,
        "NOUN": 0.49702380952380953,
        "NUM": 0.0,
        "PRON": 0.04940119760479042,
        "PRT": 0.0,
        "VERB": 0.8671617161716172,
        "X": 0.027982326951399118,
        "<pad>": 0
    },
    "train_loss": 1321.120849609375,
    "validation_accuracy": 0.32808774439675725,
    "validation_accuracy_per_label": {
        ".": 0.2248995983935743,
        "ADJ": 0.010101010101010102,
        "ADP": 0.0,
        "ADV": 0.0,
        "CONJ": 0.0,
        "DET": 0.0,
        "NOUN": 0.6890756302521008,
        "NUM": 0.0,
        "PRON": 0.15104166666666666,
        "PRT": 0.0,
        "VERB": 0.7520891364902507,
        "X": 0.0223463687150838,
        "<pad>": 0
    },
    "validation_loss": 1167.8448486328125,
    "epoch_num": 3
}