{
    "train_accuracy": 0.6112702960840497,
    "train_accuracy_per_label": {
        ".": 0.9159090909090909,
        "ADJ": 0.03273809523809524,
        "ADP": 0.473491773308958,
        "ADV": 0.007614213197969543,
        "CONJ": 0.0,
        "DET": 0.5458823529411765,
        "NOUN": 0.8166666666666667,
        "NUM": 0.0,
        "PRON": 0.6766467065868264,
        "PRT": 0.0,
        "VERB": 0.7747524752475248,
        "X": 0.5979381443298969,
        "<pad>": 0
    },
    "train_loss": 855.5576171875,
    "validation_accuracy": 0.614687649022413,
    "validation_accuracy_per_label": {
        ".": 0.9196787148594378,
        "ADJ": 0.020202020202020204,
        "ADP": 0.609271523178808,
        "ADV": 0.015503875968992248,
        "CONJ": 0.0,
        "DET": 0.5461538461538461,
        "NOUN": 0.7941176470588235,
        "NUM": 0.0,
        "PRON": 0.7135416666666666,
        "PRT": 0.0,
        "VERB": 0.7743732590529248,
        "X": 0.5586592178770949,
        "<pad>": 0
    },
    "validation_loss": 774.0478515625,
    "epoch_num": 9
}