{
    "train_accuracy": 0.9238641015145314,
    "train_accuracy_per_label": {
        ".": 0.9772727272727273,
        "ADJ": 0.7083333333333334,
        "ADP": 0.906764168190128,
        "ADV": 0.8350253807106599,
        "CONJ": 0.9565217391304348,
        "DET": 0.9623529411764706,
        "NOUN": 0.9672619047619048,
        "NUM": 0.3829787234042553,
        "PRON": 0.9760479041916168,
        "PRT": 0.9368932038834952,
        "VERB": 0.9405940594059405,
        "X": 0.914580265095729,
        "<pad>": 0
    },
    "train_loss": 0.3317655920982361,
    "validation_accuracy": 0.7854077253218884,
    "validation_accuracy_per_label": {
        ".": 0.963855421686747,
        "ADJ": 0.2727272727272727,
        "ADP": 0.8874172185430463,
        "ADV": 0.5116279069767442,
        "CONJ": 0.9285714285714286,
        "DET": 0.9384615384615385,
        "NOUN": 0.9495798319327731,
        "NUM": 0.23529411764705882,
        "PRON": 0.9270833333333334,
        "PRT": 0.8771929824561403,
        "VERB": 0.6685236768802229,
        "X": 0.5083798882681564,
        "<pad>": 0
    },
    "validation_loss": 0.8420573472976685,
    "epoch_num": 39,
    "run_time": "0:00:17.951221"
}