{
    "train_accuracy": 0.7954700504843771,
    "train_accuracy_per_label": {
        ".": 0.9329545454545455,
        "ADJ": 0.13988095238095238,
        "ADP": 0.8318098720292505,
        "ADV": 0.5406091370558376,
        "CONJ": 0.7639751552795031,
        "DET": 0.8776470588235294,
        "NOUN": 0.893452380952381,
        "NUM": 0.0,
        "PRON": 0.9086826347305389,
        "PRT": 0.7718446601941747,
        "VERB": 0.8374587458745875,
        "X": 0.759941089837997,
        "<pad>": 0
    },
    "train_loss": 0.779572606086731,
    "validation_accuracy": 0.7229375298044826,
    "validation_accuracy_per_label": {
        ".": 0.9156626506024096,
        "ADJ": 0.10101010101010101,
        "ADP": 0.7947019867549668,
        "ADV": 0.3643410852713178,
        "CONJ": 0.8333333333333334,
        "DET": 0.9,
        "NOUN": 0.9558823529411765,
        "NUM": 0.0,
        "PRON": 0.8697916666666666,
        "PRT": 0.7719298245614035,
        "VERB": 0.6183844011142061,
        "X": 0.39664804469273746,
        "<pad>": 0
    },
    "validation_loss": 0.9954610466957092,
    "epoch_num": 21
}