{
    "train_accuracy": 0.8582344112430073,
    "train_accuracy_per_label": {
        ".": 0.9545454545454546,
        "ADJ": 0.38392857142857145,
        "ADP": 0.8829981718464351,
        "ADV": 0.7030456852791879,
        "CONJ": 0.8074534161490683,
        "DET": 0.9317647058823529,
        "NOUN": 0.9315476190476191,
        "NUM": 0.0425531914893617,
        "PRON": 0.9535928143712575,
        "PRT": 0.8980582524271845,
        "VERB": 0.8853135313531353,
        "X": 0.8379970544918999,
        "<pad>": 0
    },
    "train_loss": 0.5538325905799866,
    "validation_accuracy": 0.7577491654744873,
    "validation_accuracy_per_label": {
        ".": 0.9437751004016064,
        "ADJ": 0.1717171717171717,
        "ADP": 0.847682119205298,
        "ADV": 0.43410852713178294,
        "CONJ": 0.8809523809523809,
        "DET": 0.9307692307692308,
        "NOUN": 0.9537815126050421,
        "NUM": 0.058823529411764705,
        "PRON": 0.90625,
        "PRT": 0.8070175438596491,
        "VERB": 0.6601671309192201,
        "X": 0.4581005586592179,
        "<pad>": 0
    },
    "validation_loss": 0.8890948295593262,
    "epoch_num": 28
}