{
    "train_accuracy": 0.673352435530086,
    "train_accuracy_per_label": {
        ".": 0.8522727272727273,
        "ADJ": 0.005952380952380952,
        "ADP": 0.6014625228519196,
        "ADV": 0.28426395939086296,
        "CONJ": 0.6273291925465838,
        "DET": 0.7364705882352941,
        "NOUN": 0.8494047619047619,
        "NUM": 0.0,
        "PRON": 0.7979041916167665,
        "PRT": 0.6116504854368932,
        "VERB": 0.7367986798679867,
        "X": 0.5139911634756995,
        "<pad>": 0
    },
    "train_loss": 1.2174489498138428,
    "validation_accuracy": 0.6390081068192656,
    "validation_accuracy_per_label": {
        ".": 0.8674698795180723,
        "ADJ": 0.010101010101010102,
        "ADP": 0.6291390728476821,
        "ADV": 0.23255813953488372,
        "CONJ": 0.5714285714285714,
        "DET": 0.7230769230769231,
        "NOUN": 0.9558823529411765,
        "NUM": 0.0,
        "PRON": 0.7864583333333334,
        "PRT": 0.7017543859649122,
        "VERB": 0.5543175487465181,
        "X": 0.19553072625698323,
        "<pad>": 0
    },
    "validation_loss": 1.2859617471694946,
    "epoch_num": 13
}