{
    "train_accuracy": 0.5310410697230181,
    "train_accuracy_per_label": {
        ".": 0.7068181818181818,
        "ADJ": 0.0,
        "ADP": 0.24680073126142596,
        "ADV": 0.04060913705583756,
        "CONJ": 0.36024844720496896,
        "DET": 0.6541176470588236,
        "NOUN": 0.8988095238095238,
        "NUM": 0.0,
        "PRON": 0.5793413173652695,
        "PRT": 0.49029126213592233,
        "VERB": 0.5132013201320133,
        "X": 0.24005891016200295,
        "<pad>": 0
    },
    "train_loss": 1.6828975677490234,
    "validation_accuracy": 0.5288507391511683,
    "validation_accuracy_per_label": {
        ".": 0.7228915662650602,
        "ADJ": 0.0,
        "ADP": 0.304635761589404,
        "ADV": 0.05426356589147287,
        "CONJ": 0.47619047619047616,
        "DET": 0.6461538461538462,
        "NOUN": 0.9789915966386554,
        "NUM": 0.0,
        "PRON": 0.59375,
        "PRT": 0.5263157894736842,
        "VERB": 0.3871866295264624,
        "X": 0.12849162011173185,
        "<pad>": 0
    },
    "validation_loss": 1.6655515432357788,
    "epoch_num": 8
}