{
    "train_accuracy": 0.8736526129076272,
    "train_accuracy_per_label": {
        ".": 0.9625,
        "ADJ": 0.4642857142857143,
        "ADP": 0.886654478976234,
        "ADV": 0.7385786802030457,
        "CONJ": 0.84472049689441,
        "DET": 0.9364705882352942,
        "NOUN": 0.9398809523809524,
        "NUM": 0.09929078014184398,
        "PRON": 0.9535928143712575,
        "PRT": 0.9271844660194175,
        "VERB": 0.8952145214521452,
        "X": 0.8600883652430045,
        "<pad>": 0
    },
    "train_loss": 0.5039457082748413,
    "validation_accuracy": 0.765379113018598,
    "validation_accuracy_per_label": {
        ".": 0.9558232931726908,
        "ADJ": 0.18181818181818182,
        "ADP": 0.8543046357615894,
        "ADV": 0.46511627906976744,
        "CONJ": 0.9047619047619048,
        "DET": 0.9307692307692308,
        "NOUN": 0.9516806722689075,
        "NUM": 0.058823529411764705,
        "PRON": 0.9166666666666666,
        "PRT": 0.8421052631578947,
        "VERB": 0.6601671309192201,
        "X": 0.4748603351955307,
        "<pad>": 0
    },
    "validation_loss": 0.872681736946106,
    "epoch_num": 30
}