{
    "train_accuracy": 0.8418610997407558,
    "train_accuracy_per_label": {
        ".": 0.9511363636363637,
        "ADJ": 0.3125,
        "ADP": 0.8720292504570384,
        "ADV": 0.6649746192893401,
        "CONJ": 0.8074534161490683,
        "DET": 0.9223529411764706,
        "NOUN": 0.9214285714285714,
        "NUM": 0.014184397163120567,
        "PRON": 0.9491017964071856,
        "PRT": 0.8398058252427184,
        "VERB": 0.8737623762376238,
        "X": 0.8114874815905744,
        "<pad>": 0
    },
    "train_loss": 0.6093384027481079,
    "validation_accuracy": 0.7529804482594182,
    "validation_accuracy_per_label": {
        ".": 0.9397590361445783,
        "ADJ": 0.15151515151515152,
        "ADP": 0.8410596026490066,
        "ADV": 0.4186046511627907,
        "CONJ": 0.8571428571428571,
        "DET": 0.9307692307692308,
        "NOUN": 0.9516806722689075,
        "NUM": 0.029411764705882353,
        "PRON": 0.9010416666666666,
        "PRT": 0.8070175438596491,
        "VERB": 0.6629526462395543,
        "X": 0.45251396648044695,
        "<pad>": 0
    },
    "validation_loss": 0.9107796549797058,
    "epoch_num": 26
}