{
    "train_accuracy": 0.1384909264565425,
    "train_accuracy_per_label": {
        ".": 0.0022727272727272726,
        "ADJ": 0.03869047619047619,
        "ADP": 0.0,
        "ADV": 0.03553299492385787,
        "CONJ": 0.09316770186335403,
        "DET": 0.32941176470588235,
        "NOUN": 0.41845238095238096,
        "NUM": 0.0,
        "PRON": 0.0014970059880239522,
        "PRT": 0.10194174757281553,
        "VERB": 0.05033003300330033,
        "X": 0.0662739322533137,
        "<pad>": 0
    },
    "train_loss": 2.5292866230010986,
    "validation_accuracy": 0.24558893657606104,
    "validation_accuracy_per_label": {
        ".": 0.020080321285140562,
        "ADJ": 0.030303030303030304,
        "ADP": 0.0,
        "ADV": 0.06976744186046512,
        "CONJ": 0.11904761904761904,
        "DET": 0.35384615384615387,
        "NOUN": 0.8928571428571429,
        "NUM": 0.0,
        "PRON": 0.0,
        "PRT": 0.05263157894736842,
        "VERB": 0.03899721448467967,
        "X": 0.027932960893854747,
        "<pad>": 0
    },
    "validation_loss": 2.4780354499816895,
    "epoch_num": 0
}