{
    "train_accuracy": 0.6942284076954564,
    "train_accuracy_per_label": {
        ".": 0.8715909090909091,
        "ADJ": 0.008928571428571428,
        "ADP": 0.6709323583180987,
        "ADV": 0.3197969543147208,
        "CONJ": 0.639751552795031,
        "DET": 0.7482352941176471,
        "NOUN": 0.856547619047619,
        "NUM": 0.0,
        "PRON": 0.8143712574850299,
        "PRT": 0.6116504854368932,
        "VERB": 0.7599009900990099,
        "X": 0.5508100147275405,
        "<pad>": 0
    },
    "train_loss": 1.1450573205947876,
    "validation_accuracy": 0.6504530281354316,
    "validation_accuracy_per_label": {
        ".": 0.8714859437751004,
        "ADJ": 0.010101010101010102,
        "ADP": 0.6556291390728477,
        "ADV": 0.2558139534883721,
        "CONJ": 0.5952380952380952,
        "DET": 0.7846153846153846,
        "NOUN": 0.9516806722689075,
        "NUM": 0.0,
        "PRON": 0.7916666666666666,
        "PRT": 0.7017543859649122,
        "VERB": 0.5654596100278552,
        "X": 0.21787709497206703,
        "<pad>": 0
    },
    "validation_loss": 1.2337782382965088,
    "epoch_num": 14
}