{
    "train_accuracy": 0.40619456951835176,
    "train_accuracy_per_label": {
        ".": 0.6647727272727273,
        "ADJ": 0.0,
        "ADP": 0.010968921389396709,
        "ADV": 0.005076142131979695,
        "CONJ": 0.018633540372670808,
        "DET": 0.2611764705882353,
        "NOUN": 0.9380952380952381,
        "NUM": 0.0,
        "PRON": 0.3218562874251497,
        "PRT": 0.08737864077669903,
        "VERB": 0.3110561056105611,
        "X": 0.12371134020618557,
        "<pad>": 0
    },
    "train_loss": 1.8962117433547974,
    "validation_accuracy": 0.41821649976156416,
    "validation_accuracy_per_label": {
        ".": 0.6746987951807228,
        "ADJ": 0.0,
        "ADP": 0.019867549668874173,
        "ADV": 0.0,
        "CONJ": 0.023809523809523808,
        "DET": 0.46153846153846156,
        "NOUN": 0.9894957983193278,
        "NUM": 0.0,
        "PRON": 0.359375,
        "PRT": 0.12280701754385964,
        "VERB": 0.22562674094707522,
        "X": 0.09497206703910614,
        "<pad>": 0
    },
    "validation_loss": 1.8625221252441406,
    "epoch_num": 6
}