{
    "train_accuracy": 0.29471960704052397,
    "train_accuracy_per_label": {
        ".": 0.31363636363636366,
        "ADJ": 0.002976190476190476,
        "ADP": 0.0,
        "ADV": 0.03299492385786802,
        "CONJ": 0.055900621118012424,
        "DET": 0.2211764705882353,
        "NOUN": 0.9178571428571428,
        "NUM": 0.0,
        "PRON": 0.017964071856287425,
        "PRT": 0.02912621359223301,
        "VERB": 0.10561056105610561,
        "X": 0.11634756995581738,
        "<pad>": 0
    },
    "train_loss": 2.3592281341552734,
    "validation_accuracy": 0.29709108249880783,
    "validation_accuracy_per_label": {
        ".": 0.41767068273092367,
        "ADJ": 0.0,
        "ADP": 0.0,
        "ADV": 0.015503875968992248,
        "CONJ": 0.0,
        "DET": 0.07692307692307693,
        "NOUN": 0.9873949579831933,
        "NUM": 0.0,
        "PRON": 0.036458333333333336,
        "PRT": 0.0,
        "VERB": 0.04178272980501393,
        "X": 0.08379888268156424,
        "<pad>": 0
    },
    "validation_loss": 2.293888807296753,
    "epoch_num": 2
}