{
    "train_accuracy": 0.8980761358984855,
    "train_accuracy_per_label": {
        ".": 0.9670454545454545,
        "ADJ": 0.6041666666666666,
        "ADP": 0.8976234003656307,
        "ADV": 0.7791878172588832,
        "CONJ": 0.9006211180124224,
        "DET": 0.9482352941176471,
        "NOUN": 0.9553571428571429,
        "NUM": 0.2127659574468085,
        "PRON": 0.9670658682634731,
        "PRT": 0.9368932038834952,
        "VERB": 0.9166666666666666,
        "X": 0.8792341678939617,
        "<pad>": 0
    },
    "train_loss": 0.41809794306755066,
    "validation_accuracy": 0.7753934191702432,
    "validation_accuracy_per_label": {
        ".": 0.9558232931726908,
        "ADJ": 0.24242424242424243,
        "ADP": 0.8874172185430463,
        "ADV": 0.4728682170542636,
        "CONJ": 0.9285714285714286,
        "DET": 0.9384615384615385,
        "NOUN": 0.9495798319327731,
        "NUM": 0.14705882352941177,
        "PRON": 0.9270833333333334,
        "PRT": 0.8596491228070176,
        "VERB": 0.6629526462395543,
        "X": 0.48044692737430167,
        "<pad>": 0
    },
    "validation_loss": 0.8521397709846497,
    "epoch_num": 34
}