{
    "train_accuracy": 0.9193614408514122,
    "train_accuracy_per_label": {
        ".": 0.9738636363636364,
        "ADJ": 0.6904761904761905,
        "ADP": 0.903107861060329,
        "ADV": 0.817258883248731,
        "CONJ": 0.9440993788819876,
        "DET": 0.96,
        "NOUN": 0.9654761904761905,
        "NUM": 0.36879432624113473,
        "PRON": 0.9745508982035929,
        "PRT": 0.9368932038834952,
        "VERB": 0.9372937293729373,
        "X": 0.9116347569955817,
        "<pad>": 0
    },
    "train_loss": 0.34742826223373413,
    "validation_accuracy": 0.7844539818788746,
    "validation_accuracy_per_label": {
        ".": 0.963855421686747,
        "ADJ": 0.2727272727272727,
        "ADP": 0.8874172185430463,
        "ADV": 0.5038759689922481,
        "CONJ": 0.9285714285714286,
        "DET": 0.9384615384615385,
        "NOUN": 0.9474789915966386,
        "NUM": 0.20588235294117646,
        "PRON": 0.9270833333333334,
        "PRT": 0.8771929824561403,
        "VERB": 0.6713091922005571,
        "X": 0.5083798882681564,
        "<pad>": 0
    },
    "validation_loss": 0.8430395722389221,
    "epoch_num": 38
}