{
    "train_accuracy": 0.6019920862327739,
    "train_accuracy_per_label": {
        ".": 0.7659090909090909,
        "ADJ": 0.0,
        "ADP": 0.42413162705667273,
        "ADV": 0.15228426395939088,
        "CONJ": 0.6086956521739131,
        "DET": 0.6705882352941176,
        "NOUN": 0.8583333333333333,
        "NUM": 0.0,
        "PRON": 0.6916167664670658,
        "PRT": 0.6067961165048543,
        "VERB": 0.6518151815181518,
        "X": 0.3593519882179676,
        "<pad>": 0
    },
    "train_loss": 1.47787606716156,
    "validation_accuracy": 0.5846447305674773,
    "validation_accuracy_per_label": {
        ".": 0.7911646586345381,
        "ADJ": 0.0,
        "ADP": 0.45695364238410596,
        "ADV": 0.15503875968992248,
        "CONJ": 0.5714285714285714,
        "DET": 0.6692307692307692,
        "NOUN": 0.9621848739495799,
        "NUM": 0.0,
        "PRON": 0.6979166666666666,
        "PRT": 0.7017543859649122,
        "VERB": 0.4735376044568245,
        "X": 0.15083798882681565,
        "<pad>": 0
    },
    "validation_loss": 1.4882067441940308,
    "epoch_num": 10
}