{
    "train_accuracy": 0.7123754946104516,
    "train_accuracy_per_label": {
        ".": 0.8886363636363637,
        "ADJ": 0.020833333333333332,
        "ADP": 0.7074954296160878,
        "ADV": 0.35279187817258884,
        "CONJ": 0.6708074534161491,
        "DET": 0.7741176470588236,
        "NOUN": 0.8595238095238096,
        "NUM": 0.0,
        "PRON": 0.8338323353293413,
        "PRT": 0.6262135922330098,
        "VERB": 0.773102310231023,
        "X": 0.5920471281296024,
        "<pad>": 0
    },
    "train_loss": 1.0790401697158813,
    "validation_accuracy": 0.6628516928946113,
    "validation_accuracy_per_label": {
        ".": 0.8795180722891566,
        "ADJ": 0.020202020202020204,
        "ADP": 0.6887417218543046,
        "ADV": 0.2713178294573643,
        "CONJ": 0.5952380952380952,
        "DET": 0.823076923076923,
        "NOUN": 0.9516806722689075,
        "NUM": 0.0,
        "PRON": 0.796875,
        "PRT": 0.7017543859649122,
        "VERB": 0.5766016713091922,
        "X": 0.25139664804469275,
        "<pad>": 0
    },
    "validation_loss": 1.187086820602417,
    "epoch_num": 15
}