{
    "train_accuracy": 0.7851002865329513,
    "train_accuracy_per_label": {
        ".": 0.928409090909091,
        "ADJ": 0.1130952380952381,
        "ADP": 0.8117001828153565,
        "ADV": 0.5253807106598984,
        "CONJ": 0.7639751552795031,
        "DET": 0.8658823529411764,
        "NOUN": 0.888095238095238,
        "NUM": 0.0,
        "PRON": 0.8997005988023952,
        "PRT": 0.7427184466019418,
        "VERB": 0.8292079207920792,
        "X": 0.7452135493372607,
        "<pad>": 0
    },
    "train_loss": 0.820598840713501,
    "validation_accuracy": 0.7172150691463997,
    "validation_accuracy_per_label": {
        ".": 0.9156626506024096,
        "ADJ": 0.10101010101010101,
        "ADP": 0.7748344370860927,
        "ADV": 0.3333333333333333,
        "CONJ": 0.8333333333333334,
        "DET": 0.9,
        "NOUN": 0.9558823529411765,
        "NUM": 0.0,
        "PRON": 0.8697916666666666,
        "PRT": 0.7719298245614035,
        "VERB": 0.6100278551532033,
        "X": 0.3854748603351955,
        "<pad>": 0
    },
    "validation_loss": 1.019098162651062,
    "epoch_num": 20
}