{
    "train_accuracy": 0.849229089916769,
    "train_accuracy_per_label": {
        ".": 0.9511363636363637,
        "ADJ": 0.34226190476190477,
        "ADP": 0.8775137111517367,
        "ADV": 0.6928934010152284,
        "CONJ": 0.8074534161490683,
        "DET": 0.9294117647058824,
        "NOUN": 0.9255952380952381,
        "NUM": 0.02127659574468085,
        "PRON": 0.9505988023952096,
        "PRT": 0.8495145631067961,
        "VERB": 0.8803630363036303,
        "X": 0.8232695139911634,
        "<pad>": 0
    },
    "train_loss": 0.5808318257331848,
    "validation_accuracy": 0.7558416785884597,
    "validation_accuracy_per_label": {
        ".": 0.9437751004016064,
        "ADJ": 0.16161616161616163,
        "ADP": 0.847682119205298,
        "ADV": 0.4263565891472868,
        "CONJ": 0.8571428571428571,
        "DET": 0.9307692307692308,
        "NOUN": 0.9516806722689075,
        "NUM": 0.058823529411764705,
        "PRON": 0.90625,
        "PRT": 0.8070175438596491,
        "VERB": 0.6601671309192201,
        "X": 0.4581005586592179,
        "<pad>": 0
    },
    "validation_loss": 0.8992176651954651,
    "epoch_num": 27
}