{
    "train_accuracy": 0.7448492290899168,
    "train_accuracy_per_label": {
        ".": 0.9125,
        "ADJ": 0.047619047619047616,
        "ADP": 0.7568555758683729,
        "ADV": 0.42385786802030456,
        "CONJ": 0.7204968944099379,
        "DET": 0.8258823529411765,
        "NOUN": 0.8660714285714286,
        "NUM": 0.0,
        "PRON": 0.8667664670658682,
        "PRT": 0.6456310679611651,
        "VERB": 0.8028052805280528,
        "X": 0.6656848306332842,
        "<pad>": 0
    },
    "train_loss": 0.9631478786468506,
    "validation_accuracy": 0.6852646638054364,
    "validation_accuracy_per_label": {
        ".": 0.8995983935742972,
        "ADJ": 0.030303030303030304,
        "ADP": 0.7284768211920529,
        "ADV": 0.2868217054263566,
        "CONJ": 0.7142857142857143,
        "DET": 0.8615384615384616,
        "NOUN": 0.9537815126050421,
        "NUM": 0.0,
        "PRON": 0.8177083333333334,
        "PRT": 0.7368421052631579,
        "VERB": 0.5933147632311978,
        "X": 0.30726256983240224,
        "<pad>": 0
    },
    "validation_loss": 1.108414888381958,
    "epoch_num": 17
}