{
    "train_accuracy": 0.7579478782917178,
    "train_accuracy_per_label": {
        ".": 0.9204545454545454,
        "ADJ": 0.05654761904761905,
        "ADP": 0.7806215722120659,
        "ADV": 0.4416243654822335,
        "CONJ": 0.7453416149068323,
        "DET": 0.84,
        "NOUN": 0.8708333333333333,
        "NUM": 0.0,
        "PRON": 0.8772455089820359,
        "PRT": 0.6893203883495146,
        "VERB": 0.8135313531353136,
        "X": 0.6936671575846833,
        "<pad>": 0
    },
    "train_loss": 0.911975085735321,
    "validation_accuracy": 0.6952789699570815,
    "validation_accuracy_per_label": {
        ".": 0.9076305220883534,
        "ADJ": 0.06060606060606061,
        "ADP": 0.7350993377483444,
        "ADV": 0.2868217054263566,
        "CONJ": 0.7380952380952381,
        "DET": 0.8923076923076924,
        "NOUN": 0.9495798319327731,
        "NUM": 0.0,
        "PRON": 0.8333333333333334,
        "PRT": 0.7719298245614035,
        "VERB": 0.6044568245125348,
        "X": 0.3240223463687151,
        "<pad>": 0
    },
    "validation_loss": 1.0752052068710327,
    "epoch_num": 18
}