{
    "train_accuracy": 0.8859325965343158,
    "train_accuracy_per_label": {
        ".": 0.9659090909090909,
        "ADJ": 0.5327380952380952,
        "ADP": 0.8921389396709324,
        "ADV": 0.7588832487309645,
        "CONJ": 0.8695652173913043,
        "DET": 0.9435294117647058,
        "NOUN": 0.9476190476190476,
        "NUM": 0.1773049645390071,
        "PRON": 0.9595808383233533,
        "PRT": 0.9320388349514563,
        "VERB": 0.9042904290429042,
        "X": 0.8689248895434463,
        "<pad>": 0
    },
    "train_loss": 0.4589070677757263,
    "validation_accuracy": 0.7706247019551741,
    "validation_accuracy_per_label": {
        ".": 0.9558232931726908,
        "ADJ": 0.21212121212121213,
        "ADP": 0.8741721854304636,
        "ADV": 0.46511627906976744,
        "CONJ": 0.9285714285714286,
        "DET": 0.9384615384615385,
        "NOUN": 0.9495798319327731,
        "NUM": 0.08823529411764706,
        "PRON": 0.921875,
        "PRT": 0.8421052631578947,
        "VERB": 0.6657381615598886,
        "X": 0.4748603351955307,
        "<pad>": 0
    },
    "validation_loss": 0.8606402277946472,
    "epoch_num": 32
}