{
    "train_accuracy": 0.7314776913630782,
    "train_accuracy_per_label": {
        ".": 0.8988636363636363,
        "ADJ": 0.02976190476190476,
        "ADP": 0.7349177330895795,
        "ADV": 0.3934010152284264,
        "CONJ": 0.7080745341614907,
        "DET": 0.8094117647058824,
        "NOUN": 0.8648809523809524,
        "NUM": 0.0,
        "PRON": 0.8532934131736527,
        "PRT": 0.6359223300970874,
        "VERB": 0.7912541254125413,
        "X": 0.6362297496318114,
        "<pad>": 0
    },
    "train_loss": 1.0186378955841064,
    "validation_accuracy": 0.675727229375298,
    "validation_accuracy_per_label": {
        ".": 0.891566265060241,
        "ADJ": 0.020202020202020204,
        "ADP": 0.7152317880794702,
        "ADV": 0.27906976744186046,
        "CONJ": 0.6666666666666666,
        "DET": 0.8307692307692308,
        "NOUN": 0.9516806722689075,
        "NUM": 0.0,
        "PRON": 0.8125,
        "PRT": 0.7192982456140351,
        "VERB": 0.5877437325905293,
        "X": 0.2905027932960894,
        "<pad>": 0
    },
    "validation_loss": 1.1455940008163452,
    "epoch_num": 16
}