{
    "train_accuracy": 0.8909810342475099,
    "train_accuracy_per_label": {
        ".": 0.9670454545454545,
        "ADJ": 0.5684523809523809,
        "ADP": 0.8903107861060329,
        "ADV": 0.7639593908629442,
        "CONJ": 0.8819875776397516,
        "DET": 0.9435294117647058,
        "NOUN": 0.950595238095238,
        "NUM": 0.18439716312056736,
        "PRON": 0.9640718562874252,
        "PRT": 0.9320388349514563,
        "VERB": 0.9108910891089109,
        "X": 0.8748159057437408,
        "<pad>": 0
    },
    "train_loss": 0.43800437450408936,
    "validation_accuracy": 0.7725321888412017,
    "validation_accuracy_per_label": {
        ".": 0.9558232931726908,
        "ADJ": 0.21212121212121213,
        "ADP": 0.8874172185430463,
        "ADV": 0.4728682170542636,
        "CONJ": 0.9285714285714286,
        "DET": 0.9384615384615385,
        "NOUN": 0.9495798319327731,
        "NUM": 0.11764705882352941,
        "PRON": 0.921875,
        "PRT": 0.8421052631578947,
        "VERB": 0.6657381615598886,
        "X": 0.4748603351955307,
        "<pad>": 0
    },
    "validation_loss": 0.8559954762458801,
    "epoch_num": 33
}