{
    "train_accuracy": 0.6309182698867513,
    "train_accuracy_per_label": {
        ".": 0.8136363636363636,
        "ADJ": 0.0,
        "ADP": 0.5027422303473492,
        "ADV": 0.19796954314720813,
        "CONJ": 0.6149068322981367,
        "DET": 0.6823529411764706,
        "NOUN": 0.8505952380952381,
        "NUM": 0.0,
        "PRON": 0.7440119760479041,
        "PRT": 0.6116504854368932,
        "VERB": 0.6897689768976898,
        "X": 0.40942562592047127,
        "<pad>": 0
    },
    "train_loss": 1.3837937116622925,
    "validation_accuracy": 0.6070577014783023,
    "validation_accuracy_per_label": {
        ".": 0.8152610441767069,
        "ADJ": 0.0,
        "ADP": 0.543046357615894,
        "ADV": 0.20155038759689922,
        "CONJ": 0.5714285714285714,
        "DET": 0.6692307692307692,
        "NOUN": 0.9600840336134454,
        "NUM": 0.0,
        "PRON": 0.7395833333333334,
        "PRT": 0.7017543859649122,
        "VERB": 0.5097493036211699,
        "X": 0.16201117318435754,
        "<pad>": 0
    },
    "validation_loss": 1.41244375705719,
    "epoch_num": 11
}