{
    "train_accuracy": 0.24423522990858235,
    "train_accuracy_per_label": {
        ".": 0.16136363636363638,
        "ADJ": 0.008928571428571428,
        "ADP": 0.0,
        "ADV": 0.050761421319796954,
        "CONJ": 0.13043478260869565,
        "DET": 0.32235294117647056,
        "NOUN": 0.7654761904761904,
        "NUM": 0.0,
        "PRON": 0.0,
        "PRT": 0.0825242718446602,
        "VERB": 0.08663366336633663,
        "X": 0.08689248895434462,
        "<pad>": 0
    },
    "train_loss": 2.4509072303771973,
    "validation_accuracy": 0.2827849308536004,
    "validation_accuracy_per_label": {
        ".": 0.2248995983935743,
        "ADJ": 0.0,
        "ADP": 0.0,
        "ADV": 0.046511627906976744,
        "CONJ": 0.07142857142857142,
        "DET": 0.25384615384615383,
        "NOUN": 0.9663865546218487,
        "NUM": 0.0,
        "PRON": 0.0,
        "PRT": 0.017543859649122806,
        "VERB": 0.055710306406685235,
        "X": 0.0782122905027933,
        "<pad>": 0
    },
    "validation_loss": 2.3971824645996094,
    "epoch_num": 1
}