{
    "train_accuracy": 0.474007367990176,
    "train_accuracy_per_label": {
        ".": 0.6931818181818182,
        "ADJ": 0.0,
        "ADP": 0.10054844606946983,
        "ADV": 0.005076142131979695,
        "CONJ": 0.11180124223602485,
        "DET": 0.5670588235294117,
        "NOUN": 0.9178571428571428,
        "NUM": 0.0,
        "PRON": 0.47604790419161674,
        "PRT": 0.24757281553398058,
        "VERB": 0.429042904290429,
        "X": 0.1723122238586156,
        "<pad>": 0
    },
    "train_loss": 1.7898852825164795,
    "validation_accuracy": 0.47639484978540775,
    "validation_accuracy_per_label": {
        ".": 0.6987951807228916,
        "ADJ": 0.0,
        "ADP": 0.18543046357615894,
        "ADV": 0.023255813953488372,
        "CONJ": 0.19047619047619047,
        "DET": 0.6153846153846154,
        "NOUN": 0.9831932773109243,
        "NUM": 0.0,
        "PRON": 0.484375,
        "PRT": 0.2631578947368421,
        "VERB": 0.30362116991643456,
        "X": 0.11731843575418995,
        "<pad>": 0
    },
    "validation_loss": 1.763703465461731,
    "epoch_num": 7
}