{
    "train_accuracy": 0.9149952244508118,
    "train_accuracy_per_label": {
        ".": 0.9727272727272728,
        "ADJ": 0.6666666666666666,
        "ADP": 0.903107861060329,
        "ADV": 0.8045685279187818,
        "CONJ": 0.9440993788819876,
        "DET": 0.96,
        "NOUN": 0.9642857142857143,
        "NUM": 0.3262411347517731,
        "PRON": 0.9745508982035929,
        "PRT": 0.9368932038834952,
        "VERB": 0.9348184818481848,
        "X": 0.9013254786450663,
        "<pad>": 0
    },
    "train_loss": 0.36384904384613037,
    "validation_accuracy": 0.7835002384358608,
    "validation_accuracy_per_label": {
        ".": 0.9598393574297188,
        "ADJ": 0.26262626262626265,
        "ADP": 0.8874172185430463,
        "ADV": 0.5038759689922481,
        "CONJ": 0.9285714285714286,
        "DET": 0.9384615384615385,
        "NOUN": 0.9495798319327731,
        "NUM": 0.17647058823529413,
        "PRON": 0.9270833333333334,
        "PRT": 0.8771929824561403,
        "VERB": 0.6713091922005571,
        "X": 0.5083798882681564,
        "<pad>": 0
    },
    "validation_loss": 0.8444921374320984,
    "epoch_num": 37
}