{
    "train_accuracy": 0.8163460226497475,
    "train_accuracy_per_label": {
        ".": 0.9420454545454545,
        "ADJ": 0.19047619047619047,
        "ADP": 0.8555758683729433,
        "ADV": 0.5989847715736041,
        "CONJ": 0.782608695652174,
        "DET": 0.9011764705882352,
        "NOUN": 0.9047619047619048,
        "NUM": 0.0,
        "PRON": 0.9341317365269461,
        "PRT": 0.7912621359223301,
        "VERB": 0.8556105610561056,
        "X": 0.7849779086892489,
        "<pad>": 0
    },
    "train_loss": 0.7052193880081177,
    "validation_accuracy": 0.7343824511206486,
    "validation_accuracy_per_label": {
        ".": 0.927710843373494,
        "ADJ": 0.1111111111111111,
        "ADP": 0.8013245033112583,
        "ADV": 0.3875968992248062,
        "CONJ": 0.8571428571428571,
        "DET": 0.9153846153846154,
        "NOUN": 0.9516806722689075,
        "NUM": 0.0,
        "PRON": 0.890625,
        "PRT": 0.8070175438596491,
        "VERB": 0.6323119777158774,
        "X": 0.41899441340782123,
        "<pad>": 0
    },
    "validation_loss": 0.9555310606956482,
    "epoch_num": 23
}