{
    "train_accuracy": 0.8665575112566517,
    "train_accuracy_per_label": {
        ".": 0.9602272727272727,
        "ADJ": 0.41964285714285715,
        "ADP": 0.8884826325411335,
        "ADV": 0.7208121827411168,
        "CONJ": 0.8260869565217391,
        "DET": 0.9341176470588235,
        "NOUN": 0.9375,
        "NUM": 0.07801418439716312,
        "PRON": 0.9535928143712575,
        "PRT": 0.912621359223301,
        "VERB": 0.8910891089108911,
        "X": 0.845360824742268,
        "<pad>": 0
    },
    "train_loss": 0.5282384157180786,
    "validation_accuracy": 0.7615641392465426,
    "validation_accuracy_per_label": {
        ".": 0.9518072289156626,
        "ADJ": 0.1717171717171717,
        "ADP": 0.847682119205298,
        "ADV": 0.4418604651162791,
        "CONJ": 0.9047619047619048,
        "DET": 0.9307692307692308,
        "NOUN": 0.9537815126050421,
        "NUM": 0.058823529411764705,
        "PRON": 0.9114583333333334,
        "PRT": 0.8245614035087719,
        "VERB": 0.6629526462395543,
        "X": 0.46368715083798884,
        "<pad>": 0
    },
    "validation_loss": 0.8802881836891174,
    "epoch_num": 29
}