{
    "train_accuracy": 0.8343566653022241,
    "train_accuracy_per_label": {
        ".": 0.9477272727272728,
        "ADJ": 0.2648809523809524,
        "ADP": 0.8665447897623401,
        "ADV": 0.6472081218274112,
        "CONJ": 0.7888198757763976,
        "DET": 0.9129411764705883,
        "NOUN": 0.919047619047619,
        "NUM": 0.014184397163120567,
        "PRON": 0.9446107784431138,
        "PRT": 0.8155339805825242,
        "VERB": 0.8721122112211221,
        "X": 0.8041237113402062,
        "<pad>": 0
    },
    "train_loss": 0.6394733190536499,
    "validation_accuracy": 0.7458273724368145,
    "validation_accuracy_per_label": {
        ".": 0.9357429718875502,
        "ADJ": 0.13131313131313133,
        "ADP": 0.8344370860927153,
        "ADV": 0.4186046511627907,
        "CONJ": 0.8571428571428571,
        "DET": 0.9153846153846154,
        "NOUN": 0.9537815126050421,
        "NUM": 0.0,
        "PRON": 0.8958333333333334,
        "PRT": 0.8070175438596491,
        "VERB": 0.649025069637883,
        "X": 0.43575418994413406,
        "<pad>": 0
    },
    "validation_loss": 0.9239168763160706,
    "epoch_num": 25
}