{
    "train_accuracy": 0.8254877882385045,
    "train_accuracy_per_label": {
        ".": 0.9431818181818182,
        "ADJ": 0.22321428571428573,
        "ADP": 0.8610603290676416,
        "ADV": 0.6294416243654822,
        "CONJ": 0.7888198757763976,
        "DET": 0.908235294117647,
        "NOUN": 0.9142857142857143,
        "NUM": 0.0070921985815602835,
        "PRON": 0.938622754491018,
        "PRT": 0.8009708737864077,
        "VERB": 0.863036303630363,
        "X": 0.792341678939617,
        "<pad>": 0
    },
    "train_loss": 0.6713761687278748,
    "validation_accuracy": 0.7420123986647592,
    "validation_accuracy_per_label": {
        ".": 0.9357429718875502,
        "ADJ": 0.1111111111111111,
        "ADP": 0.8211920529801324,
        "ADV": 0.4186046511627907,
        "CONJ": 0.8571428571428571,
        "DET": 0.9153846153846154,
        "NOUN": 0.9537815126050421,
        "NUM": 0.0,
        "PRON": 0.8958333333333334,
        "PRT": 0.8070175438596491,
        "VERB": 0.6406685236768802,
        "X": 0.4301675977653631,
        "<pad>": 0
    },
    "validation_loss": 0.9387775659561157,
    "epoch_num": 24
}