{
    "train_accuracy": 0.3071360349297312,
    "train_accuracy_per_label": {
        ".": 0.43636363636363634,
        "ADJ": 0.0,
        "ADP": 0.0,
        "ADV": 0.005076142131979695,
        "CONJ": 0.006211180124223602,
        "DET": 0.06823529411764706,
        "NOUN": 0.9755952380952381,
        "NUM": 0.0,
        "PRON": 0.05089820359281437,
        "PRT": 0.0048543689320388345,
        "VERB": 0.07260726072607261,
        "X": 0.10751104565537556,
        "<pad>": 0
    },
    "train_loss": 2.237868070602417,
    "validation_accuracy": 0.29279923700524557,
    "validation_accuracy_per_label": {
        ".": 0.43775100401606426,
        "ADJ": 0.0,
        "ADP": 0.0,
        "ADV": 0.0,
        "CONJ": 0.0,
        "DET": 0.007692307692307693,
        "NOUN": 1.0,
        "NUM": 0.0,
        "PRON": 0.03125,
        "PRT": 0.0,
        "VERB": 0.025069637883008356,
        "X": 0.07262569832402235,
        "<pad>": 0
    },
    "validation_loss": 2.165370225906372,
    "epoch_num": 3
}