{
    "train_accuracy": 0.8797926047209715,
    "train_accuracy_per_label": {
        ".": 0.9636363636363636,
        "ADJ": 0.5089285714285714,
        "ADP": 0.8884826325411335,
        "ADV": 0.748730964467005,
        "CONJ": 0.84472049689441,
        "DET": 0.9364705882352942,
        "NOUN": 0.944047619047619,
        "NUM": 0.14184397163120568,
        "PRON": 0.9565868263473054,
        "PRT": 0.9271844660194175,
        "VERB": 0.9018151815181518,
        "X": 0.8615611192930781,
        "<pad>": 0
    },
    "train_loss": 0.48086196184158325,
    "validation_accuracy": 0.7687172150691464,
    "validation_accuracy_per_label": {
        ".": 0.9558232931726908,
        "ADJ": 0.20202020202020202,
        "ADP": 0.8675496688741722,
        "ADV": 0.46511627906976744,
        "CONJ": 0.9285714285714286,
        "DET": 0.9307692307692308,
        "NOUN": 0.9516806722689075,
        "NUM": 0.058823529411764705,
        "PRON": 0.921875,
        "PRT": 0.8421052631578947,
        "VERB": 0.6629526462395543,
        "X": 0.4748603351955307,
        "<pad>": 0
    },
    "validation_loss": 0.8661690950393677,
    "epoch_num": 31
}