{
    "train_accuracy": 0.8063855914858781,
    "train_accuracy_per_label": {
        ".": 0.9375,
        "ADJ": 0.17857142857142858,
        "ADP": 0.8464351005484461,
        "ADV": 0.565989847715736,
        "CONJ": 0.7701863354037267,
        "DET": 0.8894117647058823,
        "NOUN": 0.9005952380952381,
        "NUM": 0.0,
        "PRON": 0.9176646706586826,
        "PRT": 0.7864077669902912,
        "VERB": 0.8465346534653465,
        "X": 0.7702503681885126,
        "<pad>": 0
    },
    "train_loss": 0.7412013411521912,
    "validation_accuracy": 0.7286599904625656,
    "validation_accuracy_per_label": {
        ".": 0.9236947791164659,
        "ADJ": 0.10101010101010101,
        "ADP": 0.7947019867549668,
        "ADV": 0.3798449612403101,
        "CONJ": 0.8571428571428571,
        "DET": 0.9076923076923077,
        "NOUN": 0.957983193277311,
        "NUM": 0.0,
        "PRON": 0.875,
        "PRT": 0.7719298245614035,
        "VERB": 0.6211699164345403,
        "X": 0.4134078212290503,
        "<pad>": 0
    },
    "validation_loss": 0.9743565320968628,
    "epoch_num": 22
}