{
    "train_accuracy": 0.5734752353663528,
    "train_accuracy_per_label": {
        ".": 0.7375,
        "ADJ": 0.0,
        "ADP": 0.34186471663619744,
        "ADV": 0.09644670050761421,
        "CONJ": 0.5838509316770186,
        "DET": 0.6588235294117647,
        "NOUN": 0.8744047619047619,
        "NUM": 0.0,
        "PRON": 0.6422155688622755,
        "PRT": 0.5970873786407767,
        "VERB": 0.599009900990099,
        "X": 0.30633284241531666,
        "<pad>": 0
    },
    "train_loss": 1.5781519412994385,
    "validation_accuracy": 0.5598474010491178,
    "validation_accuracy_per_label": {
        ".": 0.7469879518072289,
        "ADJ": 0.0,
        "ADP": 0.3708609271523179,
        "ADV": 0.10852713178294573,
        "CONJ": 0.5238095238095238,
        "DET": 0.6538461538461539,
        "NOUN": 0.9663865546218487,
        "NUM": 0.0,
        "PRON": 0.671875,
        "PRT": 0.6491228070175439,
        "VERB": 0.4456824512534819,
        "X": 0.13966480446927373,
        "<pad>": 0
    },
    "validation_loss": 1.5725857019424438,
    "epoch_num": 9
}