{
    "train_accuracy": 0.9091281211625051,
    "train_accuracy_per_label": {
        ".": 0.9704545454545455,
        "ADJ": 0.6428571428571429,
        "ADP": 0.903107861060329,
        "ADV": 0.7969543147208121,
        "CONJ": 0.9316770186335404,
        "DET": 0.9576470588235294,
        "NOUN": 0.9601190476190476,
        "NUM": 0.2978723404255319,
        "PRON": 0.9730538922155688,
        "PRT": 0.9368932038834952,
        "VERB": 0.929042904290429,
        "X": 0.8895434462444771,
        "<pad>": 0
    },
    "train_loss": 0.3810684084892273,
    "validation_accuracy": 0.7811158798283262,
    "validation_accuracy_per_label": {
        ".": 0.9598393574297188,
        "ADJ": 0.26262626262626265,
        "ADP": 0.8874172185430463,
        "ADV": 0.4883720930232558,
        "CONJ": 0.9285714285714286,
        "DET": 0.9384615384615385,
        "NOUN": 0.9516806722689075,
        "NUM": 0.17647058823529413,
        "PRON": 0.9270833333333334,
        "PRT": 0.8596491228070176,
        "VERB": 0.6685236768802229,
        "X": 0.4972067039106145,
        "<pad>": 0
    },
    "validation_loss": 0.8464592695236206,
    "epoch_num": 36
}