{
    "train_accuracy": 0.6532951289398281,
    "train_accuracy_per_label": {
        ".": 0.8386363636363636,
        "ADJ": 0.002976190476190476,
        "ADP": 0.5612431444241316,
        "ADV": 0.2512690355329949,
        "CONJ": 0.6211180124223602,
        "DET": 0.7035294117647058,
        "NOUN": 0.8482142857142857,
        "NUM": 0.0,
        "PRON": 0.781437125748503,
        "PRT": 0.6116504854368932,
        "VERB": 0.7112211221122112,
        "X": 0.45508100147275404,
        "<pad>": 0
    },
    "train_loss": 1.296915054321289,
    "validation_accuracy": 0.6227944682880305,
    "validation_accuracy_per_label": {
        ".": 0.8433734939759037,
        "ADJ": 0.0,
        "ADP": 0.5894039735099338,
        "ADV": 0.20930232558139536,
        "CONJ": 0.5714285714285714,
        "DET": 0.6846153846153846,
        "NOUN": 0.957983193277311,
        "NUM": 0.0,
        "PRON": 0.7760416666666666,
        "PRT": 0.7017543859649122,
        "VERB": 0.532033426183844,
        "X": 0.17318435754189945,
        "<pad>": 0
    },
    "validation_loss": 1.3454004526138306,
    "epoch_num": 12
}