{
    "train_accuracy": 0.9038067949242734,
    "train_accuracy_per_label": {
        ".": 0.9670454545454545,
        "ADJ": 0.6279761904761905,
        "ADP": 0.9012797074954296,
        "ADV": 0.7893401015228426,
        "CONJ": 0.9192546583850931,
        "DET": 0.9529411764705882,
        "NOUN": 0.9583333333333334,
        "NUM": 0.24113475177304963,
        "PRON": 0.9670658682634731,
        "PRT": 0.9368932038834952,
        "VERB": 0.9249174917491749,
        "X": 0.8851251840942562,
        "<pad>": 0
    },
    "train_loss": 0.39913642406463623,
    "validation_accuracy": 0.7787315212207916,
    "validation_accuracy_per_label": {
        ".": 0.9558232931726908,
        "ADJ": 0.26262626262626265,
        "ADP": 0.8874172185430463,
        "ADV": 0.4806201550387597,
        "CONJ": 0.9285714285714286,
        "DET": 0.9384615384615385,
        "NOUN": 0.9516806722689075,
        "NUM": 0.17647058823529413,
        "PRON": 0.9270833333333334,
        "PRT": 0.8596491228070176,
        "VERB": 0.6657381615598886,
        "X": 0.4860335195530726,
        "<pad>": 0
    },
    "validation_loss": 0.8489865660667419,
    "epoch_num": 35
}