{
    "train_accuracy": 0.3267840087324328,
    "train_accuracy_per_label": {
        ".": 0.5488636363636363,
        "ADJ": 0.0,
        "ADP": 0.0,
        "ADV": 0.0,
        "CONJ": 0.0,
        "DET": 0.02823529411764706,
        "NOUN": 0.9851190476190477,
        "NUM": 0.0,
        "PRON": 0.11077844311377245,
        "PRT": 0.0048543689320388345,
        "VERB": 0.09735973597359736,
        "X": 0.07658321060382917,
        "<pad>": 0
    },
    "train_loss": 2.0014755725860596,
    "validation_accuracy": 0.35765379113018597,
    "validation_accuracy_per_label": {
        ".": 0.6345381526104418,
        "ADJ": 0.0,
        "ADP": 0.0,
        "ADV": 0.0,
        "CONJ": 0.0,
        "DET": 0.11538461538461539,
        "NOUN": 0.9915966386554622,
        "NUM": 0.0,
        "PRON": 0.22395833333333334,
        "PRT": 0.017543859649122806,
        "VERB": 0.12813370473537605,
        "X": 0.08379888268156424,
        "<pad>": 0
    },
    "validation_loss": 1.9629536867141724,
    "epoch_num": 5
}