{
    "train_accuracy": 0.7725474143812253,
    "train_accuracy_per_label": {
        ".": 0.9238636363636363,
        "ADJ": 0.07738095238095238,
        "ADP": 0.7970749542961609,
        "ADV": 0.4847715736040609,
        "CONJ": 0.7515527950310559,
        "DET": 0.8588235294117647,
        "NOUN": 0.881547619047619,
        "NUM": 0.0,
        "PRON": 0.8907185628742516,
        "PRT": 0.7233009708737864,
        "VERB": 0.8193069306930693,
        "X": 0.7245949926362297,
        "<pad>": 0
    },
    "train_loss": 0.8646085858345032,
    "validation_accuracy": 0.7076776347162613,
    "validation_accuracy_per_label": {
        ".": 0.9116465863453815,
        "ADJ": 0.0707070707070707,
        "ADP": 0.7549668874172185,
        "ADV": 0.31007751937984496,
        "CONJ": 0.7619047619047619,
        "DET": 0.8923076923076924,
        "NOUN": 0.9537815126050421,
        "NUM": 0.0,
        "PRON": 0.8541666666666666,
        "PRT": 0.7719298245614035,
        "VERB": 0.6100278551532033,
        "X": 0.3743016759776536,
        "<pad>": 0
    },
    "validation_loss": 1.0455583333969116,
    "epoch_num": 19
}