{
    "train_accuracy": 0.28898894801473596,
    "train_accuracy_per_label": {
        ".": 0.4056818181818182,
        "ADJ": 0.0,
        "ADP": 0.0,
        "ADV": 0.0,
        "CONJ": 0.0,
        "DET": 0.0,
        "NOUN": 0.9916666666666667,
        "NUM": 0.0,
        "PRON": 0.019461077844311378,
        "PRT": 0.0,
        "VERB": 0.03217821782178218,
        "X": 0.06332842415316642,
        "<pad>": 0
    },
    "train_loss": 2.1067047119140625,
    "validation_accuracy": 0.290414878397711,
    "validation_accuracy_per_label": {
        ".": 0.4457831325301205,
        "ADJ": 0.0,
        "ADP": 0.0,
        "ADV": 0.0,
        "CONJ": 0.0,
        "DET": 0.007692307692307693,
        "NOUN": 1.0,
        "NUM": 0.0,
        "PRON": 0.03125,
        "PRT": 0.0,
        "VERB": 0.011142061281337047,
        "X": 0.061452513966480445,
        "<pad>": 0
    },
    "validation_loss": 2.066117525100708,
    "epoch_num": 4
}