{
    "train_accuracy": 0.9499249556556146,
    "train_accuracy_per_label": {
        ".": 0.9613636363636363,
        "ADJ": 0.8809523809523809,
        "ADP": 0.9195612431444241,
        "ADV": 0.9035532994923858,
        "CONJ": 0.9192546583850931,
        "DET": 0.9764705882352941,
        "NOUN": 0.9571428571428572,
        "NUM": 0.8865248226950354,
        "PRON": 0.9775449101796407,
        "PRT": 0.9563106796116505,
        "VERB": 0.971947194719472,
        "X": 0.9381443298969072,
        "<pad>": 0
    },
    "train_loss": 0.21349123120307922,
    "validation_accuracy": 0.8478779208392943,
    "validation_accuracy_per_label": {
        ".": 0.9518072289156626,
        "ADJ": 0.5959595959595959,
        "ADP": 0.9139072847682119,
        "ADV": 0.7364341085271318,
        "CONJ": 0.9285714285714286,
        "DET": 0.9230769230769231,
        "NOUN": 0.7878151260504201,
        "NUM": 0.7647058823529411,
        "PRON": 0.9479166666666666,
        "PRT": 0.8596491228070176,
        "VERB": 0.8607242339832869,
        "X": 0.8324022346368715,
        "<pad>": 0
    },
    "validation_loss": 0.5076113343238831,
    "epoch_num": 39,
    "run_time": "0:01:14.817794"
}