{
    "train_accuracy": 0.8956201391731478,
    "train_accuracy_per_label": {
        ".": 0.9545454545454546,
        "ADJ": 0.5952380952380952,
        "ADP": 0.8775137111517367,
        "ADV": 0.8045685279187818,
        "CONJ": 0.84472049689441,
        "DET": 0.9576470588235294,
        "NOUN": 0.9208333333333333,
        "NUM": 0.6808510638297872,
        "PRON": 0.9580838323353293,
        "PRT": 0.8543689320388349,
        "VERB": 0.91996699669967,
        "X": 0.898379970544919,
        "<pad>": 0
    },
    "train_loss": 0.4809887111186981,
    "validation_accuracy": 0.8326180257510729,
    "validation_accuracy_per_label": {
        ".": 0.9477911646586346,
        "ADJ": 0.41414141414141414,
        "ADP": 0.8940397350993378,
        "ADV": 0.6434108527131783,
        "CONJ": 0.9047619047619048,
        "DET": 0.9307692307692308,
        "NOUN": 0.8151260504201681,
        "NUM": 0.6176470588235294,
        "PRON": 0.9375,
        "PRT": 0.8596491228070176,
        "VERB": 0.8551532033426184,
        "X": 0.8212290502793296,
        "<pad>": 0
    },
    "validation_loss": 0.6393086314201355,
    "epoch_num": 22
}