{
    "train_accuracy": 0.9482876245053895,
    "train_accuracy_per_label": {
        ".": 0.9613636363636363,
        "ADJ": 0.8779761904761905,
        "ADP": 0.9177330895795247,
        "ADV": 0.9010152284263959,
        "CONJ": 0.9192546583850931,
        "DET": 0.9764705882352941,
        "NOUN": 0.9553571428571429,
        "NUM": 0.8865248226950354,
        "PRON": 0.9775449101796407,
        "PRT": 0.941747572815534,
        "VERB": 0.9702970297029703,
        "X": 0.9366715758468336,
        "<pad>": 0
    },
    "train_loss": 0.2210637331008911,
    "validation_accuracy": 0.8474010491177874,
    "validation_accuracy_per_label": {
        ".": 0.9518072289156626,
        "ADJ": 0.5959595959595959,
        "ADP": 0.9139072847682119,
        "ADV": 0.7286821705426356,
        "CONJ": 0.9285714285714286,
        "DET": 0.9230769230769231,
        "NOUN": 0.7899159663865546,
        "NUM": 0.7647058823529411,
        "PRON": 0.9479166666666666,
        "PRT": 0.8421052631578947,
        "VERB": 0.8607242339832869,
        "X": 0.8324022346368715,
        "<pad>": 0
    },
    "validation_loss": 0.5088146924972534,
    "epoch_num": 38
}