{
    "train_accuracy": 0.9466502933551644,
    "train_accuracy_per_label": {
        ".": 0.9590909090909091,
        "ADJ": 0.875,
        "ADP": 0.9159049360146252,
        "ADV": 0.8959390862944162,
        "CONJ": 0.9192546583850931,
        "DET": 0.9741176470588235,
        "NOUN": 0.9547619047619048,
        "NUM": 0.8794326241134752,
        "PRON": 0.9775449101796407,
        "PRT": 0.9368932038834952,
        "VERB": 0.9694719471947195,
        "X": 0.93519882179676,
        "<pad>": 0
    },
    "train_loss": 0.22913677990436554,
    "validation_accuracy": 0.8474010491177874,
    "validation_accuracy_per_label": {
        ".": 0.9518072289156626,
        "ADJ": 0.5959595959595959,
        "ADP": 0.9139072847682119,
        "ADV": 0.7209302325581395,
        "CONJ": 0.9285714285714286,
        "DET": 0.9230769230769231,
        "NOUN": 0.792016806722689,
        "NUM": 0.7647058823529411,
        "PRON": 0.9479166666666666,
        "PRT": 0.8421052631578947,
        "VERB": 0.8607242339832869,
        "X": 0.8324022346368715,
        "<pad>": 0
    },
    "validation_loss": 0.5103810429573059,
    "epoch_num": 37
}