{
    "train_accuracy": 0.9424205212170829,
    "train_accuracy_per_label": {
        ".": 0.9590909090909091,
        "ADJ": 0.8571428571428571,
        "ADP": 0.9140767824497258,
        "ADV": 0.8934010152284264,
        "CONJ": 0.9130434782608695,
        "DET": 0.9694117647058823,
        "NOUN": 0.9523809523809523,
        "NUM": 0.851063829787234,
        "PRON": 0.9775449101796407,
        "PRT": 0.9271844660194175,
        "VERB": 0.9653465346534653,
        "X": 0.9278350515463918,
        "<pad>": 0
    },
    "train_loss": 0.24702554941177368,
    "validation_accuracy": 0.8474010491177874,
    "validation_accuracy_per_label": {
        ".": 0.9518072289156626,
        "ADJ": 0.5858585858585859,
        "ADP": 0.9139072847682119,
        "ADV": 0.7131782945736435,
        "CONJ": 0.9285714285714286,
        "DET": 0.9307692307692308,
        "NOUN": 0.792016806722689,
        "NUM": 0.7647058823529411,
        "PRON": 0.9479166666666666,
        "PRT": 0.8596491228070176,
        "VERB": 0.8607242339832869,
        "X": 0.8324022346368715,
        "<pad>": 0
    },
    "validation_loss": 0.5148078203201294,
    "epoch_num": 35
}