{
    "train_accuracy": 0.310683585755219,
    "train_accuracy_per_label": {
        ".": 0.015909090909090907,
        "ADJ": 0.0,
        "ADP": 0.0,
        "ADV": 0.0,
        "CONJ": 0.0,
        "DET": 0.0,
        "NOUN": 0.8976190476190476,
        "NUM": 0.0,
        "PRON": 0.0,
        "PRT": 0.0,
        "VERB": 0.613036303630363,
        "X": 0.017673048600883652,
        "<pad>": 0
    },
    "train_loss": 2.204580783843994,
    "validation_accuracy": 0.3133047210300429,
    "validation_accuracy_per_label": {
        ".": 0.008032128514056224,
        "ADJ": 0.0,
        "ADP": 0.0,
        "ADV": 0.0,
        "CONJ": 0.0,
        "DET": 0.0,
        "NOUN": 0.9222689075630253,
        "NUM": 0.0,
        "PRON": 0.0,
        "PRT": 0.0,
        "VERB": 0.6016713091922006,
        "X": 0.0,
        "<pad>": 0
    },
    "validation_loss": 2.150456666946411,
    "epoch_num": 2
}