{
    "train_accuracy": 0.9324600900532133,
    "train_accuracy_per_label": {
        ".": 0.9568181818181818,
        "ADJ": 0.8125,
        "ADP": 0.9122486288848263,
        "ADV": 0.8781725888324873,
        "CONJ": 0.9130434782608695,
        "DET": 0.9694117647058823,
        "NOUN": 0.9428571428571428,
        "NUM": 0.8085106382978723,
        "PRON": 0.9655688622754491,
        "PRT": 0.8980582524271845,
        "VERB": 0.9587458745874587,
        "X": 0.9204712812960235,
        "<pad>": 0
    },
    "train_loss": 0.2918013632297516,
    "validation_accuracy": 0.8474010491177874,
    "validation_accuracy_per_label": {
        ".": 0.9558232931726908,
        "ADJ": 0.5656565656565656,
        "ADP": 0.9139072847682119,
        "ADV": 0.7054263565891473,
        "CONJ": 0.9285714285714286,
        "DET": 0.9307692307692308,
        "NOUN": 0.7941176470588235,
        "NUM": 0.7647058823529411,
        "PRON": 0.9427083333333334,
        "PRT": 0.8596491228070176,
        "VERB": 0.8635097493036211,
        "X": 0.8379888268156425,
        "<pad>": 0
    },
    "validation_loss": 0.5306554436683655,
    "epoch_num": 31
}