{
    "train_accuracy": 0.9152681129758493,
    "train_accuracy_per_label": {
        ".": 0.9545454545454546,
        "ADJ": 0.7351190476190477,
        "ADP": 0.8939670932358318,
        "ADV": 0.8553299492385786,
        "CONJ": 0.9130434782608695,
        "DET": 0.9670588235294117,
        "NOUN": 0.9273809523809524,
        "NUM": 0.7588652482269503,
        "PRON": 0.9610778443113772,
        "PRT": 0.8592233009708737,
        "VERB": 0.9397689768976898,
        "X": 0.9042709867452136,
        "<pad>": 0
    },
    "train_loss": 0.37468332052230835,
    "validation_accuracy": 0.8392942298521697,
    "validation_accuracy_per_label": {
        ".": 0.9518072289156626,
        "ADJ": 0.494949494949495,
        "ADP": 0.9072847682119205,
        "ADV": 0.6589147286821705,
        "CONJ": 0.9285714285714286,
        "DET": 0.9307692307692308,
        "NOUN": 0.8025210084033614,
        "NUM": 0.7352941176470589,
        "PRON": 0.9427083333333334,
        "PRT": 0.8596491228070176,
        "VERB": 0.8579387186629527,
        "X": 0.8212290502793296,
        "<pad>": 0
    },
    "validation_loss": 0.5722781419754028,
    "epoch_num": 26
}