{
    "train_accuracy": 0.8106153636239596,
    "train_accuracy_per_label": {
        ".": 0.9522727272727273,
        "ADJ": 0.22023809523809523,
        "ADP": 0.8190127970749543,
        "ADV": 0.35786802030456855,
        "CONJ": 0.5031055900621118,
        "DET": 0.9294117647058824,
        "NOUN": 0.8946428571428572,
        "NUM": 0.40425531914893614,
        "PRON": 0.8922155688622755,
        "PRT": 0.6941747572815534,
        "VERB": 0.8902640264026402,
        "X": 0.8630338733431517,
        "<pad>": 0
    },
    "train_loss": 0.7701900005340576,
    "validation_accuracy": 0.7801621363853124,
    "validation_accuracy_per_label": {
        ".": 0.9437751004016064,
        "ADJ": 0.1919191919191919,
        "ADP": 0.847682119205298,
        "ADV": 0.3953488372093023,
        "CONJ": 0.5,
        "DET": 0.9076923076923077,
        "NOUN": 0.8319327731092437,
        "NUM": 0.38235294117647056,
        "PRON": 0.8697916666666666,
        "PRT": 0.8070175438596491,
        "VERB": 0.8328690807799443,
        "X": 0.7988826815642458,
        "<pad>": 0
    },
    "validation_loss": 0.8550988435745239,
    "epoch_num": 16
}