{
    "train_accuracy": 0.31300313821803794,
    "train_accuracy_per_label": {
        ".": 0.053409090909090906,
        "ADJ": 0.0,
        "ADP": 0.0,
        "ADV": 0.0,
        "CONJ": 0.0,
        "DET": 0.0,
        "NOUN": 0.9392857142857143,
        "NUM": 0.0,
        "PRON": 0.0,
        "PRT": 0.0,
        "VERB": 0.5495049504950495,
        "X": 0.004418262150220913,
        "<pad>": 0
    },
    "train_loss": 2.100118637084961,
    "validation_accuracy": 0.33047210300429186,
    "validation_accuracy_per_label": {
        ".": 0.10040160642570281,
        "ADJ": 0.0,
        "ADP": 0.0,
        "ADV": 0.0,
        "CONJ": 0.0,
        "DET": 0.0,
        "NOUN": 0.9516806722689075,
        "NUM": 0.0,
        "PRON": 0.03125,
        "PRT": 0.0,
        "VERB": 0.5793871866295265,
        "X": 0.00558659217877095,
        "<pad>": 0
    },
    "validation_loss": 2.0533316135406494,
    "epoch_num": 3
}