{
    "train_accuracy": 0.8686041751944331,
    "train_accuracy_per_label": {
        ".": 0.9534090909090909,
        "ADJ": 0.49702380952380953,
        "ADP": 0.8574040219378428,
        "ADV": 0.6802030456852792,
        "CONJ": 0.6956521739130435,
        "DET": 0.9505882352941176,
        "NOUN": 0.9125,
        "NUM": 0.5390070921985816,
        "PRON": 0.9326347305389222,
        "PRT": 0.8398058252427184,
        "VERB": 0.9075907590759076,
        "X": 0.8865979381443299,
        "<pad>": 0
    },
    "train_loss": 0.601142406463623,
    "validation_accuracy": 0.8154506437768241,
    "validation_accuracy_per_label": {
        ".": 0.9477911646586346,
        "ADJ": 0.30303030303030304,
        "ADP": 0.8807947019867549,
        "ADV": 0.627906976744186,
        "CONJ": 0.7142857142857143,
        "DET": 0.9230769230769231,
        "NOUN": 0.8214285714285714,
        "NUM": 0.47058823529411764,
        "PRON": 0.90625,
        "PRT": 0.8596491228070176,
        "VERB": 0.8467966573816156,
        "X": 0.8156424581005587,
        "<pad>": 0
    },
    "validation_loss": 0.7245112657546997,
    "epoch_num": 19
}