{
    "train_accuracy": 0.3067267021421749,
    "train_accuracy_per_label": {
        ".": 0.025,
        "ADJ": 0.0,
        "ADP": 0.003656307129798903,
        "ADV": 0.0,
        "CONJ": 0.0,
        "DET": 0.0,
        "NOUN": 0.8898809523809523,
        "NUM": 0.0,
        "PRON": 0.0029940119760479044,
        "PRT": 0.0,
        "VERB": 0.5462046204620462,
        "X": 0.09572901325478646,
        "<pad>": 0
    },
    "train_loss": 2.335888385772705,
    "validation_accuracy": 0.31187410586552217,
    "validation_accuracy_per_label": {
        ".": 0.004016064257028112,
        "ADJ": 0.0,
        "ADP": 0.0,
        "ADV": 0.0,
        "CONJ": 0.0,
        "DET": 0.0,
        "NOUN": 0.8928571428571429,
        "NUM": 0.0,
        "PRON": 0.0,
        "PRT": 0.0,
        "VERB": 0.6211699164345403,
        "X": 0.027932960893854747,
        "<pad>": 0
    },
    "validation_loss": 2.26253342628479,
    "epoch_num": 1
}