{
    "train_accuracy": 0.9402374130167827,
    "train_accuracy_per_label": {
        ".": 0.9590909090909091,
        "ADJ": 0.8482142857142857,
        "ADP": 0.9140767824497258,
        "ADV": 0.8807106598984772,
        "CONJ": 0.9130434782608695,
        "DET": 0.9694117647058823,
        "NOUN": 0.9511904761904761,
        "NUM": 0.8368794326241135,
        "PRON": 0.9745508982035929,
        "PRT": 0.9271844660194175,
        "VERB": 0.9636963696369637,
        "X": 0.9278350515463918,
        "<pad>": 0
    },
    "train_loss": 0.2569706439971924,
    "validation_accuracy": 0.8474010491177874,
    "validation_accuracy_per_label": {
        ".": 0.9518072289156626,
        "ADJ": 0.5858585858585859,
        "ADP": 0.9139072847682119,
        "ADV": 0.7054263565891473,
        "CONJ": 0.9285714285714286,
        "DET": 0.9307692307692308,
        "NOUN": 0.7941176470588235,
        "NUM": 0.7352941176470589,
        "PRON": 0.9479166666666666,
        "PRT": 0.8596491228070176,
        "VERB": 0.8607242339832869,
        "X": 0.8379888268156425,
        "<pad>": 0
    },
    "validation_loss": 0.5177839398384094,
    "epoch_num": 34
}