{
    "train_accuracy": 0.93832719334152,
    "train_accuracy_per_label": {
        ".": 0.9579545454545455,
        "ADJ": 0.8422619047619048,
        "ADP": 0.9140767824497258,
        "ADV": 0.8781725888324873,
        "CONJ": 0.9130434782608695,
        "DET": 0.9694117647058823,
        "NOUN": 0.9494047619047619,
        "NUM": 0.8297872340425532,
        "PRON": 0.9715568862275449,
        "PRT": 0.9271844660194175,
        "VERB": 0.9628712871287128,
        "X": 0.9234167893961709,
        "<pad>": 0
    },
    "train_loss": 0.26768460869789124,
    "validation_accuracy": 0.8474010491177874,
    "validation_accuracy_per_label": {
        ".": 0.9518072289156626,
        "ADJ": 0.5858585858585859,
        "ADP": 0.9139072847682119,
        "ADV": 0.7054263565891473,
        "CONJ": 0.9285714285714286,
        "DET": 0.9307692307692308,
        "NOUN": 0.792016806722689,
        "NUM": 0.7352941176470589,
        "PRON": 0.9479166666666666,
        "PRT": 0.8596491228070176,
        "VERB": 0.8635097493036211,
        "X": 0.8379888268156425,
        "<pad>": 0
    },
    "validation_loss": 0.521361768245697,
    "epoch_num": 33
}