{
    "train_accuracy": 0.7176968208486834,
    "train_accuracy_per_label": {
        ".": 0.9477272727272728,
        "ADJ": 0.023809523809523808,
        "ADP": 0.7696526508226691,
        "ADV": 0.0,
        "CONJ": 0.0,
        "DET": 0.8870588235294118,
        "NOUN": 0.8779761904761905,
        "NUM": 0.02127659574468085,
        "PRON": 0.8098802395209581,
        "PRT": 0.02912621359223301,
        "VERB": 0.849009900990099,
        "X": 0.833578792341679,
        "<pad>": 0
    },
    "train_loss": 0.9932780265808105,
    "validation_accuracy": 0.6971864568431092,
    "validation_accuracy_per_label": {
        ".": 0.9437751004016064,
        "ADJ": 0.020202020202020204,
        "ADP": 0.8278145695364238,
        "ADV": 0.007751937984496124,
        "CONJ": 0.0,
        "DET": 0.8692307692307693,
        "NOUN": 0.8214285714285714,
        "NUM": 0.029411764705882353,
        "PRON": 0.8125,
        "PRT": 0.17543859649122806,
        "VERB": 0.8105849582172702,
        "X": 0.7653631284916201,
        "<pad>": 0
    },
    "validation_loss": 1.0396728515625,
    "epoch_num": 13
}