{
    "train_accuracy": 0.6369218174375767,
    "train_accuracy_per_label": {
        ".": 0.9272727272727272,
        "ADJ": 0.0,
        "ADP": 0.42413162705667273,
        "ADV": 0.0,
        "CONJ": 0.0,
        "DET": 0.6164705882352941,
        "NOUN": 0.8690476190476191,
        "NUM": 0.0,
        "PRON": 0.7080838323353293,
        "PRT": 0.0,
        "VERB": 0.7797029702970297,
        "X": 0.7069219440353461,
        "<pad>": 0
    },
    "train_loss": 1.392021894454956,
    "validation_accuracy": 0.6294706723891274,
    "validation_accuracy_per_label": {
        ".": 0.9357429718875502,
        "ADJ": 0.0,
        "ADP": 0.48344370860927155,
        "ADV": 0.0,
        "CONJ": 0.0,
        "DET": 0.6153846153846154,
        "NOUN": 0.8340336134453782,
        "NUM": 0.0,
        "PRON": 0.7083333333333334,
        "PRT": 0.0,
        "VERB": 0.7715877437325905,
        "X": 0.6927374301675978,
        "<pad>": 0
    },
    "validation_loss": 1.3849341869354248,
    "epoch_num": 9
}