{
    "train_accuracy": 0.9185427752762997,
    "train_accuracy_per_label": {
        ".": 0.9556818181818182,
        "ADJ": 0.7529761904761905,
        "ADP": 0.8957952468007313,
        "ADV": 0.8654822335025381,
        "CONJ": 0.9130434782608695,
        "DET": 0.9647058823529412,
        "NOUN": 0.9303571428571429,
        "NUM": 0.7943262411347518,
        "PRON": 0.9610778443113772,
        "PRT": 0.8592233009708737,
        "VERB": 0.9414191419141914,
        "X": 0.9057437407952872,
        "<pad>": 0
    },
    "train_loss": 0.35471999645233154,
    "validation_accuracy": 0.8397711015736766,
    "validation_accuracy_per_label": {
        ".": 0.9558232931726908,
        "ADJ": 0.5252525252525253,
        "ADP": 0.9072847682119205,
        "ADV": 0.6589147286821705,
        "CONJ": 0.9285714285714286,
        "DET": 0.9307692307692308,
        "NOUN": 0.7962184873949579,
        "NUM": 0.7352941176470589,
        "PRON": 0.9427083333333334,
        "PRT": 0.8596491228070176,
        "VERB": 0.8579387186629527,
        "X": 0.8212290502793296,
        "<pad>": 0
    },
    "validation_loss": 0.5611506104469299,
    "epoch_num": 27
}