{
    "train_accuracy": 0.8564606358302633,
    "train_accuracy_per_label": {
        ".": 0.9534090909090909,
        "ADJ": 0.43452380952380953,
        "ADP": 0.8446069469835467,
        "ADV": 0.6345177664974619,
        "CONJ": 0.6335403726708074,
        "DET": 0.9505882352941176,
        "NOUN": 0.9053571428571429,
        "NUM": 0.5106382978723404,
        "PRON": 0.9236526946107785,
        "PRT": 0.8252427184466019,
        "VERB": 0.9051155115511551,
        "X": 0.8792341678939617,
        "<pad>": 0
    },
    "train_loss": 0.6515747904777527,
    "validation_accuracy": 0.8059132093466858,
    "validation_accuracy_per_label": {
        ".": 0.9477911646586346,
        "ADJ": 0.26262626262626265,
        "ADP": 0.8741721854304636,
        "ADV": 0.5968992248062015,
        "CONJ": 0.6904761904761905,
        "DET": 0.9076923076923077,
        "NOUN": 0.8277310924369747,
        "NUM": 0.4411764705882353,
        "PRON": 0.8854166666666666,
        "PRT": 0.8245614035087719,
        "VERB": 0.8384401114206128,
        "X": 0.8100558659217877,
        "<pad>": 0
    },
    "validation_loss": 0.7623146176338196,
    "epoch_num": 18
}