{
    "train_accuracy": 0.7445763405648792,
    "train_accuracy_per_label": {
        ".": 0.9511363636363637,
        "ADJ": 0.06845238095238096,
        "ADP": 0.7897623400365631,
        "ADV": 0.030456852791878174,
        "CONJ": 0.037267080745341616,
        "DET": 0.92,
        "NOUN": 0.8851190476190476,
        "NUM": 0.09219858156028368,
        "PRON": 0.8413173652694611,
        "PRT": 0.32038834951456313,
        "VERB": 0.8704620462046204,
        "X": 0.8438880706921944,
        "<pad>": 0
    },
    "train_loss": 0.9127599596977234,
    "validation_accuracy": 0.7234144015259895,
    "validation_accuracy_per_label": {
        ".": 0.9437751004016064,
        "ADJ": 0.06060606060606061,
        "ADP": 0.8278145695364238,
        "ADV": 0.06201550387596899,
        "CONJ": 0.11904761904761904,
        "DET": 0.8846153846153846,
        "NOUN": 0.8235294117647058,
        "NUM": 0.14705882352941177,
        "PRON": 0.828125,
        "PRT": 0.6140350877192983,
        "VERB": 0.8161559888579387,
        "X": 0.776536312849162,
        "<pad>": 0
    },
    "validation_loss": 0.9719418287277222,
    "epoch_num": 14
}