{
    "train_accuracy": 0.7205621503615773,
    "train_accuracy_per_label": {
        ".": 0.9329545454545455,
        "ADJ": 0.4107142857142857,
        "ADP": 0.8628884826325411,
        "ADV": 0.6269035532994924,
        "CONJ": 0.8695652173913043,
        "DET": 0.9458823529411765,
        "NOUN": 0.6261904761904762,
        "NUM": 0.2765957446808511,
        "PRON": 0.9101796407185628,
        "PRT": 0.8640776699029126,
        "VERB": 0.7301980198019802,
        "X": 0.44035346097201766,
        "<pad>": 0
    },
    "train_loss": 1.0549476146697998,
    "validation_accuracy": 0.6108726752503576,
    "validation_accuracy_per_label": {
        ".": 0.9236947791164659,
        "ADJ": 0.25252525252525254,
        "ADP": 0.9072847682119205,
        "ADV": 0.5193798449612403,
        "CONJ": 0.9285714285714286,
        "DET": 0.9384615384615385,
        "NOUN": 0.35294117647058826,
        "NUM": 0.20588235294117646,
        "PRON": 0.9166666666666666,
        "PRT": 0.8771929824561403,
        "VERB": 0.5988857938718662,
        "X": 0.25139664804469275,
        "<pad>": 0
    },
    "validation_loss": 1.234154462814331,
    "epoch_num": 28
}