{
    "train_accuracy": 0.2812116250511666,
    "train_accuracy_per_label": {
        ".": 0.6636363636363637,
        "ADJ": 0.044642857142857144,
        "ADP": 0.42778793418647165,
        "ADV": 0.21573604060913706,
        "CONJ": 0.6149068322981367,
        "DET": 0.7482352941176471,
        "NOUN": 0.0625,
        "NUM": 0.028368794326241134,
        "PRON": 0.15419161676646706,
        "PRT": 0.7281553398058253,
        "VERB": 0.2079207920792079,
        "X": 0.16494845360824742,
        "<pad>": 0
    },
    "train_loss": 2.3504586219787598,
    "validation_accuracy": 0.27896995708154504,
    "validation_accuracy_per_label": {
        ".": 0.6947791164658634,
        "ADJ": 0.030303030303030304,
        "ADP": 0.5033112582781457,
        "ADV": 0.23255813953488372,
        "CONJ": 0.5714285714285714,
        "DET": 0.7307692307692307,
        "NOUN": 0.03361344537815126,
        "NUM": 0.029411764705882353,
        "PRON": 0.1875,
        "PRT": 0.7543859649122807,
        "VERB": 0.17827298050139276,
        "X": 0.1340782122905028,
        "<pad>": 0
    },
    "validation_loss": 2.269145965576172,
    "epoch_num": 3
}