{
    "train_accuracy": 0.642516032200846,
    "train_accuracy_per_label": {
        ".": 0.9193181818181818,
        "ADJ": 0.34523809523809523,
        "ADP": 0.8226691042047533,
        "ADV": 0.5710659898477157,
        "CONJ": 0.7701863354037267,
        "DET": 0.9152941176470588,
        "NOUN": 0.4875,
        "NUM": 0.20567375886524822,
        "PRON": 0.8413173652694611,
        "PRT": 0.8640776699029126,
        "VERB": 0.6518151815181518,
        "X": 0.32106038291605304,
        "<pad>": 0
    },
    "train_loss": 1.3211827278137207,
    "validation_accuracy": 0.5550786838340487,
    "validation_accuracy_per_label": {
        ".": 0.8835341365461847,
        "ADJ": 0.24242424242424243,
        "ADP": 0.8410596026490066,
        "ADV": 0.4573643410852713,
        "CONJ": 0.8571428571428571,
        "DET": 0.9,
        "NOUN": 0.3004201680672269,
        "NUM": 0.17647058823529413,
        "PRON": 0.7916666666666666,
        "PRT": 0.8771929824561403,
        "VERB": 0.5403899721448467,
        "X": 0.2011173184357542,
        "<pad>": 0
    },
    "validation_loss": 1.405500054359436,
    "epoch_num": 21
}