{
    "train_accuracy": 0.7840087324328012,
    "train_accuracy_per_label": {
        ".": 0.9431818181818182,
        "ADJ": 0.5833333333333334,
        "ADP": 0.8903107861060329,
        "ADV": 0.7258883248730964,
        "CONJ": 0.937888198757764,
        "DET": 0.9317647058823529,
        "NOUN": 0.7172619047619048,
        "NUM": 0.3191489361702128,
        "PRON": 0.9296407185628742,
        "PRT": 0.8737864077669902,
        "VERB": 0.8085808580858086,
        "X": 0.5434462444771723,
        "<pad>": 0
    },
    "train_loss": 0.8152700662612915,
    "validation_accuracy": 0.631378159275155,
    "validation_accuracy_per_label": {
        ".": 0.9236947791164659,
        "ADJ": 0.35353535353535354,
        "ADP": 0.9337748344370861,
        "ADV": 0.5658914728682171,
        "CONJ": 0.9285714285714286,
        "DET": 0.9,
        "NOUN": 0.36764705882352944,
        "NUM": 0.20588235294117646,
        "PRON": 0.9427083333333334,
        "PRT": 0.8771929824561403,
        "VERB": 0.6295264623955432,
        "X": 0.27932960893854747,
        "<pad>": 0
    },
    "validation_loss": 1.1047741174697876,
    "epoch_num": 36
}