{
    "train_accuracy": 0.9689051853562767,
    "train_accuracy_per_label": {
        "B-company": 0.6940298507462687,
        "B-facility": 0.15789473684210525,
        "B-geo-loc": 0.7236180904522613,
        "B-movie": 0.0,
        "B-musicartist": 0.023809523809523808,
        "B-other": 0.07407407407407407,
        "B-person": 0.8377581120943953,
        "B-product": 0.3717948717948718,
        "B-sportsteam": 0.075,
        "B-tvshow": 0.0,
        "I-company": 0.0,
        "I-facility": 0.3466666666666667,
        "I-geo-loc": 0.0,
        "I-movie": 0.0,
        "I-musicartist": 0.0,
        "I-other": 0.33472803347280333,
        "I-person": 0.673202614379085,
        "I-product": 0.046875,
        "I-sportsteam": 0.0,
        "I-tvshow": 0.0,
        "O": 0.9989939637826962,
        "<pad>": 0
    },
    "train_loss": 0.1331310123205185,
    "validation_accuracy": 0.9537375849451124,
    "validation_accuracy_per_label": {
        "B-company": 0.4166666666666667,
        "B-facility": 0.21428571428571427,
        "B-geo-loc": 0.4675324675324675,
        "B-movie": 0.0,
        "B-musicartist": 0.0,
        "B-other": 0.031746031746031744,
        "B-person": 0.7222222222222222,
        "B-product": 0.15789473684210525,
        "B-sportsteam": 0.09090909090909091,
        "B-tvshow": 0.0,
        "I-company": 0.0,
        "I-facility": 0.13793103448275862,
        "I-geo-loc": 0.0,
        "I-movie": 0.0,
        "I-musicartist": 0.0,
        "I-other": 0.16049382716049382,
        "I-person": 0.3770491803278688,
        "I-product": 0.0,
        "I-sportsteam": 0.0,
        "I-tvshow": 0.0,
        "O": 0.9916183107672469,
        "<pad>": 0
    },
    "validation_loss": 0.2291317731142044,
    "epoch_num": 15,
    "run_time": "0:01:49.274568"
}