{
    "train_accuracy": 0.8509065711975978,
    "train_accuracy_per_label": {
        "B-company": 0.029850746268656716,
        "B-facility": 0.0,
        "B-geo-loc": 0.03015075376884422,
        "B-movie": 0.0,
        "B-musicartist": 0.0,
        "B-other": 0.024691358024691357,
        "B-person": 0.0,
        "B-product": 0.0,
        "B-sportsteam": 0.0,
        "B-tvshow": 0.0,
        "I-company": 0.0,
        "I-facility": 0.02666666666666667,
        "I-geo-loc": 0.0,
        "I-movie": 0.05714285714285714,
        "I-musicartist": 0.0,
        "I-other": 0.0,
        "I-person": 0.0,
        "I-product": 0.0,
        "I-sportsteam": 0.0,
        "I-tvshow": 0.0,
        "O": 0.8979330528626304,
        "<pad>": 0
    },
    "train_loss": 1.3638784885406494,
    "validation_accuracy": 0.9458964976476738,
    "validation_accuracy_per_label": {
        "B-company": 0.0,
        "B-facility": 0.0,
        "B-geo-loc": 0.0,
        "B-movie": 0.0,
        "B-musicartist": 0.0,
        "B-other": 0.0,
        "B-person": 0.0,
        "B-product": 0.0,
        "B-sportsteam": 0.0,
        "B-tvshow": 0.0,
        "I-company": 0.0,
        "I-facility": 0.0,
        "I-geo-loc": 0.0,
        "I-movie": 0.0,
        "I-musicartist": 0.0,
        "I-other": 0.0,
        "I-person": 0.0,
        "I-product": 0.0,
        "I-sportsteam": 0.0,
        "I-tvshow": 0.0,
        "O": 1.0,
        "<pad>": 0
    },
    "validation_loss": 0.4015767276287079,
    "epoch_num": 0
}