{
    "train_accuracy": 0.9577607113985449,
    "train_accuracy_per_label": {
        "B-company": 0.5223880597014925,
        "B-facility": 0.0,
        "B-geo-loc": 0.457286432160804,
        "B-movie": 0.0,
        "B-musicartist": 0.0,
        "B-other": 0.0,
        "B-person": 0.672566371681416,
        "B-product": 0.0,
        "B-sportsteam": 0.0,
        "B-tvshow": 0.0,
        "I-company": 0.0,
        "I-facility": 0.02666666666666667,
        "I-geo-loc": 0.0,
        "I-movie": 0.0,
        "I-musicartist": 0.0,
        "I-other": 0.0502092050209205,
        "I-person": 0.05228758169934641,
        "I-product": 0.0,
        "I-sportsteam": 0.0,
        "I-tvshow": 0.0,
        "O": 0.9987805621608439,
        "<pad>": 0
    },
    "train_loss": 0.19156679511070251,
    "validation_accuracy": 0.9520822442934309,
    "validation_accuracy_per_label": {
        "B-company": 0.4444444444444444,
        "B-facility": 0.0,
        "B-geo-loc": 0.36363636363636365,
        "B-movie": 0.0,
        "B-musicartist": 0.0,
        "B-other": 0.0,
        "B-person": 0.6574074074074074,
        "B-product": 0.0,
        "B-sportsteam": 0.0,
        "B-tvshow": 0.0,
        "I-company": 0.0,
        "I-facility": 0.0,
        "I-geo-loc": 0.0,
        "I-movie": 0.0,
        "I-musicartist": 0.0,
        "I-other": 0.024691358024691357,
        "I-person": 0.0,
        "I-product": 0.0,
        "I-sportsteam": 0.0,
        "I-tvshow": 0.0,
        "O": 0.9957631021460809,
        "<pad>": 0
    },
    "validation_loss": 0.23831047117710114,
    "epoch_num": 9
}