{
    "train_accuracy": 0.9493013050005774,
    "train_accuracy_per_label": {
        "B-company": 0.08208955223880597,
        "B-facility": 0.0,
        "B-geo-loc": 0.01507537688442211,
        "B-movie": 0.0,
        "B-musicartist": 0.0,
        "B-other": 0.0,
        "B-person": 0.20058997050147492,
        "B-product": 0.0,
        "B-sportsteam": 0.0,
        "B-tvshow": 0.0,
        "I-company": 0.0,
        "I-facility": 0.0,
        "I-geo-loc": 0.0,
        "I-movie": 0.0,
        "I-musicartist": 0.0,
        "I-other": 0.0,
        "I-person": 0.0,
        "I-product": 0.0,
        "I-sportsteam": 0.0,
        "I-tvshow": 0.0,
        "O": 0.9998780562160844,
        "<pad>": 0
    },
    "train_loss": 0.2511230409145355,
    "validation_accuracy": 0.9482488238369053,
    "validation_accuracy_per_label": {
        "B-company": 0.2777777777777778,
        "B-facility": 0.0,
        "B-geo-loc": 0.025974025974025976,
        "B-movie": 0.0,
        "B-musicartist": 0.0,
        "B-other": 0.0,
        "B-person": 0.23148148148148148,
        "B-product": 0.0,
        "B-sportsteam": 0.0,
        "B-tvshow": 0.0,
        "I-company": 0.0,
        "I-facility": 0.0,
        "I-geo-loc": 0.0,
        "I-movie": 0.0,
        "I-musicartist": 0.0,
        "I-other": 0.012345679012345678,
        "I-person": 0.0,
        "I-product": 0.0,
        "I-sportsteam": 0.0,
        "I-tvshow": 0.0,
        "O": 0.9989868287740629,
        "<pad>": 0
    },
    "validation_loss": 0.26669079065322876,
    "epoch_num": 5
}