{
    "train_accuracy": 0.9617161335027139,
    "train_accuracy_per_label": {
        "B-company": 0.6194029850746269,
        "B-facility": 0.0,
        "B-geo-loc": 0.5829145728643216,
        "B-movie": 0.0,
        "B-musicartist": 0.0,
        "B-other": 0.0,
        "B-person": 0.7551622418879056,
        "B-product": 0.0641025641025641,
        "B-sportsteam": 0.0,
        "B-tvshow": 0.0,
        "I-company": 0.0,
        "I-facility": 0.12,
        "I-geo-loc": 0.0,
        "I-movie": 0.0,
        "I-musicartist": 0.0,
        "I-other": 0.11297071129707113,
        "I-person": 0.32679738562091504,
        "I-product": 0.0,
        "I-sportsteam": 0.0,
        "I-tvshow": 0.0,
        "O": 0.9988415340528016,
        "<pad>": 0
    },
    "train_loss": 0.17018115520477295,
    "validation_accuracy": 0.9536504617529187,
    "validation_accuracy_per_label": {
        "B-company": 0.4444444444444444,
        "B-facility": 0.0,
        "B-geo-loc": 0.42857142857142855,
        "B-movie": 0.0,
        "B-musicartist": 0.0,
        "B-other": 0.0,
        "B-person": 0.6944444444444444,
        "B-product": 0.0,
        "B-sportsteam": 0.0,
        "B-tvshow": 0.0,
        "I-company": 0.0,
        "I-facility": 0.10344827586206896,
        "I-geo-loc": 0.0,
        "I-movie": 0.0,
        "I-musicartist": 0.0,
        "I-other": 0.06172839506172839,
        "I-person": 0.19672131147540983,
        "I-product": 0.0,
        "I-sportsteam": 0.0,
        "I-tvshow": 0.0,
        "O": 0.9949341438703141,
        "<pad>": 0
    },
    "validation_loss": 0.23275043070316315,
    "epoch_num": 11
}