{
    "train_accuracy": 0.9719078415521423,
    "train_accuracy_per_label": {
        "B-company": 0.7164179104477612,
        "B-facility": 0.27631578947368424,
        "B-geo-loc": 0.7587939698492462,
        "B-movie": 0.0,
        "B-musicartist": 0.023809523809523808,
        "B-other": 0.13580246913580246,
        "B-person": 0.8613569321533924,
        "B-product": 0.5,
        "B-sportsteam": 0.175,
        "B-tvshow": 0.0,
        "I-company": 0.0,
        "I-facility": 0.48,
        "I-geo-loc": 0.0,
        "I-movie": 0.0,
        "I-musicartist": 0.0,
        "I-other": 0.46443514644351463,
        "I-person": 0.7320261437908496,
        "I-product": 0.109375,
        "I-sportsteam": 0.0,
        "I-tvshow": 0.0,
        "O": 0.9989634778367172,
        "<pad>": 0
    },
    "train_loss": 0.11683429777622223,
    "validation_accuracy": 0.9531277225997561,
    "validation_accuracy_per_label": {
        "B-company": 0.4166666666666667,
        "B-facility": 0.21428571428571427,
        "B-geo-loc": 0.45454545454545453,
        "B-movie": 0.0,
        "B-musicartist": 0.0,
        "B-other": 0.047619047619047616,
        "B-person": 0.7222222222222222,
        "B-product": 0.2631578947368421,
        "B-sportsteam": 0.09090909090909091,
        "B-tvshow": 0.0,
        "I-company": 0.0,
        "I-facility": 0.20689655172413793,
        "I-geo-loc": 0.0,
        "I-movie": 0.0,
        "I-musicartist": 0.0,
        "I-other": 0.20987654320987653,
        "I-person": 0.4262295081967213,
        "I-product": 0.0,
        "I-sportsteam": 0.0,
        "I-tvshow": 0.0,
        "O": 0.9899603942157134,
        "<pad>": 0
    },
    "validation_loss": 0.23041298985481262,
    "epoch_num": 17
}