{
    "train_accuracy": 0.956057281441275,
    "train_accuracy_per_label": {
        "B-company": 0.44776119402985076,
        "B-facility": 0.0,
        "B-geo-loc": 0.31155778894472363,
        "B-movie": 0.0,
        "B-musicartist": 0.0,
        "B-other": 0.0,
        "B-person": 0.6460176991150443,
        "B-product": 0.0,
        "B-sportsteam": 0.0,
        "B-tvshow": 0.0,
        "I-company": 0.0,
        "I-facility": 0.013333333333333334,
        "I-geo-loc": 0.0,
        "I-movie": 0.0,
        "I-musicartist": 0.0,
        "I-other": 0.02510460251046025,
        "I-person": 0.013071895424836602,
        "I-product": 0.0,
        "I-sportsteam": 0.0,
        "I-tvshow": 0.0,
        "O": 0.9988415340528016,
        "<pad>": 0
    },
    "train_loss": 0.20357704162597656,
    "validation_accuracy": 0.9522564906778185,
    "validation_accuracy_per_label": {
        "B-company": 0.4444444444444444,
        "B-facility": 0.0,
        "B-geo-loc": 0.2987012987012987,
        "B-movie": 0.0,
        "B-musicartist": 0.0,
        "B-other": 0.0,
        "B-person": 0.6388888888888888,
        "B-product": 0.0,
        "B-sportsteam": 0.0,
        "B-tvshow": 0.0,
        "I-company": 0.0,
        "I-facility": 0.0,
        "I-geo-loc": 0.0,
        "I-movie": 0.0,
        "I-musicartist": 0.0,
        "I-other": 0.024691358024691357,
        "I-person": 0.0,
        "I-product": 0.0,
        "I-sportsteam": 0.0,
        "I-tvshow": 0.0,
        "O": 0.9965920604218477,
        "<pad>": 0
    },
    "validation_loss": 0.24254661798477173,
    "epoch_num": 8
}