{
    "train_accuracy": 0.9669130384570966,
    "train_accuracy_per_label": {
        "B-company": 0.6791044776119403,
        "B-facility": 0.13157894736842105,
        "B-geo-loc": 0.7085427135678392,
        "B-movie": 0.0,
        "B-musicartist": 0.0,
        "B-other": 0.04938271604938271,
        "B-person": 0.8230088495575221,
        "B-product": 0.2564102564102564,
        "B-sportsteam": 0.075,
        "B-tvshow": 0.0,
        "I-company": 0.0,
        "I-facility": 0.32,
        "I-geo-loc": 0.0,
        "I-movie": 0.0,
        "I-musicartist": 0.0,
        "I-other": 0.25523012552301255,
        "I-person": 0.5947712418300654,
        "I-product": 0.0,
        "I-sportsteam": 0.0,
        "I-tvshow": 0.0,
        "O": 0.9987805621608439,
        "<pad>": 0
    },
    "train_loss": 0.14183259010314941,
    "validation_accuracy": 0.9540860777138874,
    "validation_accuracy_per_label": {
        "B-company": 0.4444444444444444,
        "B-facility": 0.14285714285714285,
        "B-geo-loc": 0.4675324675324675,
        "B-movie": 0.0,
        "B-musicartist": 0.0,
        "B-other": 0.015873015873015872,
        "B-person": 0.7314814814814815,
        "B-product": 0.10526315789473684,
        "B-sportsteam": 0.0,
        "B-tvshow": 0.0,
        "I-company": 0.0,
        "I-facility": 0.13793103448275862,
        "I-geo-loc": 0.0,
        "I-movie": 0.0,
        "I-musicartist": 0.0,
        "I-other": 0.14814814814814814,
        "I-person": 0.36065573770491804,
        "I-product": 0.0,
        "I-sportsteam": 0.0,
        "I-tvshow": 0.0,
        "O": 0.9924472690430137,
        "<pad>": 0
    },
    "validation_loss": 0.2291935533285141,
    "epoch_num": 14
}