{
    "train_accuracy": 0.9632174616006467,
    "train_accuracy_per_label": {
        "B-company": 0.6567164179104478,
        "B-facility": 0.013157894736842105,
        "B-geo-loc": 0.6080402010050251,
        "B-movie": 0.0,
        "B-musicartist": 0.0,
        "B-other": 0.012345679012345678,
        "B-person": 0.7905604719764012,
        "B-product": 0.08974358974358974,
        "B-sportsteam": 0.0,
        "B-tvshow": 0.0,
        "I-company": 0.0,
        "I-facility": 0.17333333333333334,
        "I-geo-loc": 0.0,
        "I-movie": 0.0,
        "I-musicartist": 0.0,
        "I-other": 0.14225941422594143,
        "I-person": 0.41830065359477125,
        "I-product": 0.0,
        "I-sportsteam": 0.0,
        "I-tvshow": 0.0,
        "O": 0.9988415340528016,
        "<pad>": 0
    },
    "train_loss": 0.16033664345741272,
    "validation_accuracy": 0.9533019689841435,
    "validation_accuracy_per_label": {
        "B-company": 0.4444444444444444,
        "B-facility": 0.0,
        "B-geo-loc": 0.45454545454545453,
        "B-movie": 0.0,
        "B-musicartist": 0.0,
        "B-other": 0.0,
        "B-person": 0.7037037037037037,
        "B-product": 0.0,
        "B-sportsteam": 0.0,
        "B-tvshow": 0.0,
        "I-company": 0.0,
        "I-facility": 0.10344827586206896,
        "I-geo-loc": 0.0,
        "I-movie": 0.0,
        "I-musicartist": 0.0,
        "I-other": 0.09876543209876543,
        "I-person": 0.21311475409836064,
        "I-product": 0.0,
        "I-sportsteam": 0.0,
        "I-tvshow": 0.0,
        "O": 0.993920972644377,
        "<pad>": 0
    },
    "validation_loss": 0.2309911698102951,
    "epoch_num": 12
}