{
    "train_accuracy": 0.9651807368056358,
    "train_accuracy_per_label": {
        "B-company": 0.664179104477612,
        "B-facility": 0.07894736842105263,
        "B-geo-loc": 0.6733668341708543,
        "B-movie": 0.0,
        "B-musicartist": 0.0,
        "B-other": 0.030864197530864196,
        "B-person": 0.8053097345132744,
        "B-product": 0.16666666666666666,
        "B-sportsteam": 0.0,
        "B-tvshow": 0.0,
        "I-company": 0.0,
        "I-facility": 0.24,
        "I-geo-loc": 0.0,
        "I-movie": 0.0,
        "I-musicartist": 0.0,
        "I-other": 0.19665271966527198,
        "I-person": 0.5294117647058824,
        "I-product": 0.0,
        "I-sportsteam": 0.0,
        "I-tvshow": 0.0,
        "O": 0.9988415340528016,
        "<pad>": 0
    },
    "train_loss": 0.15089580416679382,
    "validation_accuracy": 0.9540860777138874,
    "validation_accuracy_per_label": {
        "B-company": 0.4444444444444444,
        "B-facility": 0.10714285714285714,
        "B-geo-loc": 0.4675324675324675,
        "B-movie": 0.0,
        "B-musicartist": 0.0,
        "B-other": 0.015873015873015872,
        "B-person": 0.7222222222222222,
        "B-product": 0.05263157894736842,
        "B-sportsteam": 0.0,
        "B-tvshow": 0.0,
        "I-company": 0.0,
        "I-facility": 0.13793103448275862,
        "I-geo-loc": 0.0,
        "I-movie": 0.0,
        "I-musicartist": 0.0,
        "I-other": 0.13580246913580246,
        "I-person": 0.2786885245901639,
        "I-product": 0.0,
        "I-sportsteam": 0.0,
        "I-tvshow": 0.0,
        "O": 0.9932762273187805,
        "<pad>": 0
    },
    "validation_loss": 0.2298097312450409,
    "epoch_num": 13
}