{
    "train_accuracy": 0.9749682411363899,
    "train_accuracy_per_label": {
        "B-company": 0.7238805970149254,
        "B-facility": 0.35526315789473684,
        "B-geo-loc": 0.7788944723618091,
        "B-movie": 0.0,
        "B-musicartist": 0.09523809523809523,
        "B-other": 0.2839506172839506,
        "B-person": 0.8820058997050148,
        "B-product": 0.5384615384615384,
        "B-sportsteam": 0.2,
        "B-tvshow": 0.0,
        "I-company": 0.0,
        "I-facility": 0.56,
        "I-geo-loc": 0.0,
        "I-movie": 0.0,
        "I-musicartist": 0.0,
        "I-other": 0.5983263598326359,
        "I-person": 0.7973856209150327,
        "I-product": 0.25,
        "I-sportsteam": 0.21052631578947367,
        "I-tvshow": 0.0,
        "O": 0.9988415340528016,
        "<pad>": 0
    },
    "train_loss": 0.10214496403932571,
    "validation_accuracy": 0.9533890921763374,
    "validation_accuracy_per_label": {
        "B-company": 0.4444444444444444,
        "B-facility": 0.21428571428571427,
        "B-geo-loc": 0.45454545454545453,
        "B-movie": 0.0,
        "B-musicartist": 0.0,
        "B-other": 0.06349206349206349,
        "B-person": 0.7314814814814815,
        "B-product": 0.2631578947368421,
        "B-sportsteam": 0.18181818181818182,
        "B-tvshow": 0.0,
        "I-company": 0.0,
        "I-facility": 0.2413793103448276,
        "I-geo-loc": 0.0,
        "I-movie": 0.0,
        "I-musicartist": 0.0,
        "I-other": 0.2839506172839506,
        "I-person": 0.45901639344262296,
        "I-product": 0.25,
        "I-sportsteam": 0.0,
        "I-tvshow": 0.0,
        "O": 0.9886709035645206,
        "<pad>": 0
    },
    "validation_loss": 0.23279263079166412,
    "epoch_num": 19
}