{
    "train_accuracy": 0.9598683450744889,
    "train_accuracy_per_label": {
        "B-company": 0.5895522388059702,
        "B-facility": 0.0,
        "B-geo-loc": 0.542713567839196,
        "B-movie": 0.0,
        "B-musicartist": 0.0,
        "B-other": 0.0,
        "B-person": 0.7079646017699115,
        "B-product": 0.01282051282051282,
        "B-sportsteam": 0.0,
        "B-tvshow": 0.0,
        "I-company": 0.0,
        "I-facility": 0.09333333333333334,
        "I-geo-loc": 0.0,
        "I-movie": 0.0,
        "I-musicartist": 0.0,
        "I-other": 0.0794979079497908,
        "I-person": 0.20261437908496732,
        "I-product": 0.0,
        "I-sportsteam": 0.0,
        "I-tvshow": 0.0,
        "O": 0.998750076214865,
        "<pad>": 0
    },
    "train_loss": 0.18052732944488525,
    "validation_accuracy": 0.9531277225997561,
    "validation_accuracy_per_label": {
        "B-company": 0.4444444444444444,
        "B-facility": 0.0,
        "B-geo-loc": 0.42857142857142855,
        "B-movie": 0.0,
        "B-musicartist": 0.0,
        "B-other": 0.0,
        "B-person": 0.6666666666666666,
        "B-product": 0.0,
        "B-sportsteam": 0.0,
        "B-tvshow": 0.0,
        "I-company": 0.0,
        "I-facility": 0.10344827586206896,
        "I-geo-loc": 0.0,
        "I-movie": 0.0,
        "I-musicartist": 0.0,
        "I-other": 0.04938271604938271,
        "I-person": 0.09836065573770492,
        "I-product": 0.0,
        "I-sportsteam": 0.0,
        "I-tvshow": 0.0,
        "O": 0.9953025697706549,
        "<pad>": 0
    },
    "validation_loss": 0.23514187335968018,
    "epoch_num": 10
}