{
    "train_accuracy": 0.9706086153135466,
    "train_accuracy_per_label": {
        "B-company": 0.7014925373134329,
        "B-facility": 0.25,
        "B-geo-loc": 0.7537688442211056,
        "B-movie": 0.0,
        "B-musicartist": 0.023809523809523808,
        "B-other": 0.09876543209876543,
        "B-person": 0.8436578171091446,
        "B-product": 0.47435897435897434,
        "B-sportsteam": 0.1,
        "B-tvshow": 0.0,
        "I-company": 0.0,
        "I-facility": 0.41333333333333333,
        "I-geo-loc": 0.0,
        "I-movie": 0.0,
        "I-musicartist": 0.0,
        "I-other": 0.4100418410041841,
        "I-person": 0.7058823529411765,
        "I-product": 0.0625,
        "I-sportsteam": 0.05263157894736842,
        "I-tvshow": 0.0,
        "O": 0.9989939637826962,
        "<pad>": 0
    },
    "train_loss": 0.1247895136475563,
    "validation_accuracy": 0.9533890921763374,
    "validation_accuracy_per_label": {
        "B-company": 0.4166666666666667,
        "B-facility": 0.21428571428571427,
        "B-geo-loc": 0.45454545454545453,
        "B-movie": 0.0,
        "B-musicartist": 0.0,
        "B-other": 0.047619047619047616,
        "B-person": 0.7314814814814815,
        "B-product": 0.2631578947368421,
        "B-sportsteam": 0.09090909090909091,
        "B-tvshow": 0.0,
        "I-company": 0.0,
        "I-facility": 0.13793103448275862,
        "I-geo-loc": 0.0,
        "I-movie": 0.0,
        "I-musicartist": 0.0,
        "I-other": 0.20987654320987653,
        "I-person": 0.39344262295081966,
        "I-product": 0.0,
        "I-sportsteam": 0.0,
        "I-tvshow": 0.0,
        "O": 0.9905130330662245,
        "<pad>": 0
    },
    "validation_loss": 0.22957631945610046,
    "epoch_num": 16
}