{
    "train_accuracy": 0.973322554567502,
    "train_accuracy_per_label": {
        "B-company": 0.7089552238805971,
        "B-facility": 0.34210526315789475,
        "B-geo-loc": 0.7638190954773869,
        "B-movie": 0.0,
        "B-musicartist": 0.023809523809523808,
        "B-other": 0.19753086419753085,
        "B-person": 0.8702064896755162,
        "B-product": 0.5384615384615384,
        "B-sportsteam": 0.2,
        "B-tvshow": 0.0,
        "I-company": 0.0,
        "I-facility": 0.5466666666666666,
        "I-geo-loc": 0.0,
        "I-movie": 0.0,
        "I-musicartist": 0.0,
        "I-other": 0.5313807531380753,
        "I-person": 0.7647058823529411,
        "I-product": 0.140625,
        "I-sportsteam": 0.10526315789473684,
        "I-tvshow": 0.0,
        "O": 0.9988720199987806,
        "<pad>": 0
    },
    "train_loss": 0.10929092764854431,
    "validation_accuracy": 0.9537375849451124,
    "validation_accuracy_per_label": {
        "B-company": 0.4444444444444444,
        "B-facility": 0.21428571428571427,
        "B-geo-loc": 0.45454545454545453,
        "B-movie": 0.0,
        "B-musicartist": 0.0,
        "B-other": 0.06349206349206349,
        "B-person": 0.7222222222222222,
        "B-product": 0.2631578947368421,
        "B-sportsteam": 0.09090909090909091,
        "B-tvshow": 0.0,
        "I-company": 0.0,
        "I-facility": 0.2413793103448276,
        "I-geo-loc": 0.0,
        "I-movie": 0.0,
        "I-musicartist": 0.0,
        "I-other": 0.2716049382716049,
        "I-person": 0.45901639344262296,
        "I-product": 0.125,
        "I-sportsteam": 0.0,
        "I-tvshow": 0.0,
        "O": 0.9894998618402874,
        "<pad>": 0
    },
    "validation_loss": 0.23150873184204102,
    "epoch_num": 18
}