{
    "train_accuracy": 0.9512357085113754,
    "train_accuracy_per_label": {
        "B-company": 0.1791044776119403,
        "B-facility": 0.0,
        "B-geo-loc": 0.07035175879396985,
        "B-movie": 0.0,
        "B-musicartist": 0.0,
        "B-other": 0.0,
        "B-person": 0.22713864306784662,
        "B-product": 0.0,
        "B-sportsteam": 0.0,
        "B-tvshow": 0.0,
        "I-company": 0.0,
        "I-facility": 0.013333333333333334,
        "I-geo-loc": 0.0,
        "I-movie": 0.0,
        "I-musicartist": 0.0,
        "I-other": 0.09205020920502092,
        "I-person": 0.13071895424836602,
        "I-product": 0.0,
        "I-sportsteam": 0.0,
        "I-tvshow": 0.0,
        "O": 0.9996036827022743,
        "<pad>": 0
    },
    "train_loss": 0.1944868266582489,
    "validation_accuracy": 0.9477260846837429,
    "validation_accuracy_per_label": {
        "B-company": 0.16666666666666666,
        "B-facility": 0.0,
        "B-geo-loc": 0.025974025974025976,
        "B-movie": 0.0,
        "B-musicartist": 0.0,
        "B-other": 0.0,
        "B-person": 0.17592592592592593,
        "B-product": 0.0,
        "B-sportsteam": 0.0,
        "B-tvshow": 0.0,
        "I-company": 0.0,
        "I-facility": 0.0,
        "I-geo-loc": 0.0,
        "I-movie": 0.0,
        "I-musicartist": 0.0,
        "I-other": 0.037037037037037035,
        "I-person": 0.04918032786885246,
        "I-product": 0.0,
        "I-sportsteam": 0.0,
        "I-tvshow": 0.0,
        "O": 0.9988947222989776,
        "<pad>": 0
    },
    "validation_loss": 0.30547037720680237,
    "epoch_num": 17
}