{
    "train_accuracy": 0.9496477653308696,
    "train_accuracy_per_label": {
        "B-company": 0.16417910447761194,
        "B-facility": 0.0,
        "B-geo-loc": 0.03015075376884422,
        "B-movie": 0.0,
        "B-musicartist": 0.0,
        "B-other": 0.0,
        "B-person": 0.14749262536873156,
        "B-product": 0.0,
        "B-sportsteam": 0.0,
        "B-tvshow": 0.0,
        "I-company": 0.0,
        "I-facility": 0.0,
        "I-geo-loc": 0.0,
        "I-movie": 0.0,
        "I-musicartist": 0.0,
        "I-other": 0.04602510460251046,
        "I-person": 0.06535947712418301,
        "I-product": 0.0,
        "I-sportsteam": 0.0,
        "I-tvshow": 0.0,
        "O": 0.9997256264861899,
        "<pad>": 0
    },
    "train_loss": 0.205741286277771,
    "validation_accuracy": 0.947638961491549,
    "validation_accuracy_per_label": {
        "B-company": 0.16666666666666666,
        "B-facility": 0.0,
        "B-geo-loc": 0.012987012987012988,
        "B-movie": 0.0,
        "B-musicartist": 0.0,
        "B-other": 0.0,
        "B-person": 0.1574074074074074,
        "B-product": 0.0,
        "B-sportsteam": 0.0,
        "B-tvshow": 0.0,
        "I-company": 0.0,
        "I-facility": 0.0,
        "I-geo-loc": 0.0,
        "I-movie": 0.0,
        "I-musicartist": 0.0,
        "I-other": 0.012345679012345678,
        "I-person": 0.01639344262295082,
        "I-product": 0.0,
        "I-sportsteam": 0.0,
        "I-tvshow": 0.0,
        "O": 0.9994473611494888,
        "<pad>": 0
    },
    "validation_loss": 0.30408746004104614,
    "epoch_num": 16
}