{
    "train_accuracy": 0.948406282480656,
    "train_accuracy_per_label": {
        "B-company": 0.11940298507462686,
        "B-facility": 0.0,
        "B-geo-loc": 0.010050251256281407,
        "B-movie": 0.0,
        "B-musicartist": 0.0,
        "B-other": 0.0,
        "B-person": 0.07374631268436578,
        "B-product": 0.0,
        "B-sportsteam": 0.0,
        "B-tvshow": 0.0,
        "I-company": 0.0,
        "I-facility": 0.0,
        "I-geo-loc": 0.0,
        "I-movie": 0.0,
        "I-musicartist": 0.0,
        "I-other": 0.016736401673640166,
        "I-person": 0.032679738562091505,
        "I-product": 0.0,
        "I-sportsteam": 0.0,
        "I-tvshow": 0.0,
        "O": 0.9998475702701055,
        "<pad>": 0
    },
    "train_loss": 0.2174472063779831,
    "validation_accuracy": 0.9467677295696114,
    "validation_accuracy_per_label": {
        "B-company": 0.08333333333333333,
        "B-facility": 0.0,
        "B-geo-loc": 0.012987012987012988,
        "B-movie": 0.0,
        "B-musicartist": 0.0,
        "B-other": 0.0,
        "B-person": 0.08333333333333333,
        "B-product": 0.0,
        "B-sportsteam": 0.0,
        "B-tvshow": 0.0,
        "I-company": 0.0,
        "I-facility": 0.0,
        "I-geo-loc": 0.0,
        "I-movie": 0.0,
        "I-musicartist": 0.0,
        "I-other": 0.0,
        "I-person": 0.0,
        "I-product": 0.0,
        "I-sportsteam": 0.0,
        "I-tvshow": 0.0,
        "O": 0.9997236805747444,
        "<pad>": 0
    },
    "validation_loss": 0.30295103788375854,
    "epoch_num": 15
}