{
    "train_accuracy": 0.952275089502252,
    "train_accuracy_per_label": {
        "B-company": 0.208955223880597,
        "B-facility": 0.0,
        "B-geo-loc": 0.11557788944723618,
        "B-movie": 0.0,
        "B-musicartist": 0.0,
        "B-other": 0.0,
        "B-person": 0.26843657817109146,
        "B-product": 0.0,
        "B-sportsteam": 0.0,
        "B-tvshow": 0.0,
        "I-company": 0.0,
        "I-facility": 0.02666666666666667,
        "I-geo-loc": 0.0,
        "I-movie": 0.0,
        "I-musicartist": 0.0,
        "I-other": 0.11715481171548117,
        "I-person": 0.16339869281045752,
        "I-product": 0.0,
        "I-sportsteam": 0.0,
        "I-tvshow": 0.0,
        "O": 0.9995122248643376,
        "<pad>": 0
    },
    "train_loss": 0.18371757864952087,
    "validation_accuracy": 0.9481617006447116,
    "validation_accuracy_per_label": {
        "B-company": 0.25,
        "B-facility": 0.0,
        "B-geo-loc": 0.05194805194805195,
        "B-movie": 0.0,
        "B-musicartist": 0.0,
        "B-other": 0.0,
        "B-person": 0.21296296296296297,
        "B-product": 0.0,
        "B-sportsteam": 0.0,
        "B-tvshow": 0.0,
        "I-company": 0.0,
        "I-facility": 0.0,
        "I-geo-loc": 0.0,
        "I-movie": 0.0,
        "I-musicartist": 0.0,
        "I-other": 0.04938271604938271,
        "I-person": 0.04918032786885246,
        "I-product": 0.0,
        "I-sportsteam": 0.0,
        "I-tvshow": 0.0,
        "O": 0.9984341899235516,
        "<pad>": 0
    },
    "validation_loss": 0.30679216980934143,
    "epoch_num": 18
}