{
    "train_accuracy": 0.9538919043769488,
    "train_accuracy_per_label": {
        "B-company": 0.2537313432835821,
        "B-facility": 0.013157894736842105,
        "B-geo-loc": 0.1407035175879397,
        "B-movie": 0.0,
        "B-musicartist": 0.0,
        "B-other": 0.0,
        "B-person": 0.31268436578171094,
        "B-product": 0.0,
        "B-sportsteam": 0.0,
        "B-tvshow": 0.0,
        "I-company": 0.0,
        "I-facility": 0.06666666666666667,
        "I-geo-loc": 0.0,
        "I-movie": 0.0,
        "I-musicartist": 0.0,
        "I-other": 0.19665271966527198,
        "I-person": 0.22875816993464052,
        "I-product": 0.0,
        "I-sportsteam": 0.0,
        "I-tvshow": 0.0,
        "O": 0.9994207670264008,
        "<pad>": 0
    },
    "train_loss": 0.17343644797801971,
    "validation_accuracy": 0.9480745774525179,
    "validation_accuracy_per_label": {
        "B-company": 0.25,
        "B-facility": 0.0,
        "B-geo-loc": 0.06493506493506493,
        "B-movie": 0.0,
        "B-musicartist": 0.0,
        "B-other": 0.0,
        "B-person": 0.2222222222222222,
        "B-product": 0.0,
        "B-sportsteam": 0.0,
        "B-tvshow": 0.0,
        "I-company": 0.0,
        "I-facility": 0.0,
        "I-geo-loc": 0.0,
        "I-movie": 0.0,
        "I-musicartist": 0.0,
        "I-other": 0.04938271604938271,
        "I-person": 0.06557377049180328,
        "I-product": 0.0,
        "I-sportsteam": 0.0,
        "I-tvshow": 0.0,
        "O": 0.9980657640232108,
        "<pad>": 0
    },
    "validation_loss": 0.30863749980926514,
    "epoch_num": 19
}